
/home/yuhkuro/projects/numlocked/firmware_simple/build/numlocked.elf:     file format elf32-littlearm

Sections:
Idx Name          Size      VMA       LMA       File off  Algn
  0 .boot2        00000100  10000000  10000000  00001000  2**0
                  CONTENTS, ALLOC, LOAD, READONLY, CODE
  1 .text         00008258  10000100  10000100  00001100  2**3
                  CONTENTS, ALLOC, LOAD, READONLY, CODE
  2 .rodata       00003a40  10008358  10008358  00009358  2**3
                  CONTENTS, ALLOC, LOAD, READONLY, DATA
  3 .binary_info  00000020  1000bd98  1000bd98  0000cd98  2**2
                  CONTENTS, ALLOC, LOAD, READONLY, DATA
  4 .ram_vector_table 000000c0  20000000  20000000  0000f000  2**2
                  ALLOC
  5 .uninitialized_data 00000000  200000c0  200000c0  0000e750  2**0
                  CONTENTS
  6 .data         00001690  200000c0  1000bdb8  0000d0c0  2**4
                  CONTENTS, ALLOC, LOAD, READONLY, CODE
  7 .tdata        00000000  20001750  20001750  0000e750  2**0
                  CONTENTS, ALLOC, LOAD, DATA, THREAD_LOCAL
  8 .tbss         00000000  20001750  20001750  00000000  2**0
                  ALLOC, THREAD_LOCAL
  9 .bss          00000f48  20001750  1000d448  0000e750  2**3
                  ALLOC
 10 .heap         0003d968  20002698  1000d448  0000f698  2**2
                  ALLOC, READONLY
 11 .scratch_x    00000000  20040000  20040000  0000e750  2**0
                  CONTENTS
 12 .scratch_y    00000000  20041000  20041000  0000e750  2**0
                  CONTENTS
 13 .stack1_dummy 00000800  20040000  20040000  0000f000  2**2
                  ALLOC
 14 .stack_dummy  00000800  20041000  20041000  0000e760  2**5
                  CONTENTS, READONLY
 15 .ARM.attributes 00000028  00000000  00000000  0000ef60  2**0
                  CONTENTS, READONLY
 16 .comment      00000026  00000000  00000000  0000ef88  2**0
                  CONTENTS, READONLY
 17 .debug_info   0003e098  00000000  00000000  0000efae  2**0
                  CONTENTS, READONLY, DEBUGGING, OCTETS
 18 .debug_abbrev 0000b864  00000000  00000000  0004d046  2**0
                  CONTENTS, READONLY, DEBUGGING, OCTETS
 19 .debug_loclists 0001fe7c  00000000  00000000  000588aa  2**0
                  CONTENTS, READONLY, DEBUGGING, OCTETS
 20 .debug_aranges 00001a38  00000000  00000000  00078728  2**3
                  CONTENTS, READONLY, DEBUGGING, OCTETS
 21 .debug_rnglists 00004a61  00000000  00000000  0007a160  2**0
                  CONTENTS, READONLY, DEBUGGING, OCTETS
 22 .debug_line   000279cd  00000000  00000000  0007ebc1  2**0
                  CONTENTS, READONLY, DEBUGGING, OCTETS
 23 .debug_str    0000ab1b  00000000  00000000  000a658e  2**0
                  CONTENTS, READONLY, DEBUGGING, OCTETS
 24 .debug_frame  000038fc  00000000  00000000  000b10ac  2**2
                  CONTENTS, READONLY, DEBUGGING, OCTETS
 25 .debug_line_str 00000321  00000000  00000000  000b49a8  2**0
                  CONTENTS, READONLY, DEBUGGING, OCTETS

/home/yuhkuro/projects/numlocked/firmware_simple/build/numlocked.elf:     file format elf32-littlearm


Disassembly of section .boot2:

10000000 <__boot2_start__>:
10000000:	4b32b500 	.word	0x4b32b500
10000004:	60582021 	.word	0x60582021
10000008:	21026898 	.word	0x21026898
1000000c:	60984388 	.word	0x60984388
10000010:	611860d8 	.word	0x611860d8
10000014:	4b2e6158 	.word	0x4b2e6158
10000018:	60992100 	.word	0x60992100
1000001c:	61592102 	.word	0x61592102
10000020:	22f02101 	.word	0x22f02101
10000024:	492b5099 	.word	0x492b5099
10000028:	21016019 	.word	0x21016019
1000002c:	20356099 	.word	0x20356099
10000030:	f844f000 	.word	0xf844f000
10000034:	42902202 	.word	0x42902202
10000038:	2106d014 	.word	0x2106d014
1000003c:	f0006619 	.word	0xf0006619
10000040:	6e19f834 	.word	0x6e19f834
10000044:	66192101 	.word	0x66192101
10000048:	66182000 	.word	0x66182000
1000004c:	f000661a 	.word	0xf000661a
10000050:	6e19f82c 	.word	0x6e19f82c
10000054:	6e196e19 	.word	0x6e196e19
10000058:	f0002005 	.word	0xf0002005
1000005c:	2101f82f 	.word	0x2101f82f
10000060:	d1f94208 	.word	0xd1f94208
10000064:	60992100 	.word	0x60992100
10000068:	6019491b 	.word	0x6019491b
1000006c:	60592100 	.word	0x60592100
10000070:	481b491a 	.word	0x481b491a
10000074:	21016001 	.word	0x21016001
10000078:	21eb6099 	.word	0x21eb6099
1000007c:	21a06619 	.word	0x21a06619
10000080:	f0006619 	.word	0xf0006619
10000084:	2100f812 	.word	0x2100f812
10000088:	49166099 	.word	0x49166099
1000008c:	60014814 	.word	0x60014814
10000090:	60992101 	.word	0x60992101
10000094:	2800bc01 	.word	0x2800bc01
10000098:	4700d000 	.word	0x4700d000
1000009c:	49134812 	.word	0x49134812
100000a0:	c8036008 	.word	0xc8036008
100000a4:	8808f380 	.word	0x8808f380
100000a8:	b5034708 	.word	0xb5034708
100000ac:	20046a99 	.word	0x20046a99
100000b0:	d0fb4201 	.word	0xd0fb4201
100000b4:	42012001 	.word	0x42012001
100000b8:	bd03d1f8 	.word	0xbd03d1f8
100000bc:	6618b502 	.word	0x6618b502
100000c0:	f7ff6618 	.word	0xf7ff6618
100000c4:	6e18fff2 	.word	0x6e18fff2
100000c8:	bd026e18 	.word	0xbd026e18
100000cc:	40020000 	.word	0x40020000
100000d0:	18000000 	.word	0x18000000
100000d4:	00070000 	.word	0x00070000
100000d8:	005f0300 	.word	0x005f0300
100000dc:	00002221 	.word	0x00002221
100000e0:	180000f4 	.word	0x180000f4
100000e4:	a0002022 	.word	0xa0002022
100000e8:	10000100 	.word	0x10000100
100000ec:	e000ed08 	.word	0xe000ed08
	...
100000fc:	7a4eb274 	.word	0x7a4eb274

Disassembly of section .text:

10000100 <__VECTOR_TABLE>:
10000100:	20042000 	.word	0x20042000
10000104:	100001f7 	.word	0x100001f7
10000108:	100001c3 	.word	0x100001c3
1000010c:	100001c5 	.word	0x100001c5
10000110:	100001c1 	.word	0x100001c1
10000114:	100001c1 	.word	0x100001c1
10000118:	100001c1 	.word	0x100001c1
1000011c:	100001c1 	.word	0x100001c1
10000120:	100001c1 	.word	0x100001c1
10000124:	100001c1 	.word	0x100001c1
10000128:	100001c1 	.word	0x100001c1
1000012c:	100001c7 	.word	0x100001c7
10000130:	100001c1 	.word	0x100001c1
10000134:	100001c1 	.word	0x100001c1
10000138:	100001c9 	.word	0x100001c9
1000013c:	100001cb 	.word	0x100001cb
10000140:	100001cd 	.word	0x100001cd
10000144:	100001cd 	.word	0x100001cd
10000148:	100001cd 	.word	0x100001cd
1000014c:	100001cd 	.word	0x100001cd
10000150:	100001cd 	.word	0x100001cd
10000154:	100001cd 	.word	0x100001cd
10000158:	100001cd 	.word	0x100001cd
1000015c:	100001cd 	.word	0x100001cd
10000160:	100001cd 	.word	0x100001cd
10000164:	100001cd 	.word	0x100001cd
10000168:	100001cd 	.word	0x100001cd
1000016c:	100001cd 	.word	0x100001cd
10000170:	100001cd 	.word	0x100001cd
10000174:	100001cd 	.word	0x100001cd
10000178:	100001cd 	.word	0x100001cd
1000017c:	100001cd 	.word	0x100001cd
10000180:	100001cd 	.word	0x100001cd
10000184:	100001cd 	.word	0x100001cd
10000188:	100001cd 	.word	0x100001cd
1000018c:	100001cd 	.word	0x100001cd
10000190:	100001cd 	.word	0x100001cd
10000194:	100001cd 	.word	0x100001cd
10000198:	100001cd 	.word	0x100001cd
1000019c:	100001cd 	.word	0x100001cd
100001a0:	100001cd 	.word	0x100001cd
100001a4:	100001cd 	.word	0x100001cd
100001a8:	100001cd 	.word	0x100001cd
100001ac:	100001cd 	.word	0x100001cd
100001b0:	100001cd 	.word	0x100001cd
100001b4:	100001cd 	.word	0x100001cd
100001b8:	100001cd 	.word	0x100001cd
100001bc:	100001cd 	.word	0x100001cd

100001c0 <isr_invalid>:
100001c0:	be00      	bkpt	0x0000

100001c2 <isr_nmi>:
100001c2:	be00      	bkpt	0x0000

100001c4 <isr_hardfault>:
100001c4:	be00      	bkpt	0x0000

100001c6 <isr_svcall>:
100001c6:	be00      	bkpt	0x0000

100001c8 <isr_pendsv>:
100001c8:	be00      	bkpt	0x0000

100001ca <isr_systick>:
100001ca:	be00      	bkpt	0x0000

100001cc <__unhandled_user_irq>:
100001cc:	f3ef 8005 	mrs	r0, IPSR
100001d0:	3810      	subs	r0, #16

100001d2 <unhandled_user_irq_num_in_r0>:
100001d2:	be00      	bkpt	0x0000

100001d4 <binary_info_header>:
100001d4:	7188ebf2 	.word	0x7188ebf2
100001d8:	1000bd98 	.word	0x1000bd98
100001dc:	1000bdb8 	.word	0x1000bdb8
100001e0:	10000238 	.word	0x10000238
100001e4:	e71aa390 	.word	0xe71aa390

100001e8 <_entry_point>:
100001e8:	481e      	ldr	r0, [pc, #120]	@ (10000264 <data_cpy_table+0x2c>)

100001ea <_enter_vtable_in_r0>:
100001ea:	491f      	ldr	r1, [pc, #124]	@ (10000268 <data_cpy_table+0x30>)
100001ec:	6008      	str	r0, [r1, #0]
100001ee:	c806      	ldmia	r0!, {r1, r2}
100001f0:	f381 8808 	msr	MSP, r1
100001f4:	4710      	bx	r2

100001f6 <_reset_handler>:
100001f6:	481d      	ldr	r0, [pc, #116]	@ (1000026c <data_cpy_table+0x34>)
100001f8:	6800      	ldr	r0, [r0, #0]
100001fa:	2800      	cmp	r0, #0
100001fc:	d001      	beq.n	10000202 <hold_non_core0_in_bootrom+0x4>

100001fe <hold_non_core0_in_bootrom>:
100001fe:	4819      	ldr	r0, [pc, #100]	@ (10000264 <data_cpy_table+0x2c>)
10000200:	e7f3      	b.n	100001ea <_enter_vtable_in_r0>
10000202:	a40d      	add	r4, pc, #52	@ (adr r4, 10000238 <data_cpy_table>)
10000204:	cc0e      	ldmia	r4!, {r1, r2, r3}
10000206:	2900      	cmp	r1, #0
10000208:	d002      	beq.n	10000210 <hold_non_core0_in_bootrom+0x12>
1000020a:	f000 f812 	bl	10000232 <data_cpy>
1000020e:	e7f9      	b.n	10000204 <hold_non_core0_in_bootrom+0x6>
10000210:	4917      	ldr	r1, [pc, #92]	@ (10000270 <data_cpy_table+0x38>)
10000212:	4a18      	ldr	r2, [pc, #96]	@ (10000274 <data_cpy_table+0x3c>)
10000214:	2000      	movs	r0, #0
10000216:	e000      	b.n	1000021a <bss_fill_test>

10000218 <bss_fill_loop>:
10000218:	c101      	stmia	r1!, {r0}

1000021a <bss_fill_test>:
1000021a:	4291      	cmp	r1, r2
1000021c:	d1fc      	bne.n	10000218 <bss_fill_loop>

1000021e <platform_entry>:
1000021e:	4916      	ldr	r1, [pc, #88]	@ (10000278 <data_cpy_table+0x40>)
10000220:	4788      	blx	r1
10000222:	4916      	ldr	r1, [pc, #88]	@ (1000027c <data_cpy_table+0x44>)
10000224:	4788      	blx	r1
10000226:	4916      	ldr	r1, [pc, #88]	@ (10000280 <data_cpy_table+0x48>)
10000228:	4788      	blx	r1
1000022a:	be00      	bkpt	0x0000
1000022c:	e7fd      	b.n	1000022a <platform_entry+0xc>

1000022e <data_cpy_loop>:
1000022e:	c901      	ldmia	r1!, {r0}
10000230:	c201      	stmia	r2!, {r0}

10000232 <data_cpy>:
10000232:	429a      	cmp	r2, r3
10000234:	d3fb      	bcc.n	1000022e <data_cpy_loop>
10000236:	4770      	bx	lr

10000238 <data_cpy_table>:
10000238:	1000bdb8 	.word	0x1000bdb8
1000023c:	200000c0 	.word	0x200000c0
10000240:	20001750 	.word	0x20001750
10000244:	1000d448 	.word	0x1000d448
10000248:	20040000 	.word	0x20040000
1000024c:	20040000 	.word	0x20040000
10000250:	1000d448 	.word	0x1000d448
10000254:	20041000 	.word	0x20041000
10000258:	20041000 	.word	0x20041000
1000025c:	00000000 	.word	0x00000000
10000260:	4770      	bx	lr
10000262:	0000      	.short	0x0000
10000264:	00000000 	.word	0x00000000
10000268:	e000ed08 	.word	0xe000ed08
1000026c:	d0000000 	.word	0xd0000000
10000270:	20001750 	.word	0x20001750
10000274:	20002698 	.word	0x20002698
10000278:	10005629 	.word	0x10005629
1000027c:	100004d1 	.word	0x100004d1
10000280:	10005615 	.word	0x10005615

10000284 <_init>:
10000284:	b5f8      	push	{r3, r4, r5, r6, r7, lr}
10000286:	46c0      	nop			@ (mov r8, r8)

10000288 <deregister_tm_clones>:
10000288:	4804      	ldr	r0, [pc, #16]	@ (1000029c <deregister_tm_clones+0x14>)
1000028a:	4b05      	ldr	r3, [pc, #20]	@ (100002a0 <deregister_tm_clones+0x18>)
1000028c:	b510      	push	{r4, lr}
1000028e:	4283      	cmp	r3, r0
10000290:	d003      	beq.n	1000029a <deregister_tm_clones+0x12>
10000292:	4b04      	ldr	r3, [pc, #16]	@ (100002a4 <deregister_tm_clones+0x1c>)
10000294:	2b00      	cmp	r3, #0
10000296:	d000      	beq.n	1000029a <deregister_tm_clones+0x12>
10000298:	4798      	blx	r3
1000029a:	bd10      	pop	{r4, pc}
1000029c:	20001750 	.word	0x20001750
100002a0:	20001750 	.word	0x20001750
100002a4:	00000000 	.word	0x00000000

100002a8 <register_tm_clones>:
100002a8:	4806      	ldr	r0, [pc, #24]	@ (100002c4 <register_tm_clones+0x1c>)
100002aa:	4907      	ldr	r1, [pc, #28]	@ (100002c8 <register_tm_clones+0x20>)
100002ac:	1a09      	subs	r1, r1, r0
100002ae:	108b      	asrs	r3, r1, #2
100002b0:	0fc9      	lsrs	r1, r1, #31
100002b2:	18c9      	adds	r1, r1, r3
100002b4:	b510      	push	{r4, lr}
100002b6:	1049      	asrs	r1, r1, #1
100002b8:	d003      	beq.n	100002c2 <register_tm_clones+0x1a>
100002ba:	4b04      	ldr	r3, [pc, #16]	@ (100002cc <register_tm_clones+0x24>)
100002bc:	2b00      	cmp	r3, #0
100002be:	d000      	beq.n	100002c2 <register_tm_clones+0x1a>
100002c0:	4798      	blx	r3
100002c2:	bd10      	pop	{r4, pc}
100002c4:	20001750 	.word	0x20001750
100002c8:	20001750 	.word	0x20001750
100002cc:	00000000 	.word	0x00000000

100002d0 <__do_global_dtors_aux>:
100002d0:	b510      	push	{r4, lr}
100002d2:	4c07      	ldr	r4, [pc, #28]	@ (100002f0 <__do_global_dtors_aux+0x20>)
100002d4:	7823      	ldrb	r3, [r4, #0]
100002d6:	2b00      	cmp	r3, #0
100002d8:	d109      	bne.n	100002ee <__do_global_dtors_aux+0x1e>
100002da:	f7ff ffd5 	bl	10000288 <deregister_tm_clones>
100002de:	4b05      	ldr	r3, [pc, #20]	@ (100002f4 <__do_global_dtors_aux+0x24>)
100002e0:	2b00      	cmp	r3, #0
100002e2:	d002      	beq.n	100002ea <__do_global_dtors_aux+0x1a>
100002e4:	4804      	ldr	r0, [pc, #16]	@ (100002f8 <__do_global_dtors_aux+0x28>)
100002e6:	e000      	b.n	100002ea <__do_global_dtors_aux+0x1a>
100002e8:	bf00      	nop
100002ea:	2301      	movs	r3, #1
100002ec:	7023      	strb	r3, [r4, #0]
100002ee:	bd10      	pop	{r4, pc}
100002f0:	20001ad8 	.word	0x20001ad8
100002f4:	00000000 	.word	0x00000000
100002f8:	10008358 	.word	0x10008358

100002fc <frame_dummy>:
100002fc:	4b05      	ldr	r3, [pc, #20]	@ (10000314 <frame_dummy+0x18>)
100002fe:	b510      	push	{r4, lr}
10000300:	2b00      	cmp	r3, #0
10000302:	d003      	beq.n	1000030c <frame_dummy+0x10>
10000304:	4904      	ldr	r1, [pc, #16]	@ (10000318 <frame_dummy+0x1c>)
10000306:	4805      	ldr	r0, [pc, #20]	@ (1000031c <frame_dummy+0x20>)
10000308:	e000      	b.n	1000030c <frame_dummy+0x10>
1000030a:	bf00      	nop
1000030c:	f7ff ffcc 	bl	100002a8 <register_tm_clones>
10000310:	bd10      	pop	{r4, pc}
10000312:	46c0      	nop			@ (mov r8, r8)
10000314:	00000000 	.word	0x00000000
10000318:	20001adc 	.word	0x20001adc
1000031c:	10008358 	.word	0x10008358

10000320 <right_check_irq>:
10000320:	070b      	lsls	r3, r1, #28
10000322:	d502      	bpl.n	1000032a <right_check_irq+0xa>
10000324:	2200      	movs	r2, #0
10000326:	4b04      	ldr	r3, [pc, #16]	@ (10000338 <right_check_irq+0x18>)
10000328:	749a      	strb	r2, [r3, #18]
1000032a:	0749      	lsls	r1, r1, #29
1000032c:	d502      	bpl.n	10000334 <right_check_irq+0x14>
1000032e:	2201      	movs	r2, #1
10000330:	4b01      	ldr	r3, [pc, #4]	@ (10000338 <right_check_irq+0x18>)
10000332:	749a      	strb	r2, [r3, #18]
10000334:	4770      	bx	lr
10000336:	46c0      	nop			@ (mov r8, r8)
10000338:	20002144 	.word	0x20002144

1000033c <numpad_check_irq>:
1000033c:	070b      	lsls	r3, r1, #28
1000033e:	d502      	bpl.n	10000346 <numpad_check_irq+0xa>
10000340:	2200      	movs	r2, #0
10000342:	4b04      	ldr	r3, [pc, #16]	@ (10000354 <numpad_check_irq+0x18>)
10000344:	74da      	strb	r2, [r3, #19]
10000346:	0749      	lsls	r1, r1, #29
10000348:	d502      	bpl.n	10000350 <numpad_check_irq+0x14>
1000034a:	2201      	movs	r2, #1
1000034c:	4b01      	ldr	r3, [pc, #4]	@ (10000354 <numpad_check_irq+0x18>)
1000034e:	74da      	strb	r2, [r3, #19]
10000350:	4770      	bx	lr
10000352:	46c0      	nop			@ (mov r8, r8)
10000354:	20002144 	.word	0x20002144

10000358 <gpio_initialize>:
10000358:	2200      	movs	r2, #0
1000035a:	b570      	push	{r4, r5, r6, lr}
1000035c:	4b3f      	ldr	r3, [pc, #252]	@ (1000045c <gpio_initialize+0x104>)
1000035e:	446b      	add	r3, sp
10000360:	601a      	str	r2, [r3, #0]
10000362:	24d0      	movs	r4, #208	@ 0xd0
10000364:	2501      	movs	r5, #1
10000366:	0624      	lsls	r4, r4, #24
10000368:	2000      	movs	r0, #0
1000036a:	f001 fa31 	bl	100017d0 <gpio_init>
1000036e:	62a5      	str	r5, [r4, #40]	@ 0x28
10000370:	200c      	movs	r0, #12
10000372:	f001 fa2d 	bl	100017d0 <gpio_init>
10000376:	2380      	movs	r3, #128	@ 0x80
10000378:	015b      	lsls	r3, r3, #5
1000037a:	2201      	movs	r2, #1
1000037c:	210c      	movs	r1, #12
1000037e:	62a3      	str	r3, [r4, #40]	@ 0x28
10000380:	200c      	movs	r0, #12
10000382:	4b37      	ldr	r3, [pc, #220]	@ (10000460 <gpio_initialize+0x108>)
10000384:	f001 f9b6 	bl	100016f4 <gpio_set_irq_enabled_with_callback>
10000388:	200d      	movs	r0, #13
1000038a:	f001 fa21 	bl	100017d0 <gpio_init>
1000038e:	2380      	movs	r3, #128	@ 0x80
10000390:	019b      	lsls	r3, r3, #6
10000392:	2201      	movs	r2, #1
10000394:	210c      	movs	r1, #12
10000396:	62a3      	str	r3, [r4, #40]	@ 0x28
10000398:	200d      	movs	r0, #13
1000039a:	4b32      	ldr	r3, [pc, #200]	@ (10000464 <gpio_initialize+0x10c>)
1000039c:	f001 f9aa 	bl	100016f4 <gpio_set_irq_enabled_with_callback>
100003a0:	2002      	movs	r0, #2
100003a2:	f001 fa15 	bl	100017d0 <gpio_init>
100003a6:	2304      	movs	r3, #4
100003a8:	2003      	movs	r0, #3
100003aa:	62a3      	str	r3, [r4, #40]	@ 0x28
100003ac:	f001 fa10 	bl	100017d0 <gpio_init>
100003b0:	2308      	movs	r3, #8
100003b2:	200a      	movs	r0, #10
100003b4:	6263      	str	r3, [r4, #36]	@ 0x24
100003b6:	f001 fa0b 	bl	100017d0 <gpio_init>
100003ba:	2380      	movs	r3, #128	@ 0x80
100003bc:	00db      	lsls	r3, r3, #3
100003be:	6263      	str	r3, [r4, #36]	@ 0x24
100003c0:	2001      	movs	r0, #1
100003c2:	f001 fa05 	bl	100017d0 <gpio_init>
100003c6:	2302      	movs	r3, #2
100003c8:	200b      	movs	r0, #11
100003ca:	62a3      	str	r3, [r4, #40]	@ 0x28
100003cc:	f001 fa00 	bl	100017d0 <gpio_init>
100003d0:	2380      	movs	r3, #128	@ 0x80
100003d2:	011b      	lsls	r3, r3, #4
100003d4:	6263      	str	r3, [r4, #36]	@ 0x24
100003d6:	2014      	movs	r0, #20
100003d8:	f001 f9fa 	bl	100017d0 <gpio_init>
100003dc:	2380      	movs	r3, #128	@ 0x80
100003de:	035b      	lsls	r3, r3, #13
100003e0:	62a3      	str	r3, [r4, #40]	@ 0x28
100003e2:	2013      	movs	r0, #19
100003e4:	f001 f9f4 	bl	100017d0 <gpio_init>
100003e8:	2380      	movs	r3, #128	@ 0x80
100003ea:	031b      	lsls	r3, r3, #12
100003ec:	62a3      	str	r3, [r4, #40]	@ 0x28
100003ee:	2012      	movs	r0, #18
100003f0:	f001 f9ee 	bl	100017d0 <gpio_init>
100003f4:	2380      	movs	r3, #128	@ 0x80
100003f6:	02db      	lsls	r3, r3, #11
100003f8:	62a3      	str	r3, [r4, #40]	@ 0x28
100003fa:	2004      	movs	r0, #4
100003fc:	f001 f9e8 	bl	100017d0 <gpio_init>
10000400:	2310      	movs	r3, #16
10000402:	2005      	movs	r0, #5
10000404:	62a3      	str	r3, [r4, #40]	@ 0x28
10000406:	f001 f9e3 	bl	100017d0 <gpio_init>
1000040a:	2320      	movs	r3, #32
1000040c:	62a3      	str	r3, [r4, #40]	@ 0x28
1000040e:	6863      	ldr	r3, [r4, #4]
10000410:	6862      	ldr	r2, [r4, #4]
10000412:	0d1b      	lsrs	r3, r3, #20
10000414:	402b      	ands	r3, r5
10000416:	0cd2      	lsrs	r2, r2, #19
10000418:	4015      	ands	r5, r2
1000041a:	005b      	lsls	r3, r3, #1
1000041c:	4a12      	ldr	r2, [pc, #72]	@ (10000468 <gpio_initialize+0x110>)
1000041e:	432b      	orrs	r3, r5
10000420:	7013      	strb	r3, [r2, #0]
10000422:	2104      	movs	r1, #4
10000424:	4b11      	ldr	r3, [pc, #68]	@ (1000046c <gpio_initialize+0x114>)
10000426:	2201      	movs	r2, #1
10000428:	2014      	movs	r0, #20
1000042a:	f001 f963 	bl	100016f4 <gpio_set_irq_enabled_with_callback>
1000042e:	4910      	ldr	r1, [pc, #64]	@ (10000470 <gpio_initialize+0x118>)
10000430:	4810      	ldr	r0, [pc, #64]	@ (10000474 <gpio_initialize+0x11c>)
10000432:	f007 f985 	bl	10007740 <i2c_init>
10000436:	2103      	movs	r1, #3
10000438:	2016      	movs	r0, #22
1000043a:	f001 f92d 	bl	10001698 <gpio_set_function>
1000043e:	2103      	movs	r1, #3
10000440:	2017      	movs	r0, #23
10000442:	f001 f929 	bl	10001698 <gpio_set_function>
10000446:	2200      	movs	r2, #0
10000448:	2101      	movs	r1, #1
1000044a:	2016      	movs	r0, #22
1000044c:	f001 f93e 	bl	100016cc <gpio_set_pulls>
10000450:	2200      	movs	r2, #0
10000452:	2101      	movs	r1, #1
10000454:	2017      	movs	r0, #23
10000456:	f001 f939 	bl	100016cc <gpio_set_pulls>
1000045a:	bd70      	pop	{r4, r5, r6, pc}
1000045c:	ffffeed8 	.word	0xffffeed8
10000460:	10000321 	.word	0x10000321
10000464:	1000033d 	.word	0x1000033d
10000468:	20002696 	.word	0x20002696
1000046c:	10001179 	.word	0x10001179
10000470:	00061a80 	.word	0x00061a80
10000474:	200011f8 	.word	0x200011f8

10000478 <tud_hid_report_complete_cb>:
10000478:	2200      	movs	r2, #0
1000047a:	b500      	push	{lr}
1000047c:	4b0d      	ldr	r3, [pc, #52]	@ (100004b4 <tud_hid_report_complete_cb+0x3c>)
1000047e:	b083      	sub	sp, #12
10000480:	446b      	add	r3, sp
10000482:	601a      	str	r2, [r3, #0]
10000484:	780b      	ldrb	r3, [r1, #0]
10000486:	3301      	adds	r3, #1
10000488:	b2db      	uxtb	r3, r3
1000048a:	2b04      	cmp	r3, #4
1000048c:	d901      	bls.n	10000492 <tud_hid_report_complete_cb+0x1a>
1000048e:	b003      	add	sp, #12
10000490:	bd00      	pop	{pc}
10000492:	3208      	adds	r2, #8
10000494:	2100      	movs	r1, #0
10000496:	4668      	mov	r0, sp
10000498:	f003 fc76 	bl	10003d88 <__wrap_memset>
1000049c:	4668      	mov	r0, sp
1000049e:	2108      	movs	r1, #8
100004a0:	f000 fef2 	bl	10001288 <get_keyboard_status>
100004a4:	466b      	mov	r3, sp
100004a6:	2101      	movs	r1, #1
100004a8:	781a      	ldrb	r2, [r3, #0]
100004aa:	2000      	movs	r0, #0
100004ac:	3302      	adds	r3, #2
100004ae:	f006 fd6d 	bl	10006f8c <tud_hid_n_keyboard_report>
100004b2:	e7ec      	b.n	1000048e <tud_hid_report_complete_cb+0x16>
100004b4:	ffffeed8 	.word	0xffffeed8

100004b8 <tud_hid_get_report_cb>:
100004b8:	2000      	movs	r0, #0
100004ba:	4770      	bx	lr

100004bc <tud_hid_set_report_cb>:
100004bc:	4770      	bx	lr
100004be:	46c0      	nop			@ (mov r8, r8)

100004c0 <tud_mount_cb>:
100004c0:	4770      	bx	lr
100004c2:	46c0      	nop			@ (mov r8, r8)

100004c4 <tud_umount_cb>:
100004c4:	4770      	bx	lr
100004c6:	46c0      	nop			@ (mov r8, r8)

100004c8 <tud_suspend_cb>:
100004c8:	4770      	bx	lr
100004ca:	46c0      	nop			@ (mov r8, r8)

100004cc <tud_resume_cb>:
100004cc:	4770      	bx	lr
100004ce:	46c0      	nop			@ (mov r8, r8)

100004d0 <main>:
100004d0:	2200      	movs	r2, #0
100004d2:	b500      	push	{lr}
100004d4:	4b19      	ldr	r3, [pc, #100]	@ (1000053c <main+0x6c>)
100004d6:	b083      	sub	sp, #12
100004d8:	446b      	add	r3, sp
100004da:	601a      	str	r2, [r3, #0]
100004dc:	f007 f894 	bl	10007608 <board_init>
100004e0:	f006 ff2c 	bl	1000733c <tusb_init>
100004e4:	f7ff ff38 	bl	10000358 <gpio_initialize>
100004e8:	4b15      	ldr	r3, [pc, #84]	@ (10000540 <main+0x70>)
100004ea:	2b00      	cmp	r3, #0
100004ec:	d001      	beq.n	100004f2 <main+0x22>
100004ee:	e000      	b.n	100004f2 <main+0x22>
100004f0:	bf00      	nop
100004f2:	4814      	ldr	r0, [pc, #80]	@ (10000544 <main+0x74>)
100004f4:	f005 fc82 	bl	10005dfc <multicore_launch_core1>
100004f8:	2001      	movs	r0, #1
100004fa:	2100      	movs	r1, #0
100004fc:	4240      	negs	r0, r0
100004fe:	f005 ff2b 	bl	10006358 <tud_task_ext>
10000502:	f005 fe8f 	bl	10006224 <tud_suspended>
10000506:	2800      	cmp	r0, #0
10000508:	d002      	beq.n	10000510 <main+0x40>
1000050a:	f005 fe93 	bl	10006234 <tud_remote_wakeup>
1000050e:	e7f3      	b.n	100004f8 <main+0x28>
10000510:	2000      	movs	r0, #0
10000512:	f006 fccf 	bl	10006eb4 <tud_hid_n_ready>
10000516:	2800      	cmp	r0, #0
10000518:	d0ee      	beq.n	100004f8 <main+0x28>
1000051a:	2208      	movs	r2, #8
1000051c:	2100      	movs	r1, #0
1000051e:	4668      	mov	r0, sp
10000520:	f003 fc32 	bl	10003d88 <__wrap_memset>
10000524:	4668      	mov	r0, sp
10000526:	2108      	movs	r1, #8
10000528:	f000 feae 	bl	10001288 <get_keyboard_status>
1000052c:	466b      	mov	r3, sp
1000052e:	2101      	movs	r1, #1
10000530:	781a      	ldrb	r2, [r3, #0]
10000532:	2000      	movs	r0, #0
10000534:	3302      	adds	r3, #2
10000536:	f006 fd29 	bl	10006f8c <tud_hid_n_keyboard_report>
1000053a:	e7dd      	b.n	100004f8 <main+0x28>
1000053c:	ffffeed8 	.word	0xffffeed8
10000540:	00000000 	.word	0x00000000
10000544:	10000d51 	.word	0x10000d51

10000548 <tud_descriptor_device_cb>:
10000548:	4800      	ldr	r0, [pc, #0]	@ (1000054c <tud_descriptor_device_cb+0x4>)
1000054a:	4770      	bx	lr
1000054c:	10008634 	.word	0x10008634

10000550 <tud_hid_descriptor_report_cb>:
10000550:	4800      	ldr	r0, [pc, #0]	@ (10000554 <tud_hid_descriptor_report_cb+0x4>)
10000552:	4770      	bx	lr
10000554:	10008544 	.word	0x10008544

10000558 <tud_descriptor_configuration_cb>:
10000558:	4800      	ldr	r0, [pc, #0]	@ (1000055c <tud_descriptor_configuration_cb+0x4>)
1000055a:	4770      	bx	lr
1000055c:	10008520 	.word	0x10008520

10000560 <tud_descriptor_string_cb>:
10000560:	b5f0      	push	{r4, r5, r6, r7, lr}
10000562:	46de      	mov	lr, fp
10000564:	4657      	mov	r7, sl
10000566:	464e      	mov	r6, r9
10000568:	4645      	mov	r5, r8
1000056a:	2200      	movs	r2, #0
1000056c:	b5e0      	push	{r5, r6, r7, lr}
1000056e:	4b41      	ldr	r3, [pc, #260]	@ (10000674 <tud_descriptor_string_cb+0x114>)
10000570:	b08b      	sub	sp, #44	@ 0x2c
10000572:	446b      	add	r3, sp
10000574:	601a      	str	r2, [r3, #0]
10000576:	2800      	cmp	r0, #0
10000578:	d030      	beq.n	100005dc <tud_descriptor_string_cb+0x7c>
1000057a:	2803      	cmp	r0, #3
1000057c:	d022      	beq.n	100005c4 <tud_descriptor_string_cb+0x64>
1000057e:	d86b      	bhi.n	10000658 <tud_descriptor_string_cb+0xf8>
10000580:	4b3d      	ldr	r3, [pc, #244]	@ (10000678 <tud_descriptor_string_cb+0x118>)
10000582:	0080      	lsls	r0, r0, #2
10000584:	58c6      	ldr	r6, [r0, r3]
10000586:	0030      	movs	r0, r6
10000588:	f007 fdbc 	bl	10008104 <strlen>
1000058c:	0004      	movs	r4, r0
1000058e:	2820      	cmp	r0, #32
10000590:	d860      	bhi.n	10000654 <tud_descriptor_string_cb+0xf4>
10000592:	23c0      	movs	r3, #192	@ 0xc0
10000594:	1c62      	adds	r2, r4, #1
10000596:	0052      	lsls	r2, r2, #1
10000598:	009b      	lsls	r3, r3, #2
1000059a:	4313      	orrs	r3, r2
1000059c:	b29d      	uxth	r5, r3
1000059e:	2800      	cmp	r0, #0
100005a0:	d007      	beq.n	100005b2 <tud_descriptor_string_cb+0x52>
100005a2:	2300      	movs	r3, #0
100005a4:	4a35      	ldr	r2, [pc, #212]	@ (1000067c <tud_descriptor_string_cb+0x11c>)
100005a6:	5cf1      	ldrb	r1, [r6, r3]
100005a8:	3301      	adds	r3, #1
100005aa:	8011      	strh	r1, [r2, #0]
100005ac:	3202      	adds	r2, #2
100005ae:	429c      	cmp	r4, r3
100005b0:	d8f9      	bhi.n	100005a6 <tud_descriptor_string_cb+0x46>
100005b2:	4833      	ldr	r0, [pc, #204]	@ (10000680 <tud_descriptor_string_cb+0x120>)
100005b4:	8005      	strh	r5, [r0, #0]
100005b6:	b00b      	add	sp, #44	@ 0x2c
100005b8:	bcf0      	pop	{r4, r5, r6, r7}
100005ba:	46bb      	mov	fp, r7
100005bc:	46b2      	mov	sl, r6
100005be:	46a9      	mov	r9, r5
100005c0:	46a0      	mov	r8, r4
100005c2:	bdf0      	pop	{r4, r5, r6, r7, pc}
100005c4:	4b2f      	ldr	r3, [pc, #188]	@ (10000684 <tud_descriptor_string_cb+0x124>)
100005c6:	2b00      	cmp	r3, #0
100005c8:	d011      	beq.n	100005ee <tud_descriptor_string_cb+0x8e>
100005ca:	ac02      	add	r4, sp, #8
100005cc:	2110      	movs	r1, #16
100005ce:	0020      	movs	r0, r4
100005d0:	f007 f838 	bl	10007644 <board_get_unique_id>
100005d4:	2800      	cmp	r0, #0
100005d6:	d141      	bne.n	1000065c <tud_descriptor_string_cb+0xfc>
100005d8:	4d2b      	ldr	r5, [pc, #172]	@ (10000688 <tud_descriptor_string_cb+0x128>)
100005da:	e7ea      	b.n	100005b2 <tud_descriptor_string_cb+0x52>
100005dc:	25c1      	movs	r5, #193	@ 0xc1
100005de:	4b26      	ldr	r3, [pc, #152]	@ (10000678 <tud_descriptor_string_cb+0x118>)
100005e0:	2202      	movs	r2, #2
100005e2:	4826      	ldr	r0, [pc, #152]	@ (1000067c <tud_descriptor_string_cb+0x11c>)
100005e4:	6819      	ldr	r1, [r3, #0]
100005e6:	f003 fbd5 	bl	10003d94 <__wrap___aeabi_memcpy>
100005ea:	00ad      	lsls	r5, r5, #2
100005ec:	e7e1      	b.n	100005b2 <tud_descriptor_string_cb+0x52>
100005ee:	2708      	movs	r7, #8
100005f0:	4a26      	ldr	r2, [pc, #152]	@ (1000068c <tud_descriptor_string_cb+0x12c>)
100005f2:	4b27      	ldr	r3, [pc, #156]	@ (10000690 <tud_descriptor_string_cb+0x130>)
100005f4:	4d27      	ldr	r5, [pc, #156]	@ (10000694 <tud_descriptor_string_cb+0x134>)
100005f6:	9202      	str	r2, [sp, #8]
100005f8:	9303      	str	r3, [sp, #12]
100005fa:	ac02      	add	r4, sp, #8
100005fc:	0020      	movs	r0, r4
100005fe:	210f      	movs	r1, #15
10000600:	183f      	adds	r7, r7, r0
10000602:	4689      	mov	r9, r1
10000604:	46b8      	mov	r8, r7
10000606:	46aa      	mov	sl, r5
10000608:	4684      	mov	ip, r0
1000060a:	4a23      	ldr	r2, [pc, #140]	@ (10000698 <tud_descriptor_string_cb+0x138>)
1000060c:	4c1b      	ldr	r4, [pc, #108]	@ (1000067c <tud_descriptor_string_cb+0x11c>)
1000060e:	ab06      	add	r3, sp, #24
10000610:	9200      	str	r2, [sp, #0]
10000612:	001d      	movs	r5, r3
10000614:	9e00      	ldr	r6, [sp, #0]
10000616:	ce83      	ldmia	r6!, {r0, r1, r7}
10000618:	c583      	stmia	r5!, {r0, r1, r7}
1000061a:	6831      	ldr	r1, [r6, #0]
1000061c:	9501      	str	r5, [sp, #4]
1000061e:	6029      	str	r1, [r5, #0]
10000620:	4661      	mov	r1, ip
10000622:	464f      	mov	r7, r9
10000624:	7809      	ldrb	r1, [r1, #0]
10000626:	9800      	ldr	r0, [sp, #0]
10000628:	400f      	ands	r7, r1
1000062a:	5ddf      	ldrb	r7, [r3, r7]
1000062c:	468b      	mov	fp, r1
1000062e:	8067      	strh	r7, [r4, #2]
10000630:	001f      	movs	r7, r3
10000632:	c826      	ldmia	r0!, {r1, r2, r5}
10000634:	c726      	stmia	r7!, {r1, r2, r5}
10000636:	6836      	ldr	r6, [r6, #0]
10000638:	9a01      	ldr	r2, [sp, #4]
1000063a:	6016      	str	r6, [r2, #0]
1000063c:	465a      	mov	r2, fp
1000063e:	1111      	asrs	r1, r2, #4
10000640:	2201      	movs	r2, #1
10000642:	4693      	mov	fp, r2
10000644:	5c59      	ldrb	r1, [r3, r1]
10000646:	44dc      	add	ip, fp
10000648:	8021      	strh	r1, [r4, #0]
1000064a:	3404      	adds	r4, #4
1000064c:	45e0      	cmp	r8, ip
1000064e:	d1e0      	bne.n	10000612 <tud_descriptor_string_cb+0xb2>
10000650:	4655      	mov	r5, sl
10000652:	e7ae      	b.n	100005b2 <tud_descriptor_string_cb+0x52>
10000654:	2420      	movs	r4, #32
10000656:	e79c      	b.n	10000592 <tud_descriptor_string_cb+0x32>
10000658:	2000      	movs	r0, #0
1000065a:	e7ac      	b.n	100005b6 <tud_descriptor_string_cb+0x56>
1000065c:	0007      	movs	r7, r0
1000065e:	2810      	cmp	r0, #16
10000660:	d900      	bls.n	10000664 <tud_descriptor_string_cb+0x104>
10000662:	2710      	movs	r7, #16
10000664:	23c0      	movs	r3, #192	@ 0xc0
10000666:	00ba      	lsls	r2, r7, #2
10000668:	3202      	adds	r2, #2
1000066a:	009b      	lsls	r3, r3, #2
1000066c:	4313      	orrs	r3, r2
1000066e:	b29d      	uxth	r5, r3
10000670:	e7c4      	b.n	100005fc <tud_descriptor_string_cb+0x9c>
10000672:	46c0      	nop			@ (mov r8, r8)
10000674:	ffffeed8 	.word	0xffffeed8
10000678:	20001030 	.word	0x20001030
1000067c:	20001e16 	.word	0x20001e16
10000680:	20001e14 	.word	0x20001e14
10000684:	10007645 	.word	0x10007645
10000688:	00000302 	.word	0x00000302
1000068c:	67452301 	.word	0x67452301
10000690:	efcdab89 	.word	0xefcdab89
10000694:	00000322 	.word	0x00000322
10000698:	10008358 	.word	0x10008358

1000069c <ssd1306_draw_char_with_font.part.0>:
1000069c:	b5f0      	push	{r4, r5, r6, r7, lr}
1000069e:	4645      	mov	r5, r8
100006a0:	4657      	mov	r7, sl
100006a2:	464e      	mov	r6, r9
100006a4:	46de      	mov	lr, fp
100006a6:	b5e0      	push	{r5, r6, r7, lr}
100006a8:	b08f      	sub	sp, #60	@ 0x3c
100006aa:	ad18      	add	r5, sp, #96	@ 0x60
100006ac:	cd10      	ldmia	r5!, {r4}
100006ae:	4694      	mov	ip, r2
100006b0:	782f      	ldrb	r7, [r5, #0]
100006b2:	2507      	movs	r5, #7
100006b4:	7826      	ldrb	r6, [r4, #0]
100006b6:	4035      	ands	r5, r6
100006b8:	1e6a      	subs	r2, r5, #1
100006ba:	4195      	sbcs	r5, r2
100006bc:	46a8      	mov	r8, r5
100006be:	7865      	ldrb	r5, [r4, #1]
100006c0:	08f6      	lsrs	r6, r6, #3
100006c2:	44b0      	add	r8, r6
100006c4:	2d00      	cmp	r5, #0
100006c6:	d100      	bne.n	100006ca <ssd1306_draw_char_with_font.part.0+0x2e>
100006c8:	e091      	b.n	100007ee <ssd1306_draw_char_with_font.part.0+0x152>
100006ca:	4646      	mov	r6, r8
100006cc:	2e00      	cmp	r6, #0
100006ce:	d100      	bne.n	100006d2 <ssd1306_draw_char_with_font.part.0+0x36>
100006d0:	e08d      	b.n	100007ee <ssd1306_draw_char_with_font.part.0+0x152>
100006d2:	4662      	mov	r2, ip
100006d4:	3a01      	subs	r2, #1
100006d6:	920c      	str	r2, [sp, #48]	@ 0x30
100006d8:	2201      	movs	r2, #1
100006da:	1859      	adds	r1, r3, r1
100006dc:	00de      	lsls	r6, r3, #3
100006de:	4691      	mov	r9, r2
100006e0:	3206      	adds	r2, #6
100006e2:	46a4      	mov	ip, r4
100006e4:	960a      	str	r6, [sp, #40]	@ 0x28
100006e6:	4644      	mov	r4, r8
100006e8:	2600      	movs	r6, #0
100006ea:	4688      	mov	r8, r1
100006ec:	4692      	mov	sl, r2
100006ee:	0019      	movs	r1, r3
100006f0:	002b      	movs	r3, r5
100006f2:	4662      	mov	r2, ip
100006f4:	78d5      	ldrb	r5, [r2, #3]
100006f6:	9409      	str	r4, [sp, #36]	@ 0x24
100006f8:	1b7d      	subs	r5, r7, r5
100006fa:	435d      	muls	r5, r3
100006fc:	4643      	mov	r3, r8
100006fe:	1a5b      	subs	r3, r3, r1
10000700:	469b      	mov	fp, r3
10000702:	19ad      	adds	r5, r5, r6
10000704:	4365      	muls	r5, r4
10000706:	465c      	mov	r4, fp
10000708:	3505      	adds	r5, #5
1000070a:	950b      	str	r5, [sp, #44]	@ 0x2c
1000070c:	9405      	str	r4, [sp, #20]
1000070e:	464d      	mov	r5, r9
10000710:	4644      	mov	r4, r8
10000712:	9b0c      	ldr	r3, [sp, #48]	@ 0x30
10000714:	1a6d      	subs	r5, r5, r1
10000716:	185b      	adds	r3, r3, r1
10000718:	9403      	str	r4, [sp, #12]
1000071a:	2200      	movs	r2, #0
1000071c:	4664      	mov	r4, ip
1000071e:	468c      	mov	ip, r1
10000720:	0039      	movs	r1, r7
10000722:	9504      	str	r5, [sp, #16]
10000724:	960d      	str	r6, [sp, #52]	@ 0x34
10000726:	9d0b      	ldr	r5, [sp, #44]	@ 0x2c
10000728:	001f      	movs	r7, r3
1000072a:	1965      	adds	r5, r4, r5
1000072c:	5cae      	ldrb	r6, [r5, r2]
1000072e:	9207      	str	r2, [sp, #28]
10000730:	9308      	str	r3, [sp, #32]
10000732:	2508      	movs	r5, #8
10000734:	000b      	movs	r3, r1
10000736:	0032      	movs	r2, r6
10000738:	4661      	mov	r1, ip
1000073a:	46a4      	mov	ip, r4
1000073c:	e005      	b.n	1000074a <ssd1306_draw_char_with_font.part.0+0xae>
1000073e:	3d01      	subs	r5, #1
10000740:	b2ed      	uxtb	r5, r5
10000742:	0852      	lsrs	r2, r2, #1
10000744:	187f      	adds	r7, r7, r1
10000746:	2d00      	cmp	r5, #0
10000748:	d037      	beq.n	100007ba <ssd1306_draw_char_with_font.part.0+0x11e>
1000074a:	464c      	mov	r4, r9
1000074c:	4214      	tst	r4, r2
1000074e:	d0f6      	beq.n	1000073e <ssd1306_draw_char_with_font.part.0+0xa2>
10000750:	9c04      	ldr	r4, [sp, #16]
10000752:	19e6      	adds	r6, r4, r7
10000754:	9c05      	ldr	r4, [sp, #20]
10000756:	2900      	cmp	r1, #0
10000758:	d0f1      	beq.n	1000073e <ssd1306_draw_char_with_font.part.0+0xa2>
1000075a:	46e0      	mov	r8, ip
1000075c:	468b      	mov	fp, r1
1000075e:	469c      	mov	ip, r3
10000760:	9206      	str	r2, [sp, #24]
10000762:	7803      	ldrb	r3, [r0, #0]
10000764:	0031      	movs	r1, r6
10000766:	9502      	str	r5, [sp, #8]
10000768:	42a3      	cmp	r3, r4
1000076a:	d917      	bls.n	1000079c <ssd1306_draw_char_with_font.part.0+0x100>
1000076c:	7842      	ldrb	r2, [r0, #1]
1000076e:	428a      	cmp	r2, r1
10000770:	d90e      	bls.n	10000790 <ssd1306_draw_char_with_font.part.0+0xf4>
10000772:	08ca      	lsrs	r2, r1, #3
10000774:	4353      	muls	r3, r2
10000776:	68c2      	ldr	r2, [r0, #12]
10000778:	464d      	mov	r5, r9
1000077a:	9201      	str	r2, [sp, #4]
1000077c:	4652      	mov	r2, sl
1000077e:	400a      	ands	r2, r1
10000780:	4095      	lsls	r5, r2
10000782:	002a      	movs	r2, r5
10000784:	9d01      	ldr	r5, [sp, #4]
10000786:	191b      	adds	r3, r3, r4
10000788:	5ced      	ldrb	r5, [r5, r3]
1000078a:	432a      	orrs	r2, r5
1000078c:	9d01      	ldr	r5, [sp, #4]
1000078e:	54ea      	strb	r2, [r5, r3]
10000790:	42b9      	cmp	r1, r7
10000792:	d003      	beq.n	1000079c <ssd1306_draw_char_with_font.part.0+0x100>
10000794:	7803      	ldrb	r3, [r0, #0]
10000796:	3101      	adds	r1, #1
10000798:	42a3      	cmp	r3, r4
1000079a:	d8e7      	bhi.n	1000076c <ssd1306_draw_char_with_font.part.0+0xd0>
1000079c:	9b03      	ldr	r3, [sp, #12]
1000079e:	3401      	adds	r4, #1
100007a0:	9d02      	ldr	r5, [sp, #8]
100007a2:	429c      	cmp	r4, r3
100007a4:	d1dd      	bne.n	10000762 <ssd1306_draw_char_with_font.part.0+0xc6>
100007a6:	4659      	mov	r1, fp
100007a8:	9a06      	ldr	r2, [sp, #24]
100007aa:	3d01      	subs	r5, #1
100007ac:	b2ed      	uxtb	r5, r5
100007ae:	4663      	mov	r3, ip
100007b0:	0852      	lsrs	r2, r2, #1
100007b2:	46c4      	mov	ip, r8
100007b4:	187f      	adds	r7, r7, r1
100007b6:	2d00      	cmp	r5, #0
100007b8:	d1c7      	bne.n	1000074a <ssd1306_draw_char_with_font.part.0+0xae>
100007ba:	9d0a      	ldr	r5, [sp, #40]	@ 0x28
100007bc:	9a07      	ldr	r2, [sp, #28]
100007be:	46a8      	mov	r8, r5
100007c0:	4664      	mov	r4, ip
100007c2:	9d09      	ldr	r5, [sp, #36]	@ 0x24
100007c4:	468c      	mov	ip, r1
100007c6:	0019      	movs	r1, r3
100007c8:	9b08      	ldr	r3, [sp, #32]
100007ca:	3201      	adds	r2, #1
100007cc:	4443      	add	r3, r8
100007ce:	4295      	cmp	r5, r2
100007d0:	d1a9      	bne.n	10000726 <ssd1306_draw_char_with_font.part.0+0x8a>
100007d2:	000f      	movs	r7, r1
100007d4:	4661      	mov	r1, ip
100007d6:	46a4      	mov	ip, r4
100007d8:	9b03      	ldr	r3, [sp, #12]
100007da:	9e0d      	ldr	r6, [sp, #52]	@ 0x34
100007dc:	4698      	mov	r8, r3
100007de:	4663      	mov	r3, ip
100007e0:	3601      	adds	r6, #1
100007e2:	785b      	ldrb	r3, [r3, #1]
100007e4:	b2f2      	uxtb	r2, r6
100007e6:	002c      	movs	r4, r5
100007e8:	4488      	add	r8, r1
100007ea:	4293      	cmp	r3, r2
100007ec:	d881      	bhi.n	100006f2 <ssd1306_draw_char_with_font.part.0+0x56>
100007ee:	b00f      	add	sp, #60	@ 0x3c
100007f0:	bcf0      	pop	{r4, r5, r6, r7}
100007f2:	46bb      	mov	fp, r7
100007f4:	46b2      	mov	sl, r6
100007f6:	46a9      	mov	r9, r5
100007f8:	46a0      	mov	r8, r4
100007fa:	bdf0      	pop	{r4, r5, r6, r7, pc}

100007fc <ssd1306_bmp_show_image_with_offset.part.0>:
100007fc:	b5f0      	push	{r4, r5, r6, r7, lr}
100007fe:	46de      	mov	lr, fp
10000800:	4657      	mov	r7, sl
10000802:	464e      	mov	r6, r9
10000804:	4645      	mov	r5, r8
10000806:	b5e0      	push	{r5, r6, r7, lr}
10000808:	4693      	mov	fp, r2
1000080a:	7f4a      	ldrb	r2, [r1, #29]
1000080c:	4684      	mov	ip, r0
1000080e:	7f08      	ldrb	r0, [r1, #28]
10000810:	0212      	lsls	r2, r2, #8
10000812:	b087      	sub	sp, #28
10000814:	4302      	orrs	r2, r0
10000816:	2a01      	cmp	r2, #1
10000818:	d000      	beq.n	1000081c <ssd1306_bmp_show_image_with_offset.part.0+0x20>
1000081a:	e0a6      	b.n	1000096a <ssd1306_bmp_show_image_with_offset.part.0+0x16e>
1000081c:	000c      	movs	r4, r1
1000081e:	7fca      	ldrb	r2, [r1, #31]
10000820:	7f88      	ldrb	r0, [r1, #30]
10000822:	341e      	adds	r4, #30
10000824:	0212      	lsls	r2, r2, #8
10000826:	4302      	orrs	r2, r0
10000828:	78a0      	ldrb	r0, [r4, #2]
1000082a:	0400      	lsls	r0, r0, #16
1000082c:	4310      	orrs	r0, r2
1000082e:	78e2      	ldrb	r2, [r4, #3]
10000830:	0612      	lsls	r2, r2, #24
10000832:	4302      	orrs	r2, r0
10000834:	d000      	beq.n	10000838 <ssd1306_bmp_show_image_with_offset.part.0+0x3c>
10000836:	e098      	b.n	1000096a <ssd1306_bmp_show_image_with_offset.part.0+0x16e>
10000838:	7bca      	ldrb	r2, [r1, #15]
1000083a:	7b88      	ldrb	r0, [r1, #14]
1000083c:	0212      	lsls	r2, r2, #8
1000083e:	4302      	orrs	r2, r0
10000840:	7c08      	ldrb	r0, [r1, #16]
10000842:	0400      	lsls	r0, r0, #16
10000844:	4310      	orrs	r0, r2
10000846:	7c4a      	ldrb	r2, [r1, #17]
10000848:	0612      	lsls	r2, r2, #24
1000084a:	4302      	orrs	r2, r0
1000084c:	188a      	adds	r2, r1, r2
1000084e:	7bd5      	ldrb	r5, [r2, #15]
10000850:	7b90      	ldrb	r0, [r2, #14]
10000852:	022d      	lsls	r5, r5, #8
10000854:	0400      	lsls	r0, r0, #16
10000856:	4305      	orrs	r5, r0
10000858:	7c10      	ldrb	r0, [r2, #16]
1000085a:	4305      	orrs	r5, r0
1000085c:	d008      	beq.n	10000870 <ssd1306_bmp_show_image_with_offset.part.0+0x74>
1000085e:	7c95      	ldrb	r5, [r2, #18]
10000860:	7d10      	ldrb	r0, [r2, #20]
10000862:	7cd2      	ldrb	r2, [r2, #19]
10000864:	042d      	lsls	r5, r5, #16
10000866:	0212      	lsls	r2, r2, #8
10000868:	4305      	orrs	r5, r0
1000086a:	4315      	orrs	r5, r2
1000086c:	426a      	negs	r2, r5
1000086e:	4155      	adcs	r5, r2
10000870:	7cc8      	ldrb	r0, [r1, #19]
10000872:	7c8a      	ldrb	r2, [r1, #18]
10000874:	0200      	lsls	r0, r0, #8
10000876:	4310      	orrs	r0, r2
10000878:	7d0a      	ldrb	r2, [r1, #20]
1000087a:	0412      	lsls	r2, r2, #16
1000087c:	4302      	orrs	r2, r0
1000087e:	7d48      	ldrb	r0, [r1, #21]
10000880:	0600      	lsls	r0, r0, #24
10000882:	4310      	orrs	r0, r2
10000884:	2207      	movs	r2, #7
10000886:	4002      	ands	r2, r0
10000888:	1e54      	subs	r4, r2, #1
1000088a:	41a2      	sbcs	r2, r4
1000088c:	08c4      	lsrs	r4, r0, #3
1000088e:	1912      	adds	r2, r2, r4
10000890:	0014      	movs	r4, r2
10000892:	9203      	str	r2, [sp, #12]
10000894:	2203      	movs	r2, #3
10000896:	4222      	tst	r2, r4
10000898:	d003      	beq.n	100008a2 <ssd1306_bmp_show_image_with_offset.part.0+0xa6>
1000089a:	4394      	bics	r4, r2
1000089c:	0022      	movs	r2, r4
1000089e:	3204      	adds	r2, #4
100008a0:	9203      	str	r2, [sp, #12]
100008a2:	7dca      	ldrb	r2, [r1, #23]
100008a4:	7d8c      	ldrb	r4, [r1, #22]
100008a6:	0212      	lsls	r2, r2, #8
100008a8:	4322      	orrs	r2, r4
100008aa:	7e0c      	ldrb	r4, [r1, #24]
100008ac:	7a8e      	ldrb	r6, [r1, #10]
100008ae:	0424      	lsls	r4, r4, #16
100008b0:	4314      	orrs	r4, r2
100008b2:	7e4a      	ldrb	r2, [r1, #25]
100008b4:	0612      	lsls	r2, r2, #24
100008b6:	4322      	orrs	r2, r4
100008b8:	7acc      	ldrb	r4, [r1, #11]
100008ba:	0224      	lsls	r4, r4, #8
100008bc:	4334      	orrs	r4, r6
100008be:	7b0e      	ldrb	r6, [r1, #12]
100008c0:	0436      	lsls	r6, r6, #16
100008c2:	4326      	orrs	r6, r4
100008c4:	7b4c      	ldrb	r4, [r1, #13]
100008c6:	0624      	lsls	r4, r4, #24
100008c8:	4334      	orrs	r4, r6
100008ca:	1909      	adds	r1, r1, r4
100008cc:	2a00      	cmp	r2, #0
100008ce:	dd53      	ble.n	10000978 <ssd1306_bmp_show_image_with_offset.part.0+0x17c>
100008d0:	3a01      	subs	r2, #1
100008d2:	4692      	mov	sl, r2
100008d4:	2201      	movs	r2, #1
100008d6:	4252      	negs	r2, r2
100008d8:	4690      	mov	r8, r2
100008da:	9204      	str	r2, [sp, #16]
100008dc:	2800      	cmp	r0, #0
100008de:	d044      	beq.n	1000096a <ssd1306_bmp_show_image_with_offset.part.0+0x16e>
100008e0:	4453      	add	r3, sl
100008e2:	4699      	mov	r9, r3
100008e4:	4643      	mov	r3, r8
100008e6:	4654      	mov	r4, sl
100008e8:	46d8      	mov	r8, fp
100008ea:	9305      	str	r3, [sp, #20]
100008ec:	464b      	mov	r3, r9
100008ee:	08db      	lsrs	r3, r3, #3
100008f0:	2207      	movs	r2, #7
100008f2:	9301      	str	r3, [sp, #4]
100008f4:	464b      	mov	r3, r9
100008f6:	2601      	movs	r6, #1
100008f8:	4013      	ands	r3, r2
100008fa:	409e      	lsls	r6, r3
100008fc:	b2f3      	uxtb	r3, r6
100008fe:	469a      	mov	sl, r3
10000900:	4656      	mov	r6, sl
10000902:	4642      	mov	r2, r8
10000904:	2300      	movs	r3, #0
10000906:	46a3      	mov	fp, r4
10000908:	9602      	str	r6, [sp, #8]
1000090a:	e003      	b.n	10000914 <ssd1306_bmp_show_image_with_offset.part.0+0x118>
1000090c:	3301      	adds	r3, #1
1000090e:	3201      	adds	r2, #1
10000910:	4283      	cmp	r3, r0
10000912:	d01f      	beq.n	10000954 <ssd1306_bmp_show_image_with_offset.part.0+0x158>
10000914:	2607      	movs	r6, #7
10000916:	08dc      	lsrs	r4, r3, #3
10000918:	5d0c      	ldrb	r4, [r1, r4]
1000091a:	439e      	bics	r6, r3
1000091c:	4134      	asrs	r4, r6
1000091e:	2601      	movs	r6, #1
10000920:	4034      	ands	r4, r6
10000922:	42ac      	cmp	r4, r5
10000924:	d1f2      	bne.n	1000090c <ssd1306_bmp_show_image_with_offset.part.0+0x110>
10000926:	4664      	mov	r4, ip
10000928:	7824      	ldrb	r4, [r4, #0]
1000092a:	4294      	cmp	r4, r2
1000092c:	d9ee      	bls.n	1000090c <ssd1306_bmp_show_image_with_offset.part.0+0x110>
1000092e:	4666      	mov	r6, ip
10000930:	7876      	ldrb	r6, [r6, #1]
10000932:	454e      	cmp	r6, r9
10000934:	d9ea      	bls.n	1000090c <ssd1306_bmp_show_image_with_offset.part.0+0x110>
10000936:	9e01      	ldr	r6, [sp, #4]
10000938:	3301      	adds	r3, #1
1000093a:	4374      	muls	r4, r6
1000093c:	18a7      	adds	r7, r4, r2
1000093e:	4664      	mov	r4, ip
10000940:	68e6      	ldr	r6, [r4, #12]
10000942:	3201      	adds	r2, #1
10000944:	5df4      	ldrb	r4, [r6, r7]
10000946:	9600      	str	r6, [sp, #0]
10000948:	9e02      	ldr	r6, [sp, #8]
1000094a:	4334      	orrs	r4, r6
1000094c:	9e00      	ldr	r6, [sp, #0]
1000094e:	55f4      	strb	r4, [r6, r7]
10000950:	4283      	cmp	r3, r0
10000952:	d1df      	bne.n	10000914 <ssd1306_bmp_show_image_with_offset.part.0+0x118>
10000954:	9b03      	ldr	r3, [sp, #12]
10000956:	465c      	mov	r4, fp
10000958:	469a      	mov	sl, r3
1000095a:	9b05      	ldr	r3, [sp, #20]
1000095c:	4451      	add	r1, sl
1000095e:	469a      	mov	sl, r3
10000960:	9b04      	ldr	r3, [sp, #16]
10000962:	4454      	add	r4, sl
10000964:	44d1      	add	r9, sl
10000966:	429c      	cmp	r4, r3
10000968:	d1c0      	bne.n	100008ec <ssd1306_bmp_show_image_with_offset.part.0+0xf0>
1000096a:	b007      	add	sp, #28
1000096c:	bcf0      	pop	{r4, r5, r6, r7}
1000096e:	46bb      	mov	fp, r7
10000970:	46b2      	mov	sl, r6
10000972:	46a9      	mov	r9, r5
10000974:	46a0      	mov	r8, r4
10000976:	bdf0      	pop	{r4, r5, r6, r7, pc}
10000978:	2a00      	cmp	r2, #0
1000097a:	d0f6      	beq.n	1000096a <ssd1306_bmp_show_image_with_offset.part.0+0x16e>
1000097c:	4252      	negs	r2, r2
1000097e:	9204      	str	r2, [sp, #16]
10000980:	2200      	movs	r2, #0
10000982:	4692      	mov	sl, r2
10000984:	3201      	adds	r2, #1
10000986:	4690      	mov	r8, r2
10000988:	e7a8      	b.n	100008dc <ssd1306_bmp_show_image_with_offset.part.0+0xe0>
1000098a:	46c0      	nop			@ (mov r8, r8)

1000098c <ssd1306_init>:
1000098c:	b5f0      	push	{r4, r5, r6, r7, lr}
1000098e:	46de      	mov	lr, fp
10000990:	4657      	mov	r7, sl
10000992:	464e      	mov	r6, r9
10000994:	4645      	mov	r5, r8
10000996:	b5e0      	push	{r5, r6, r7, lr}
10000998:	b08b      	sub	sp, #44	@ 0x2c
1000099a:	469a      	mov	sl, r3
1000099c:	9b14      	ldr	r3, [sp, #80]	@ 0x50
1000099e:	0015      	movs	r5, r2
100009a0:	469b      	mov	fp, r3
100009a2:	2200      	movs	r2, #0
100009a4:	0006      	movs	r6, r0
100009a6:	000f      	movs	r7, r1
100009a8:	4b43      	ldr	r3, [pc, #268]	@ (10000ab8 <ssd1306_init+0x12c>)
100009aa:	446b      	add	r3, sp
100009ac:	601a      	str	r2, [r3, #0]
100009ae:	b2c8      	uxtb	r0, r1
100009b0:	4942      	ldr	r1, [pc, #264]	@ (10000abc <ssd1306_init+0x130>)
100009b2:	b2eb      	uxtb	r3, r5
100009b4:	4039      	ands	r1, r7
100009b6:	4698      	mov	r8, r3
100009b8:	021b      	lsls	r3, r3, #8
100009ba:	430b      	orrs	r3, r1
100009bc:	4651      	mov	r1, sl
100009be:	08ea      	lsrs	r2, r5, #3
100009c0:	b2d2      	uxtb	r2, r2
100009c2:	0414      	lsls	r4, r2, #16
100009c4:	4323      	orrs	r3, r4
100009c6:	021b      	lsls	r3, r3, #8
100009c8:	0609      	lsls	r1, r1, #24
100009ca:	0a1b      	lsrs	r3, r3, #8
100009cc:	430b      	orrs	r3, r1
100009ce:	6033      	str	r3, [r6, #0]
100009d0:	465b      	mov	r3, fp
100009d2:	4350      	muls	r0, r2
100009d4:	6073      	str	r3, [r6, #4]
100009d6:	6130      	str	r0, [r6, #16]
100009d8:	3001      	adds	r0, #1
100009da:	f003 f9a9 	bl	10003d30 <__wrap_malloc>
100009de:	60f0      	str	r0, [r6, #12]
100009e0:	2800      	cmp	r0, #0
100009e2:	d067      	beq.n	10000ab4 <ssd1306_init+0x128>
100009e4:	4b36      	ldr	r3, [pc, #216]	@ (10000ac0 <ssd1306_init+0x134>)
100009e6:	ac03      	add	r4, sp, #12
100009e8:	9303      	str	r3, [sp, #12]
100009ea:	4643      	mov	r3, r8
100009ec:	3b01      	subs	r3, #1
100009ee:	7123      	strb	r3, [r4, #4]
100009f0:	23d3      	movs	r3, #211	@ 0xd3
100009f2:	7163      	strb	r3, [r4, #5]
100009f4:	2380      	movs	r3, #128	@ 0x80
100009f6:	01db      	lsls	r3, r3, #7
100009f8:	80e3      	strh	r3, [r4, #6]
100009fa:	238d      	movs	r3, #141	@ 0x8d
100009fc:	7223      	strb	r3, [r4, #8]
100009fe:	7a33      	ldrb	r3, [r6, #8]
10000a00:	3001      	adds	r0, #1
10000a02:	60f0      	str	r0, [r6, #12]
10000a04:	006d      	lsls	r5, r5, #1
10000a06:	2b00      	cmp	r3, #0
10000a08:	d148      	bne.n	10000a9c <ssd1306_init+0x110>
10000a0a:	2314      	movs	r3, #20
10000a0c:	42bd      	cmp	r5, r7
10000a0e:	db4b      	blt.n	10000aa8 <ssd1306_init+0x11c>
10000a10:	2112      	movs	r1, #18
10000a12:	22f1      	movs	r2, #241	@ 0xf1
10000a14:	7263      	strb	r3, [r4, #9]
10000a16:	4b2b      	ldr	r3, [pc, #172]	@ (10000ac4 <ssd1306_init+0x138>)
10000a18:	2725      	movs	r7, #37	@ 0x25
10000a1a:	8163      	strh	r3, [r4, #10]
10000a1c:	23da      	movs	r3, #218	@ 0xda
10000a1e:	7323      	strb	r3, [r4, #12]
10000a20:	3b5a      	subs	r3, #90	@ 0x5a
10000a22:	3bff      	subs	r3, #255	@ 0xff
10000a24:	81e3      	strh	r3, [r4, #14]
10000a26:	3359      	adds	r3, #89	@ 0x59
10000a28:	33ff      	adds	r3, #255	@ 0xff
10000a2a:	7423      	strb	r3, [r4, #16]
10000a2c:	4b26      	ldr	r3, [pc, #152]	@ (10000ac8 <ssd1306_init+0x13c>)
10000a2e:	7361      	strb	r1, [r4, #13]
10000a30:	8263      	strh	r3, [r4, #18]
10000a32:	4b26      	ldr	r3, [pc, #152]	@ (10000acc <ssd1306_init+0x140>)
10000a34:	7462      	strb	r2, [r4, #17]
10000a36:	9308      	str	r3, [sp, #32]
10000a38:	2300      	movs	r3, #0
10000a3a:	7623      	strb	r3, [r4, #24]
10000a3c:	4b24      	ldr	r3, [pc, #144]	@ (10000ad0 <ssd1306_init+0x144>)
10000a3e:	446f      	add	r7, sp
10000a40:	4698      	mov	r8, r3
10000a42:	4b24      	ldr	r3, [pc, #144]	@ (10000ad4 <ssd1306_init+0x148>)
10000a44:	ad02      	add	r5, sp, #8
10000a46:	4699      	mov	r9, r3
10000a48:	e00c      	b.n	10000a64 <ssd1306_init+0xd8>
10000a4a:	3001      	adds	r0, #1
10000a4c:	d103      	bne.n	10000a56 <ssd1306_init+0xca>
10000a4e:	4641      	mov	r1, r8
10000a50:	4821      	ldr	r0, [pc, #132]	@ (10000ad8 <ssd1306_init+0x14c>)
10000a52:	f005 f81f 	bl	10005a94 <__wrap_printf>
10000a56:	3401      	adds	r4, #1
10000a58:	42a7      	cmp	r7, r4
10000a5a:	d017      	beq.n	10000a8c <ssd1306_init+0x100>
10000a5c:	6873      	ldr	r3, [r6, #4]
10000a5e:	469b      	mov	fp, r3
10000a60:	78f3      	ldrb	r3, [r6, #3]
10000a62:	469a      	mov	sl, r3
10000a64:	2300      	movs	r3, #0
10000a66:	7822      	ldrb	r2, [r4, #0]
10000a68:	702b      	strb	r3, [r5, #0]
10000a6a:	706a      	strb	r2, [r5, #1]
10000a6c:	4651      	mov	r1, sl
10000a6e:	9300      	str	r3, [sp, #0]
10000a70:	002a      	movs	r2, r5
10000a72:	3302      	adds	r3, #2
10000a74:	4658      	mov	r0, fp
10000a76:	f006 fe91 	bl	1000779c <i2c_write_blocking>
10000a7a:	1c83      	adds	r3, r0, #2
10000a7c:	d1e5      	bne.n	10000a4a <ssd1306_init+0xbe>
10000a7e:	4641      	mov	r1, r8
10000a80:	4648      	mov	r0, r9
10000a82:	3401      	adds	r4, #1
10000a84:	f005 f806 	bl	10005a94 <__wrap_printf>
10000a88:	42a7      	cmp	r7, r4
10000a8a:	d1e7      	bne.n	10000a5c <ssd1306_init+0xd0>
10000a8c:	2001      	movs	r0, #1
10000a8e:	b00b      	add	sp, #44	@ 0x2c
10000a90:	bcf0      	pop	{r4, r5, r6, r7}
10000a92:	46bb      	mov	fp, r7
10000a94:	46b2      	mov	sl, r6
10000a96:	46a9      	mov	r9, r5
10000a98:	46a0      	mov	r8, r4
10000a9a:	bdf0      	pop	{r4, r5, r6, r7, pc}
10000a9c:	2310      	movs	r3, #16
10000a9e:	42bd      	cmp	r5, r7
10000aa0:	db05      	blt.n	10000aae <ssd1306_init+0x122>
10000aa2:	2112      	movs	r1, #18
10000aa4:	2222      	movs	r2, #34	@ 0x22
10000aa6:	e7b5      	b.n	10000a14 <ssd1306_init+0x88>
10000aa8:	2102      	movs	r1, #2
10000aaa:	22f1      	movs	r2, #241	@ 0xf1
10000aac:	e7b2      	b.n	10000a14 <ssd1306_init+0x88>
10000aae:	2102      	movs	r1, #2
10000ab0:	2222      	movs	r2, #34	@ 0x22
10000ab2:	e7af      	b.n	10000a14 <ssd1306_init+0x88>
10000ab4:	6130      	str	r0, [r6, #16]
10000ab6:	e7ea      	b.n	10000a8e <ssd1306_init+0x102>
10000ab8:	ffffeed8 	.word	0xffffeed8
10000abc:	ffff00ff 	.word	0xffff00ff
10000ac0:	a880d5ae 	.word	0xa880d5ae
10000ac4:	ffffc8a1 	.word	0xffffc8a1
10000ac8:	000030db 	.word	0x000030db
10000acc:	20afa6a4 	.word	0x20afa6a4
10000ad0:	10008384 	.word	0x10008384
10000ad4:	100083b4 	.word	0x100083b4
10000ad8:	10008394 	.word	0x10008394

10000adc <ssd1306_poweroff>:
10000adc:	2300      	movs	r3, #0
10000ade:	b500      	push	{lr}
10000ae0:	4a0e      	ldr	r2, [pc, #56]	@ (10000b1c <ssd1306_poweroff+0x40>)
10000ae2:	b085      	sub	sp, #20
10000ae4:	446a      	add	r2, sp
10000ae6:	6013      	str	r3, [r2, #0]
10000ae8:	490d      	ldr	r1, [pc, #52]	@ (10000b20 <ssd1306_poweroff+0x44>)
10000aea:	aa03      	add	r2, sp, #12
10000aec:	8011      	strh	r1, [r2, #0]
10000aee:	78c1      	ldrb	r1, [r0, #3]
10000af0:	6840      	ldr	r0, [r0, #4]
10000af2:	9300      	str	r3, [sp, #0]
10000af4:	3302      	adds	r3, #2
10000af6:	f006 fe51 	bl	1000779c <i2c_write_blocking>
10000afa:	1c83      	adds	r3, r0, #2
10000afc:	d008      	beq.n	10000b10 <ssd1306_poweroff+0x34>
10000afe:	3001      	adds	r0, #1
10000b00:	d001      	beq.n	10000b06 <ssd1306_poweroff+0x2a>
10000b02:	b005      	add	sp, #20
10000b04:	bd00      	pop	{pc}
10000b06:	4907      	ldr	r1, [pc, #28]	@ (10000b24 <ssd1306_poweroff+0x48>)
10000b08:	4807      	ldr	r0, [pc, #28]	@ (10000b28 <ssd1306_poweroff+0x4c>)
10000b0a:	f004 ffc3 	bl	10005a94 <__wrap_printf>
10000b0e:	e7f8      	b.n	10000b02 <ssd1306_poweroff+0x26>
10000b10:	4904      	ldr	r1, [pc, #16]	@ (10000b24 <ssd1306_poweroff+0x48>)
10000b12:	4806      	ldr	r0, [pc, #24]	@ (10000b2c <ssd1306_poweroff+0x50>)
10000b14:	f004 ffbe 	bl	10005a94 <__wrap_printf>
10000b18:	e7f3      	b.n	10000b02 <ssd1306_poweroff+0x26>
10000b1a:	46c0      	nop			@ (mov r8, r8)
10000b1c:	ffffeed8 	.word	0xffffeed8
10000b20:	ffffae00 	.word	0xffffae00
10000b24:	10008384 	.word	0x10008384
10000b28:	10008394 	.word	0x10008394
10000b2c:	100083b4 	.word	0x100083b4

10000b30 <ssd1306_poweron>:
10000b30:	2300      	movs	r3, #0
10000b32:	b500      	push	{lr}
10000b34:	4a0e      	ldr	r2, [pc, #56]	@ (10000b70 <ssd1306_poweron+0x40>)
10000b36:	b085      	sub	sp, #20
10000b38:	446a      	add	r2, sp
10000b3a:	6013      	str	r3, [r2, #0]
10000b3c:	490d      	ldr	r1, [pc, #52]	@ (10000b74 <ssd1306_poweron+0x44>)
10000b3e:	aa03      	add	r2, sp, #12
10000b40:	8011      	strh	r1, [r2, #0]
10000b42:	78c1      	ldrb	r1, [r0, #3]
10000b44:	6840      	ldr	r0, [r0, #4]
10000b46:	9300      	str	r3, [sp, #0]
10000b48:	3302      	adds	r3, #2
10000b4a:	f006 fe27 	bl	1000779c <i2c_write_blocking>
10000b4e:	1c83      	adds	r3, r0, #2
10000b50:	d008      	beq.n	10000b64 <ssd1306_poweron+0x34>
10000b52:	3001      	adds	r0, #1
10000b54:	d001      	beq.n	10000b5a <ssd1306_poweron+0x2a>
10000b56:	b005      	add	sp, #20
10000b58:	bd00      	pop	{pc}
10000b5a:	4907      	ldr	r1, [pc, #28]	@ (10000b78 <ssd1306_poweron+0x48>)
10000b5c:	4807      	ldr	r0, [pc, #28]	@ (10000b7c <ssd1306_poweron+0x4c>)
10000b5e:	f004 ff99 	bl	10005a94 <__wrap_printf>
10000b62:	e7f8      	b.n	10000b56 <ssd1306_poweron+0x26>
10000b64:	4904      	ldr	r1, [pc, #16]	@ (10000b78 <ssd1306_poweron+0x48>)
10000b66:	4806      	ldr	r0, [pc, #24]	@ (10000b80 <ssd1306_poweron+0x50>)
10000b68:	f004 ff94 	bl	10005a94 <__wrap_printf>
10000b6c:	e7f3      	b.n	10000b56 <ssd1306_poweron+0x26>
10000b6e:	46c0      	nop			@ (mov r8, r8)
10000b70:	ffffeed8 	.word	0xffffeed8
10000b74:	ffffaf00 	.word	0xffffaf00
10000b78:	10008384 	.word	0x10008384
10000b7c:	10008394 	.word	0x10008394
10000b80:	100083b4 	.word	0x100083b4

10000b84 <ssd1306_clear>:
10000b84:	2100      	movs	r1, #0
10000b86:	0003      	movs	r3, r0
10000b88:	b510      	push	{r4, lr}
10000b8a:	4a04      	ldr	r2, [pc, #16]	@ (10000b9c <ssd1306_clear+0x18>)
10000b8c:	446a      	add	r2, sp
10000b8e:	6011      	str	r1, [r2, #0]
10000b90:	68c0      	ldr	r0, [r0, #12]
10000b92:	691a      	ldr	r2, [r3, #16]
10000b94:	f003 f8f8 	bl	10003d88 <__wrap_memset>
10000b98:	bd10      	pop	{r4, pc}
10000b9a:	46c0      	nop			@ (mov r8, r8)
10000b9c:	ffffeed8 	.word	0xffffeed8

10000ba0 <ssd1306_bmp_show_image>:
10000ba0:	b510      	push	{r4, lr}
10000ba2:	2400      	movs	r4, #0
10000ba4:	4b04      	ldr	r3, [pc, #16]	@ (10000bb8 <ssd1306_bmp_show_image+0x18>)
10000ba6:	446b      	add	r3, sp
10000ba8:	601c      	str	r4, [r3, #0]
10000baa:	2a35      	cmp	r2, #53	@ 0x35
10000bac:	dd03      	ble.n	10000bb6 <ssd1306_bmp_show_image+0x16>
10000bae:	2300      	movs	r3, #0
10000bb0:	2200      	movs	r2, #0
10000bb2:	f7ff fe23 	bl	100007fc <ssd1306_bmp_show_image_with_offset.part.0>
10000bb6:	bd10      	pop	{r4, pc}
10000bb8:	ffffeed8 	.word	0xffffeed8

10000bbc <ssd1306_show>:
10000bbc:	b5f0      	push	{r4, r5, r6, r7, lr}
10000bbe:	46ce      	mov	lr, r9
10000bc0:	4647      	mov	r7, r8
10000bc2:	2300      	movs	r3, #0
10000bc4:	0006      	movs	r6, r0
10000bc6:	b580      	push	{r7, lr}
10000bc8:	4a2d      	ldr	r2, [pc, #180]	@ (10000c80 <ssd1306_show+0xc4>)
10000bca:	b087      	sub	sp, #28
10000bcc:	446a      	add	r2, sp
10000bce:	6013      	str	r3, [r2, #0]
10000bd0:	2221      	movs	r2, #33	@ 0x21
10000bd2:	ac04      	add	r4, sp, #16
10000bd4:	8022      	strh	r2, [r4, #0]
10000bd6:	7802      	ldrb	r2, [r0, #0]
10000bd8:	7123      	strb	r3, [r4, #4]
10000bda:	1e51      	subs	r1, r2, #1
10000bdc:	70a1      	strb	r1, [r4, #2]
10000bde:	2122      	movs	r1, #34	@ 0x22
10000be0:	70e1      	strb	r1, [r4, #3]
10000be2:	7883      	ldrb	r3, [r0, #2]
10000be4:	3b01      	subs	r3, #1
10000be6:	7163      	strb	r3, [r4, #5]
10000be8:	2a40      	cmp	r2, #64	@ 0x40
10000bea:	d103      	bne.n	10000bf4 <ssd1306_show+0x38>
10000bec:	2320      	movs	r3, #32
10000bee:	7063      	strb	r3, [r4, #1]
10000bf0:	333f      	adds	r3, #63	@ 0x3f
10000bf2:	70a3      	strb	r3, [r4, #2]
10000bf4:	2716      	movs	r7, #22
10000bf6:	4b23      	ldr	r3, [pc, #140]	@ (10000c84 <ssd1306_show+0xc8>)
10000bf8:	446f      	add	r7, sp
10000bfa:	4698      	mov	r8, r3
10000bfc:	4b22      	ldr	r3, [pc, #136]	@ (10000c88 <ssd1306_show+0xcc>)
10000bfe:	ad03      	add	r5, sp, #12
10000c00:	4699      	mov	r9, r3
10000c02:	e008      	b.n	10000c16 <ssd1306_show+0x5a>
10000c04:	3001      	adds	r0, #1
10000c06:	d103      	bne.n	10000c10 <ssd1306_show+0x54>
10000c08:	4641      	mov	r1, r8
10000c0a:	4820      	ldr	r0, [pc, #128]	@ (10000c8c <ssd1306_show+0xd0>)
10000c0c:	f004 ff42 	bl	10005a94 <__wrap_printf>
10000c10:	3401      	adds	r4, #1
10000c12:	42a7      	cmp	r7, r4
10000c14:	d013      	beq.n	10000c3e <ssd1306_show+0x82>
10000c16:	2300      	movs	r3, #0
10000c18:	7822      	ldrb	r2, [r4, #0]
10000c1a:	702b      	strb	r3, [r5, #0]
10000c1c:	706a      	strb	r2, [r5, #1]
10000c1e:	78f1      	ldrb	r1, [r6, #3]
10000c20:	6870      	ldr	r0, [r6, #4]
10000c22:	002a      	movs	r2, r5
10000c24:	9300      	str	r3, [sp, #0]
10000c26:	3302      	adds	r3, #2
10000c28:	f006 fdb8 	bl	1000779c <i2c_write_blocking>
10000c2c:	1c83      	adds	r3, r0, #2
10000c2e:	d1e9      	bne.n	10000c04 <ssd1306_show+0x48>
10000c30:	4641      	mov	r1, r8
10000c32:	4648      	mov	r0, r9
10000c34:	3401      	adds	r4, #1
10000c36:	f004 ff2d 	bl	10005a94 <__wrap_printf>
10000c3a:	42a7      	cmp	r7, r4
10000c3c:	d1eb      	bne.n	10000c16 <ssd1306_show+0x5a>
10000c3e:	2240      	movs	r2, #64	@ 0x40
10000c40:	2400      	movs	r4, #0
10000c42:	68f3      	ldr	r3, [r6, #12]
10000c44:	3b01      	subs	r3, #1
10000c46:	701a      	strb	r2, [r3, #0]
10000c48:	6933      	ldr	r3, [r6, #16]
10000c4a:	68f2      	ldr	r2, [r6, #12]
10000c4c:	78f1      	ldrb	r1, [r6, #3]
10000c4e:	6870      	ldr	r0, [r6, #4]
10000c50:	3301      	adds	r3, #1
10000c52:	3a01      	subs	r2, #1
10000c54:	9400      	str	r4, [sp, #0]
10000c56:	f006 fda1 	bl	1000779c <i2c_write_blocking>
10000c5a:	1c83      	adds	r3, r0, #2
10000c5c:	d00b      	beq.n	10000c76 <ssd1306_show+0xba>
10000c5e:	3001      	adds	r0, #1
10000c60:	d004      	beq.n	10000c6c <ssd1306_show+0xb0>
10000c62:	b007      	add	sp, #28
10000c64:	bcc0      	pop	{r6, r7}
10000c66:	46b9      	mov	r9, r7
10000c68:	46b0      	mov	r8, r6
10000c6a:	bdf0      	pop	{r4, r5, r6, r7, pc}
10000c6c:	4908      	ldr	r1, [pc, #32]	@ (10000c90 <ssd1306_show+0xd4>)
10000c6e:	4807      	ldr	r0, [pc, #28]	@ (10000c8c <ssd1306_show+0xd0>)
10000c70:	f004 ff10 	bl	10005a94 <__wrap_printf>
10000c74:	e7f5      	b.n	10000c62 <ssd1306_show+0xa6>
10000c76:	4906      	ldr	r1, [pc, #24]	@ (10000c90 <ssd1306_show+0xd4>)
10000c78:	4803      	ldr	r0, [pc, #12]	@ (10000c88 <ssd1306_show+0xcc>)
10000c7a:	f004 ff0b 	bl	10005a94 <__wrap_printf>
10000c7e:	e7f0      	b.n	10000c62 <ssd1306_show+0xa6>
10000c80:	ffffeed8 	.word	0xffffeed8
10000c84:	10008384 	.word	0x10008384
10000c88:	100083b4 	.word	0x100083b4
10000c8c:	10008394 	.word	0x10008394
10000c90:	100083c4 	.word	0x100083c4

10000c94 <ssd1306_show_image_with_text>:
10000c94:	b5f0      	push	{r4, r5, r6, r7, lr}
10000c96:	46de      	mov	lr, fp
10000c98:	4657      	mov	r7, sl
10000c9a:	4645      	mov	r5, r8
10000c9c:	464e      	mov	r6, r9
10000c9e:	b5e0      	push	{r5, r6, r7, lr}
10000ca0:	b083      	sub	sp, #12
10000ca2:	001c      	movs	r4, r3
10000ca4:	9b0c      	ldr	r3, [sp, #48]	@ 0x30
10000ca6:	4693      	mov	fp, r2
10000ca8:	4698      	mov	r8, r3
10000caa:	2200      	movs	r2, #0
10000cac:	0007      	movs	r7, r0
10000cae:	468a      	mov	sl, r1
10000cb0:	4b25      	ldr	r3, [pc, #148]	@ (10000d48 <ssd1306_show_image_with_text+0xb4>)
10000cb2:	446b      	add	r3, sp
10000cb4:	601a      	str	r2, [r3, #0]
10000cb6:	2100      	movs	r1, #0
10000cb8:	693a      	ldr	r2, [r7, #16]
10000cba:	68c0      	ldr	r0, [r0, #12]
10000cbc:	f003 f864 	bl	10003d88 <__wrap_memset>
10000cc0:	0020      	movs	r0, r4
10000cc2:	f007 fa1f 	bl	10008104 <strlen>
10000cc6:	4643      	mov	r3, r8
10000cc8:	783d      	ldrb	r5, [r7, #0]
10000cca:	005e      	lsls	r6, r3, #1
10000ccc:	9b0d      	ldr	r3, [sp, #52]	@ 0x34
10000cce:	4446      	add	r6, r8
10000cd0:	1aed      	subs	r5, r5, r3
10000cd2:	4643      	mov	r3, r8
10000cd4:	0076      	lsls	r6, r6, #1
10000cd6:	4370      	muls	r0, r6
10000cd8:	990e      	ldr	r1, [sp, #56]	@ 0x38
10000cda:	00db      	lsls	r3, r3, #3
10000cdc:	787a      	ldrb	r2, [r7, #1]
10000cde:	1859      	adds	r1, r3, r1
10000ce0:	1a2d      	subs	r5, r5, r0
10000ce2:	4291      	cmp	r1, r2
10000ce4:	d901      	bls.n	10000cea <ssd1306_show_image_with_text+0x56>
10000ce6:	1ad3      	subs	r3, r2, r3
10000ce8:	930e      	str	r3, [sp, #56]	@ 0x38
10000cea:	7823      	ldrb	r3, [r4, #0]
10000cec:	2b00      	cmp	r3, #0
10000cee:	d013      	beq.n	10000d18 <ssd1306_show_image_with_text+0x84>
10000cf0:	4a16      	ldr	r2, [pc, #88]	@ (10000d4c <ssd1306_show_image_with_text+0xb8>)
10000cf2:	4691      	mov	r9, r2
10000cf4:	001a      	movs	r2, r3
10000cf6:	3a20      	subs	r2, #32
10000cf8:	3401      	adds	r4, #1
10000cfa:	2a5e      	cmp	r2, #94	@ 0x5e
10000cfc:	d81f      	bhi.n	10000d3e <ssd1306_show_image_with_text+0xaa>
10000cfe:	9301      	str	r3, [sp, #4]
10000d00:	464b      	mov	r3, r9
10000d02:	0029      	movs	r1, r5
10000d04:	9300      	str	r3, [sp, #0]
10000d06:	0038      	movs	r0, r7
10000d08:	4643      	mov	r3, r8
10000d0a:	9a0e      	ldr	r2, [sp, #56]	@ 0x38
10000d0c:	f7ff fcc6 	bl	1000069c <ssd1306_draw_char_with_font.part.0>
10000d10:	7823      	ldrb	r3, [r4, #0]
10000d12:	1975      	adds	r5, r6, r5
10000d14:	2b00      	cmp	r3, #0
10000d16:	d1ed      	bne.n	10000cf4 <ssd1306_show_image_with_text+0x60>
10000d18:	465b      	mov	r3, fp
10000d1a:	2b35      	cmp	r3, #53	@ 0x35
10000d1c:	dd05      	ble.n	10000d2a <ssd1306_show_image_with_text+0x96>
10000d1e:	2300      	movs	r3, #0
10000d20:	2200      	movs	r2, #0
10000d22:	4651      	mov	r1, sl
10000d24:	0038      	movs	r0, r7
10000d26:	f7ff fd69 	bl	100007fc <ssd1306_bmp_show_image_with_offset.part.0>
10000d2a:	0038      	movs	r0, r7
10000d2c:	f7ff ff46 	bl	10000bbc <ssd1306_show>
10000d30:	b003      	add	sp, #12
10000d32:	bcf0      	pop	{r4, r5, r6, r7}
10000d34:	46bb      	mov	fp, r7
10000d36:	46b2      	mov	sl, r6
10000d38:	46a9      	mov	r9, r5
10000d3a:	46a0      	mov	r8, r4
10000d3c:	bdf0      	pop	{r4, r5, r6, r7, pc}
10000d3e:	7823      	ldrb	r3, [r4, #0]
10000d40:	1975      	adds	r5, r6, r5
10000d42:	2b00      	cmp	r3, #0
10000d44:	d1d6      	bne.n	10000cf4 <ssd1306_show_image_with_text+0x60>
10000d46:	e7e7      	b.n	10000d18 <ssd1306_show_image_with_text+0x84>
10000d48:	ffffeed8 	.word	0xffffeed8
10000d4c:	10008648 	.word	0x10008648

10000d50 <cdc_animation>:
10000d50:	b5f0      	push	{r4, r5, r6, r7, lr}
10000d52:	46de      	mov	lr, fp
10000d54:	4657      	mov	r7, sl
10000d56:	464e      	mov	r6, r9
10000d58:	4645      	mov	r5, r8
10000d5a:	2300      	movs	r3, #0
10000d5c:	b5e0      	push	{r5, r6, r7, lr}
10000d5e:	4ad5      	ldr	r2, [pc, #852]	@ (100010b4 <cdc_animation+0x364>)
10000d60:	b09f      	sub	sp, #124	@ 0x7c
10000d62:	446a      	add	r2, sp
10000d64:	6013      	str	r3, [r2, #0]
10000d66:	aa19      	add	r2, sp, #100	@ 0x64
10000d68:	4693      	mov	fp, r2
10000d6a:	7213      	strb	r3, [r2, #8]
10000d6c:	4bd2      	ldr	r3, [pc, #840]	@ (100010b8 <cdc_animation+0x368>)
10000d6e:	2220      	movs	r2, #32
10000d70:	2180      	movs	r1, #128	@ 0x80
10000d72:	9300      	str	r3, [sp, #0]
10000d74:	4658      	mov	r0, fp
10000d76:	233c      	movs	r3, #60	@ 0x3c
10000d78:	f7ff fe08 	bl	1000098c <ssd1306_init>
10000d7c:	af15      	add	r7, sp, #84	@ 0x54
10000d7e:	4658      	mov	r0, fp
10000d80:	f7ff ff00 	bl	10000b84 <ssd1306_clear>
10000d84:	220f      	movs	r2, #15
10000d86:	2100      	movs	r1, #0
10000d88:	0038      	movs	r0, r7
10000d8a:	f002 fffd 	bl	10003d88 <__wrap_memset>
10000d8e:	f001 fd15 	bl	100027bc <time_us_64>
10000d92:	2900      	cmp	r1, #0
10000d94:	d100      	bne.n	10000d98 <cdc_animation+0x48>
10000d96:	e1e9      	b.n	1000116c <cdc_animation+0x41c>
10000d98:	22fa      	movs	r2, #250	@ 0xfa
10000d9a:	2300      	movs	r3, #0
10000d9c:	0092      	lsls	r2, r2, #2
10000d9e:	f002 f929 	bl	10002ff4 <__wrap___aeabi_uldivmod>
10000da2:	9006      	str	r0, [sp, #24]
10000da4:	4cc5      	ldr	r4, [pc, #788]	@ (100010bc <cdc_animation+0x36c>)
10000da6:	4bc6      	ldr	r3, [pc, #792]	@ (100010c0 <cdc_animation+0x370>)
10000da8:	18e5      	adds	r5, r4, r3
10000daa:	0021      	movs	r1, r4
10000dac:	4658      	mov	r0, fp
10000dae:	4ac5      	ldr	r2, [pc, #788]	@ (100010c4 <cdc_animation+0x374>)
10000db0:	f7ff fef6 	bl	10000ba0 <ssd1306_bmp_show_image>
10000db4:	4bc3      	ldr	r3, [pc, #780]	@ (100010c4 <cdc_animation+0x374>)
10000db6:	469c      	mov	ip, r3
10000db8:	4464      	add	r4, ip
10000dba:	42a5      	cmp	r5, r4
10000dbc:	d1f5      	bne.n	10000daa <cdc_animation+0x5a>
10000dbe:	2300      	movs	r3, #0
10000dc0:	930a      	str	r3, [sp, #40]	@ 0x28
10000dc2:	9309      	str	r3, [sp, #36]	@ 0x24
10000dc4:	33c8      	adds	r3, #200	@ 0xc8
10000dc6:	9307      	str	r3, [sp, #28]
10000dc8:	4bbf      	ldr	r3, [pc, #764]	@ (100010c8 <cdc_animation+0x378>)
10000dca:	2601      	movs	r6, #1
10000dcc:	9308      	str	r3, [sp, #32]
10000dce:	4bbf      	ldr	r3, [pc, #764]	@ (100010cc <cdc_animation+0x37c>)
10000dd0:	4dbf      	ldr	r5, [pc, #764]	@ (100010d0 <cdc_animation+0x380>)
10000dd2:	4698      	mov	r8, r3
10000dd4:	46c2      	mov	sl, r8
10000dd6:	4bbf      	ldr	r3, [pc, #764]	@ (100010d4 <cdc_animation+0x384>)
10000dd8:	4cbf      	ldr	r4, [pc, #764]	@ (100010d8 <cdc_animation+0x388>)
10000dda:	930c      	str	r3, [sp, #48]	@ 0x30
10000ddc:	4bbf      	ldr	r3, [pc, #764]	@ (100010dc <cdc_animation+0x38c>)
10000dde:	9604      	str	r6, [sp, #16]
10000de0:	9311      	str	r3, [sp, #68]	@ 0x44
10000de2:	4bbf      	ldr	r3, [pc, #764]	@ (100010e0 <cdc_animation+0x390>)
10000de4:	9505      	str	r5, [sp, #20]
10000de6:	930e      	str	r3, [sp, #56]	@ 0x38
10000de8:	4bbe      	ldr	r3, [pc, #760]	@ (100010e4 <cdc_animation+0x394>)
10000dea:	930d      	str	r3, [sp, #52]	@ 0x34
10000dec:	4bbe      	ldr	r3, [pc, #760]	@ (100010e8 <cdc_animation+0x398>)
10000dee:	930f      	str	r3, [sp, #60]	@ 0x3c
10000df0:	4bbe      	ldr	r3, [pc, #760]	@ (100010ec <cdc_animation+0x39c>)
10000df2:	9310      	str	r3, [sp, #64]	@ 0x40
10000df4:	4bbe      	ldr	r3, [pc, #760]	@ (100010f0 <cdc_animation+0x3a0>)
10000df6:	930b      	str	r3, [sp, #44]	@ 0x2c
10000df8:	23d0      	movs	r3, #208	@ 0xd0
10000dfa:	061b      	lsls	r3, r3, #24
10000dfc:	6d1b      	ldr	r3, [r3, #80]	@ 0x50
10000dfe:	07db      	lsls	r3, r3, #31
10000e00:	d46c      	bmi.n	10000edc <cdc_animation+0x18c>
10000e02:	68e3      	ldr	r3, [r4, #12]
10000e04:	4699      	mov	r9, r3
10000e06:	2b00      	cmp	r3, #0
10000e08:	d000      	beq.n	10000e0c <cdc_animation+0xbc>
10000e0a:	e088      	b.n	10000f1e <cdc_animation+0x1ce>
10000e0c:	f001 fcd6 	bl	100027bc <time_us_64>
10000e10:	2900      	cmp	r1, #0
10000e12:	d100      	bne.n	10000e16 <cdc_animation+0xc6>
10000e14:	e113      	b.n	1000103e <cdc_animation+0x2ee>
10000e16:	22fa      	movs	r2, #250	@ 0xfa
10000e18:	2300      	movs	r3, #0
10000e1a:	0092      	lsls	r2, r2, #2
10000e1c:	f002 f8ea 	bl	10002ff4 <__wrap___aeabi_uldivmod>
10000e20:	9b06      	ldr	r3, [sp, #24]
10000e22:	1ac0      	subs	r0, r0, r3
10000e24:	4bb3      	ldr	r3, [pc, #716]	@ (100010f4 <cdc_animation+0x3a4>)
10000e26:	4298      	cmp	r0, r3
10000e28:	d800      	bhi.n	10000e2c <cdc_animation+0xdc>
10000e2a:	e0f4      	b.n	10001016 <cdc_animation+0x2c6>
10000e2c:	9b07      	ldr	r3, [sp, #28]
10000e2e:	4698      	mov	r8, r3
10000e30:	9b04      	ldr	r3, [sp, #16]
10000e32:	2b00      	cmp	r3, #0
10000e34:	d000      	beq.n	10000e38 <cdc_animation+0xe8>
10000e36:	e129      	b.n	1000108c <cdc_animation+0x33c>
10000e38:	4640      	mov	r0, r8
10000e3a:	f001 fbe5 	bl	10002608 <sleep_ms>
10000e3e:	f001 fcbd 	bl	100027bc <time_us_64>
10000e42:	2900      	cmp	r1, #0
10000e44:	d100      	bne.n	10000e48 <cdc_animation+0xf8>
10000e46:	e0c1      	b.n	10000fcc <cdc_animation+0x27c>
10000e48:	22fa      	movs	r2, #250	@ 0xfa
10000e4a:	2300      	movs	r3, #0
10000e4c:	0092      	lsls	r2, r2, #2
10000e4e:	f002 f8d1 	bl	10002ff4 <__wrap___aeabi_uldivmod>
10000e52:	4680      	mov	r8, r0
10000e54:	4642      	mov	r2, r8
10000e56:	68a3      	ldr	r3, [r4, #8]
10000e58:	1ad3      	subs	r3, r2, r3
10000e5a:	4699      	mov	r9, r3
10000e5c:	4ba6      	ldr	r3, [pc, #664]	@ (100010f8 <cdc_animation+0x3a8>)
10000e5e:	4599      	cmp	r9, r3
10000e60:	d91a      	bls.n	10000e98 <cdc_animation+0x148>
10000e62:	6860      	ldr	r0, [r4, #4]
10000e64:	2800      	cmp	r0, #0
10000e66:	d100      	bne.n	10000e6a <cdc_animation+0x11a>
10000e68:	e0db      	b.n	10001022 <cdc_animation+0x2d2>
10000e6a:	f002 fee5 	bl	10003c38 <__wrap___aeabi_ui2f>
10000e6e:	49a3      	ldr	r1, [pc, #652]	@ (100010fc <cdc_animation+0x3ac>)
10000e70:	f002 fec7 	bl	10003c02 <__wrap___aeabi_fdiv>
10000e74:	1c05      	adds	r5, r0, #0
10000e76:	4648      	mov	r0, r9
10000e78:	f002 fede 	bl	10003c38 <__wrap___aeabi_ui2f>
10000e7c:	49a0      	ldr	r1, [pc, #640]	@ (10001100 <cdc_animation+0x3b0>)
10000e7e:	f002 fec0 	bl	10003c02 <__wrap___aeabi_fdiv>
10000e82:	1c01      	adds	r1, r0, #0
10000e84:	1c28      	adds	r0, r5, #0
10000e86:	f002 febc 	bl	10003c02 <__wrap___aeabi_fdiv>
10000e8a:	f002 fefd 	bl	10003c88 <__wrap___aeabi_f2uiz>
10000e8e:	2300      	movs	r3, #0
10000e90:	60e0      	str	r0, [r4, #12]
10000e92:	6063      	str	r3, [r4, #4]
10000e94:	4643      	mov	r3, r8
10000e96:	60a3      	str	r3, [r4, #8]
10000e98:	f001 fc90 	bl	100027bc <time_us_64>
10000e9c:	0002      	movs	r2, r0
10000e9e:	000b      	movs	r3, r1
10000ea0:	0015      	movs	r5, r2
10000ea2:	001e      	movs	r6, r3
10000ea4:	9905      	ldr	r1, [sp, #20]
10000ea6:	6808      	ldr	r0, [r1, #0]
10000ea8:	6849      	ldr	r1, [r1, #4]
10000eaa:	1a2d      	subs	r5, r5, r0
10000eac:	418e      	sbcs	r6, r1
10000eae:	2e00      	cmp	r6, #0
10000eb0:	dc03      	bgt.n	10000eba <cdc_animation+0x16a>
10000eb2:	d1a1      	bne.n	10000df8 <cdc_animation+0xa8>
10000eb4:	4993      	ldr	r1, [pc, #588]	@ (10001104 <cdc_animation+0x3b4>)
10000eb6:	428d      	cmp	r5, r1
10000eb8:	d99e      	bls.n	10000df8 <cdc_animation+0xa8>
10000eba:	4651      	mov	r1, sl
10000ebc:	7809      	ldrb	r1, [r1, #0]
10000ebe:	3101      	adds	r1, #1
10000ec0:	b2c9      	uxtb	r1, r1
10000ec2:	293b      	cmp	r1, #59	@ 0x3b
10000ec4:	d900      	bls.n	10000ec8 <cdc_animation+0x178>
10000ec6:	e097      	b.n	10000ff8 <cdc_animation+0x2a8>
10000ec8:	4650      	mov	r0, sl
10000eca:	7001      	strb	r1, [r0, #0]
10000ecc:	9905      	ldr	r1, [sp, #20]
10000ece:	600a      	str	r2, [r1, #0]
10000ed0:	604b      	str	r3, [r1, #4]
10000ed2:	23d0      	movs	r3, #208	@ 0xd0
10000ed4:	061b      	lsls	r3, r3, #24
10000ed6:	6d1b      	ldr	r3, [r3, #80]	@ 0x50
10000ed8:	07db      	lsls	r3, r3, #31
10000eda:	d592      	bpl.n	10000e02 <cdc_animation+0xb2>
10000edc:	f004 ff38 	bl	10005d50 <multicore_fifo_pop_blocking>
10000ee0:	4680      	mov	r8, r0
10000ee2:	f004 ff35 	bl	10005d50 <multicore_fifo_pop_blocking>
10000ee6:	23ff      	movs	r3, #255	@ 0xff
10000ee8:	4642      	mov	r2, r8
10000eea:	b2c0      	uxtb	r0, r0
10000eec:	4013      	ands	r3, r2
10000eee:	2b03      	cmp	r3, #3
10000ef0:	d100      	bne.n	10000ef4 <cdc_animation+0x1a4>
10000ef2:	e10b      	b.n	1000110c <cdc_animation+0x3bc>
10000ef4:	22fc      	movs	r2, #252	@ 0xfc
10000ef6:	4641      	mov	r1, r8
10000ef8:	420a      	tst	r2, r1
10000efa:	d000      	beq.n	10000efe <cdc_animation+0x1ae>
10000efc:	e0b8      	b.n	10001070 <cdc_animation+0x320>
10000efe:	2b01      	cmp	r3, #1
10000f00:	d100      	bne.n	10000f04 <cdc_animation+0x1b4>
10000f02:	e0d0      	b.n	100010a6 <cdc_animation+0x356>
10000f04:	2b02      	cmp	r3, #2
10000f06:	d000      	beq.n	10000f0a <cdc_animation+0x1ba>
10000f08:	e77b      	b.n	10000e02 <cdc_animation+0xb2>
10000f0a:	3841      	subs	r0, #65	@ 0x41
10000f0c:	4243      	negs	r3, r0
10000f0e:	4158      	adcs	r0, r3
10000f10:	b2c3      	uxtb	r3, r0
10000f12:	930a      	str	r3, [sp, #40]	@ 0x28
10000f14:	68e3      	ldr	r3, [r4, #12]
10000f16:	4699      	mov	r9, r3
10000f18:	2b00      	cmp	r3, #0
10000f1a:	d100      	bne.n	10000f1e <cdc_animation+0x1ce>
10000f1c:	e776      	b.n	10000e0c <cdc_animation+0xbc>
10000f1e:	f001 fc4d 	bl	100027bc <time_us_64>
10000f22:	2900      	cmp	r1, #0
10000f24:	d05c      	beq.n	10000fe0 <cdc_animation+0x290>
10000f26:	22fa      	movs	r2, #250	@ 0xfa
10000f28:	2300      	movs	r3, #0
10000f2a:	0092      	lsls	r2, r2, #2
10000f2c:	f002 f862 	bl	10002ff4 <__wrap___aeabi_uldivmod>
10000f30:	9b04      	ldr	r3, [sp, #16]
10000f32:	9006      	str	r0, [sp, #24]
10000f34:	2b00      	cmp	r3, #0
10000f36:	d05b      	beq.n	10000ff0 <cdc_animation+0x2a0>
10000f38:	464b      	mov	r3, r9
10000f3a:	2b0a      	cmp	r3, #10
10000f3c:	dd4c      	ble.n	10000fd8 <cdc_animation+0x288>
10000f3e:	2b28      	cmp	r3, #40	@ 0x28
10000f40:	dc00      	bgt.n	10000f44 <cdc_animation+0x1f4>
10000f42:	e08f      	b.n	10001064 <cdc_animation+0x314>
10000f44:	2b50      	cmp	r3, #80	@ 0x50
10000f46:	dc00      	bgt.n	10000f4a <cdc_animation+0x1fa>
10000f48:	e0a9      	b.n	1000109e <cdc_animation+0x34e>
10000f4a:	2b64      	cmp	r3, #100	@ 0x64
10000f4c:	dd00      	ble.n	10000f50 <cdc_animation+0x200>
10000f4e:	e109      	b.n	10001164 <cdc_animation+0x414>
10000f50:	234b      	movs	r3, #75	@ 0x4b
10000f52:	4698      	mov	r8, r3
10000f54:	9307      	str	r3, [sp, #28]
10000f56:	9b0a      	ldr	r3, [sp, #40]	@ 0x28
10000f58:	2b00      	cmp	r3, #0
10000f5a:	d00e      	beq.n	10000f7a <cdc_animation+0x22a>
10000f5c:	9b08      	ldr	r3, [sp, #32]
10000f5e:	990c      	ldr	r1, [sp, #48]	@ 0x30
10000f60:	781a      	ldrb	r2, [r3, #0]
10000f62:	4653      	mov	r3, sl
10000f64:	7808      	ldrb	r0, [r1, #0]
10000f66:	781b      	ldrb	r3, [r3, #0]
10000f68:	990e      	ldr	r1, [sp, #56]	@ 0x38
10000f6a:	2800      	cmp	r0, #0
10000f6c:	d000      	beq.n	10000f70 <cdc_animation+0x220>
10000f6e:	9911      	ldr	r1, [sp, #68]	@ 0x44
10000f70:	9100      	str	r1, [sp, #0]
10000f72:	0038      	movs	r0, r7
10000f74:	990d      	ldr	r1, [sp, #52]	@ 0x34
10000f76:	f004 fac5 	bl	10005504 <__wrap_sprintf>
10000f7a:	9b09      	ldr	r3, [sp, #36]	@ 0x24
10000f7c:	2b00      	cmp	r3, #0
10000f7e:	d16a      	bne.n	10001056 <cdc_animation+0x306>
10000f80:	7c63      	ldrb	r3, [r4, #17]
10000f82:	2b00      	cmp	r3, #0
10000f84:	d160      	bne.n	10001048 <cdc_animation+0x2f8>
10000f86:	7c23      	ldrb	r3, [r4, #16]
10000f88:	4a4e      	ldr	r2, [pc, #312]	@ (100010c4 <cdc_animation+0x374>)
10000f8a:	0099      	lsls	r1, r3, #2
10000f8c:	18c9      	adds	r1, r1, r3
10000f8e:	0189      	lsls	r1, r1, #6
10000f90:	18c9      	adds	r1, r1, r3
10000f92:	9b0b      	ldr	r3, [sp, #44]	@ 0x2c
10000f94:	0049      	lsls	r1, r1, #1
10000f96:	469c      	mov	ip, r3
10000f98:	2300      	movs	r3, #0
10000f9a:	9302      	str	r3, [sp, #8]
10000f9c:	9301      	str	r3, [sp, #4]
10000f9e:	3301      	adds	r3, #1
10000fa0:	4461      	add	r1, ip
10000fa2:	4658      	mov	r0, fp
10000fa4:	9300      	str	r3, [sp, #0]
10000fa6:	003b      	movs	r3, r7
10000fa8:	f7ff fe74 	bl	10000c94 <ssd1306_show_image_with_text>
10000fac:	7c20      	ldrb	r0, [r4, #16]
10000fae:	210a      	movs	r1, #10
10000fb0:	3001      	adds	r0, #1
10000fb2:	f001 ffb9 	bl	10002f28 <__wrap___aeabi_idiv>
10000fb6:	2301      	movs	r3, #1
10000fb8:	4640      	mov	r0, r8
10000fba:	7421      	strb	r1, [r4, #16]
10000fbc:	9304      	str	r3, [sp, #16]
10000fbe:	f001 fb23 	bl	10002608 <sleep_ms>
10000fc2:	f001 fbfb 	bl	100027bc <time_us_64>
10000fc6:	2900      	cmp	r1, #0
10000fc8:	d000      	beq.n	10000fcc <cdc_animation+0x27c>
10000fca:	e73d      	b.n	10000e48 <cdc_animation+0xf8>
10000fcc:	21fa      	movs	r1, #250	@ 0xfa
10000fce:	0089      	lsls	r1, r1, #2
10000fd0:	f001 ffd2 	bl	10002f78 <__wrap___aeabi_uidiv>
10000fd4:	4680      	mov	r8, r0
10000fd6:	e73d      	b.n	10000e54 <cdc_animation+0x104>
10000fd8:	23c8      	movs	r3, #200	@ 0xc8
10000fda:	4698      	mov	r8, r3
10000fdc:	9307      	str	r3, [sp, #28]
10000fde:	e7ba      	b.n	10000f56 <cdc_animation+0x206>
10000fe0:	21fa      	movs	r1, #250	@ 0xfa
10000fe2:	0089      	lsls	r1, r1, #2
10000fe4:	f001 ffc8 	bl	10002f78 <__wrap___aeabi_uidiv>
10000fe8:	9b04      	ldr	r3, [sp, #16]
10000fea:	9006      	str	r0, [sp, #24]
10000fec:	2b00      	cmp	r3, #0
10000fee:	d1a3      	bne.n	10000f38 <cdc_animation+0x1e8>
10000ff0:	4658      	mov	r0, fp
10000ff2:	f7ff fd9d 	bl	10000b30 <ssd1306_poweron>
10000ff6:	e79f      	b.n	10000f38 <cdc_animation+0x1e8>
10000ff8:	2100      	movs	r1, #0
10000ffa:	4650      	mov	r0, sl
10000ffc:	7001      	strb	r1, [r0, #0]
10000ffe:	9808      	ldr	r0, [sp, #32]
10001000:	7801      	ldrb	r1, [r0, #0]
10001002:	3101      	adds	r1, #1
10001004:	b2c9      	uxtb	r1, r1
10001006:	7001      	strb	r1, [r0, #0]
10001008:	290c      	cmp	r1, #12
1000100a:	d039      	beq.n	10001080 <cdc_animation+0x330>
1000100c:	d800      	bhi.n	10001010 <cdc_animation+0x2c0>
1000100e:	e75d      	b.n	10000ecc <cdc_animation+0x17c>
10001010:	2101      	movs	r1, #1
10001012:	7001      	strb	r1, [r0, #0]
10001014:	e75a      	b.n	10000ecc <cdc_animation+0x17c>
10001016:	9b04      	ldr	r3, [sp, #16]
10001018:	2b00      	cmp	r3, #0
1000101a:	d1dd      	bne.n	10000fd8 <cdc_animation+0x288>
1000101c:	9b07      	ldr	r3, [sp, #28]
1000101e:	4698      	mov	r8, r3
10001020:	e70a      	b.n	10000e38 <cdc_animation+0xe8>
10001022:	68e3      	ldr	r3, [r4, #12]
10001024:	2b00      	cmp	r3, #0
10001026:	dd21      	ble.n	1000106c <cdc_animation+0x31c>
10001028:	68e0      	ldr	r0, [r4, #12]
1000102a:	f002 fa77 	bl	1000351c <__wrap___aeabi_i2d>
1000102e:	2200      	movs	r2, #0
10001030:	4b35      	ldr	r3, [pc, #212]	@ (10001108 <cdc_animation+0x3b8>)
10001032:	f002 fa0c 	bl	1000344e <__wrap___aeabi_dmul>
10001036:	f002 fa89 	bl	1000354c <__wrap___aeabi_d2iz>
1000103a:	60e0      	str	r0, [r4, #12]
1000103c:	e72a      	b.n	10000e94 <cdc_animation+0x144>
1000103e:	21fa      	movs	r1, #250	@ 0xfa
10001040:	0089      	lsls	r1, r1, #2
10001042:	f001 ff99 	bl	10002f78 <__wrap___aeabi_uidiv>
10001046:	e6eb      	b.n	10000e20 <cdc_animation+0xd0>
10001048:	003b      	movs	r3, r7
1000104a:	9a10      	ldr	r2, [sp, #64]	@ 0x40
1000104c:	ca43      	ldmia	r2!, {r0, r1, r6}
1000104e:	c343      	stmia	r3!, {r0, r1, r6}
10001050:	8812      	ldrh	r2, [r2, #0]
10001052:	801a      	strh	r2, [r3, #0]
10001054:	e797      	b.n	10000f86 <cdc_animation+0x236>
10001056:	464b      	mov	r3, r9
10001058:	210f      	movs	r1, #15
1000105a:	0038      	movs	r0, r7
1000105c:	9a0f      	ldr	r2, [sp, #60]	@ 0x3c
1000105e:	f004 fa6d 	bl	1000553c <__wrap_snprintf>
10001062:	e78d      	b.n	10000f80 <cdc_animation+0x230>
10001064:	2396      	movs	r3, #150	@ 0x96
10001066:	4698      	mov	r8, r3
10001068:	9307      	str	r3, [sp, #28]
1000106a:	e774      	b.n	10000f56 <cdc_animation+0x206>
1000106c:	60e0      	str	r0, [r4, #12]
1000106e:	e711      	b.n	10000e94 <cdc_animation+0x144>
10001070:	2b04      	cmp	r3, #4
10001072:	d000      	beq.n	10001076 <cdc_animation+0x326>
10001074:	e6c5      	b.n	10000e02 <cdc_animation+0xb2>
10001076:	3841      	subs	r0, #65	@ 0x41
10001078:	4243      	negs	r3, r0
1000107a:	4158      	adcs	r0, r3
1000107c:	7460      	strb	r0, [r4, #17]
1000107e:	e6c0      	b.n	10000e02 <cdc_animation+0xb2>
10001080:	2001      	movs	r0, #1
10001082:	9d0c      	ldr	r5, [sp, #48]	@ 0x30
10001084:	7829      	ldrb	r1, [r5, #0]
10001086:	4041      	eors	r1, r0
10001088:	7029      	strb	r1, [r5, #0]
1000108a:	e71f      	b.n	10000ecc <cdc_animation+0x17c>
1000108c:	4658      	mov	r0, fp
1000108e:	f7ff fd79 	bl	10000b84 <ssd1306_clear>
10001092:	4658      	mov	r0, fp
10001094:	f7ff fd22 	bl	10000adc <ssd1306_poweroff>
10001098:	2300      	movs	r3, #0
1000109a:	9304      	str	r3, [sp, #16]
1000109c:	e6cc      	b.n	10000e38 <cdc_animation+0xe8>
1000109e:	2364      	movs	r3, #100	@ 0x64
100010a0:	4698      	mov	r8, r3
100010a2:	9307      	str	r3, [sp, #28]
100010a4:	e757      	b.n	10000f56 <cdc_animation+0x206>
100010a6:	3841      	subs	r0, #65	@ 0x41
100010a8:	4243      	negs	r3, r0
100010aa:	4158      	adcs	r0, r3
100010ac:	b2c3      	uxtb	r3, r0
100010ae:	9309      	str	r3, [sp, #36]	@ 0x24
100010b0:	e6a7      	b.n	10000e02 <cdc_animation+0xb2>
100010b2:	46c0      	nop			@ (mov r8, r8)
100010b4:	ffffeed8 	.word	0xffffeed8
100010b8:	200011f8 	.word	0x200011f8
100010bc:	10008828 	.word	0x10008828
100010c0:	00001914 	.word	0x00001914
100010c4:	00000282 	.word	0x00000282
100010c8:	20001041 	.word	0x20001041
100010cc:	20002694 	.word	0x20002694
100010d0:	200018d0 	.word	0x200018d0
100010d4:	20001040 	.word	0x20001040
100010d8:	20002144 	.word	0x20002144
100010dc:	100083d4 	.word	0x100083d4
100010e0:	100083d8 	.word	0x100083d8
100010e4:	100083dc 	.word	0x100083dc
100010e8:	100083e8 	.word	0x100083e8
100010ec:	100083f4 	.word	0x100083f4
100010f0:	1000a13c 	.word	0x1000a13c
100010f4:	0000752f 	.word	0x0000752f
100010f8:	00001387 	.word	0x00001387
100010fc:	40a00000 	.word	0x40a00000
10001100:	476a6000 	.word	0x476a6000
10001104:	039386ff 	.word	0x039386ff
10001108:	3fe00000 	.word	0x3fe00000
1000110c:	ab13      	add	r3, sp, #76	@ 0x4c
1000110e:	4698      	mov	r8, r3
10001110:	0023      	movs	r3, r4
10001112:	4644      	mov	r4, r8
10001114:	4698      	mov	r8, r3
10001116:	9e04      	ldr	r6, [sp, #16]
10001118:	9d05      	ldr	r5, [sp, #20]
1000111a:	f004 fe19 	bl	10005d50 <multicore_fifo_pop_blocking>
1000111e:	7020      	strb	r0, [r4, #0]
10001120:	3401      	adds	r4, #1
10001122:	42a7      	cmp	r7, r4
10001124:	d1f9      	bne.n	1000111a <cdc_animation+0x3ca>
10001126:	ab0e      	add	r3, sp, #56	@ 0x38
10001128:	7d1b      	ldrb	r3, [r3, #20]
1000112a:	9604      	str	r6, [sp, #16]
1000112c:	3b30      	subs	r3, #48	@ 0x30
1000112e:	009a      	lsls	r2, r3, #2
10001130:	9505      	str	r5, [sp, #20]
10001132:	189b      	adds	r3, r3, r2
10001134:	aa0e      	add	r2, sp, #56	@ 0x38
10001136:	7d52      	ldrb	r2, [r2, #21]
10001138:	005b      	lsls	r3, r3, #1
1000113a:	3a30      	subs	r2, #48	@ 0x30
1000113c:	189b      	adds	r3, r3, r2
1000113e:	9a08      	ldr	r2, [sp, #32]
10001140:	4644      	mov	r4, r8
10001142:	7013      	strb	r3, [r2, #0]
10001144:	ab0e      	add	r3, sp, #56	@ 0x38
10001146:	aa0e      	add	r2, sp, #56	@ 0x38
10001148:	7ddb      	ldrb	r3, [r3, #23]
1000114a:	7e12      	ldrb	r2, [r2, #24]
1000114c:	189b      	adds	r3, r3, r2
1000114e:	4652      	mov	r2, sl
10001150:	3b10      	subs	r3, #16
10001152:	7013      	strb	r3, [r2, #0]
10001154:	ab0e      	add	r3, sp, #56	@ 0x38
10001156:	7e5b      	ldrb	r3, [r3, #25]
10001158:	3b41      	subs	r3, #65	@ 0x41
1000115a:	425a      	negs	r2, r3
1000115c:	4153      	adcs	r3, r2
1000115e:	9a0c      	ldr	r2, [sp, #48]	@ 0x30
10001160:	7013      	strb	r3, [r2, #0]
10001162:	e64e      	b.n	10000e02 <cdc_animation+0xb2>
10001164:	2332      	movs	r3, #50	@ 0x32
10001166:	4698      	mov	r8, r3
10001168:	9307      	str	r3, [sp, #28]
1000116a:	e6f4      	b.n	10000f56 <cdc_animation+0x206>
1000116c:	21fa      	movs	r1, #250	@ 0xfa
1000116e:	0089      	lsls	r1, r1, #2
10001170:	f001 ff02 	bl	10002f78 <__wrap___aeabi_uidiv>
10001174:	9006      	str	r0, [sp, #24]
10001176:	e615      	b.n	10000da4 <cdc_animation+0x54>

10001178 <encoderCallBack>:
10001178:	2200      	movs	r2, #0
1000117a:	b570      	push	{r4, r5, r6, lr}
1000117c:	4b3f      	ldr	r3, [pc, #252]	@ (1000127c <encoderCallBack+0x104>)
1000117e:	b082      	sub	sp, #8
10001180:	446b      	add	r3, sp
10001182:	601a      	str	r2, [r3, #0]
10001184:	f001 fb1a 	bl	100027bc <time_us_64>
10001188:	2900      	cmp	r1, #0
1000118a:	d051      	beq.n	10001230 <encoderCallBack+0xb8>
1000118c:	22fa      	movs	r2, #250	@ 0xfa
1000118e:	2300      	movs	r3, #0
10001190:	0092      	lsls	r2, r2, #2
10001192:	f001 ff2f 	bl	10002ff4 <__wrap___aeabi_uldivmod>
10001196:	4a3a      	ldr	r2, [pc, #232]	@ (10001280 <encoderCallBack+0x108>)
10001198:	6813      	ldr	r3, [r2, #0]
1000119a:	1ac3      	subs	r3, r0, r3
1000119c:	2b13      	cmp	r3, #19
1000119e:	d933      	bls.n	10001208 <encoderCallBack+0x90>
100011a0:	6010      	str	r0, [r2, #0]
100011a2:	22d0      	movs	r2, #208	@ 0xd0
100011a4:	0612      	lsls	r2, r2, #24
100011a6:	6853      	ldr	r3, [r2, #4]
100011a8:	6851      	ldr	r1, [r2, #4]
100011aa:	2201      	movs	r2, #1
100011ac:	0d1b      	lsrs	r3, r3, #20
100011ae:	4013      	ands	r3, r2
100011b0:	005c      	lsls	r4, r3, #1
100011b2:	0cc9      	lsrs	r1, r1, #19
100011b4:	400a      	ands	r2, r1
100011b6:	466b      	mov	r3, sp
100011b8:	0021      	movs	r1, r4
100011ba:	4311      	orrs	r1, r2
100011bc:	1c9a      	adds	r2, r3, #2
100011be:	23e9      	movs	r3, #233	@ 0xe9
100011c0:	a801      	add	r0, sp, #4
100011c2:	8013      	strh	r3, [r2, #0]
100011c4:	8003      	strh	r3, [r0, #0]
100011c6:	466b      	mov	r3, sp
100011c8:	1d9e      	adds	r6, r3, #6
100011ca:	2300      	movs	r3, #0
100011cc:	4d2d      	ldr	r5, [pc, #180]	@ (10001284 <encoderCallBack+0x10c>)
100011ce:	8033      	strh	r3, [r6, #0]
100011d0:	7d2b      	ldrb	r3, [r5, #20]
100011d2:	000c      	movs	r4, r1
100011d4:	2b03      	cmp	r3, #3
100011d6:	d019      	beq.n	1000120c <encoderCallBack+0x94>
100011d8:	7d2b      	ldrb	r3, [r5, #20]
100011da:	2b01      	cmp	r3, #1
100011dc:	d03c      	beq.n	10001258 <encoderCallBack+0xe0>
100011de:	7d2b      	ldrb	r3, [r5, #20]
100011e0:	2b00      	cmp	r3, #0
100011e2:	d12a      	bne.n	1000123a <encoderCallBack+0xc2>
100011e4:	2902      	cmp	r1, #2
100011e6:	d013      	beq.n	10001210 <encoderCallBack+0x98>
100011e8:	7d2b      	ldrb	r3, [r5, #20]
100011ea:	2b02      	cmp	r3, #2
100011ec:	d03e      	beq.n	1000126c <encoderCallBack+0xf4>
100011ee:	7d2b      	ldrb	r3, [r5, #20]
100011f0:	7d2b      	ldrb	r3, [r5, #20]
100011f2:	2b02      	cmp	r3, #2
100011f4:	d03e      	beq.n	10001274 <encoderCallBack+0xfc>
100011f6:	7d2b      	ldrb	r3, [r5, #20]
100011f8:	2b00      	cmp	r3, #0
100011fa:	d101      	bne.n	10001200 <encoderCallBack+0x88>
100011fc:	2901      	cmp	r1, #1
100011fe:	d024      	beq.n	1000124a <encoderCallBack+0xd2>
10001200:	7d2b      	ldrb	r3, [r5, #20]
10001202:	2b01      	cmp	r3, #1
10001204:	d02e      	beq.n	10001264 <encoderCallBack+0xec>
10001206:	752c      	strb	r4, [r5, #20]
10001208:	b002      	add	sp, #8
1000120a:	bd70      	pop	{r4, r5, r6, pc}
1000120c:	2901      	cmp	r1, #1
1000120e:	d1e3      	bne.n	100011d8 <encoderCallBack+0x60>
10001210:	2302      	movs	r3, #2
10001212:	2103      	movs	r1, #3
10001214:	2000      	movs	r0, #0
10001216:	f005 fe6f 	bl	10006ef8 <tud_hid_n_report>
1000121a:	200a      	movs	r0, #10
1000121c:	f001 f9f4 	bl	10002608 <sleep_ms>
10001220:	2302      	movs	r3, #2
10001222:	0032      	movs	r2, r6
10001224:	2103      	movs	r1, #3
10001226:	2000      	movs	r0, #0
10001228:	f005 fe66 	bl	10006ef8 <tud_hid_n_report>
1000122c:	752c      	strb	r4, [r5, #20]
1000122e:	e7eb      	b.n	10001208 <encoderCallBack+0x90>
10001230:	21fa      	movs	r1, #250	@ 0xfa
10001232:	0089      	lsls	r1, r1, #2
10001234:	f001 fea0 	bl	10002f78 <__wrap___aeabi_uidiv>
10001238:	e7ad      	b.n	10001196 <encoderCallBack+0x1e>
1000123a:	7d2b      	ldrb	r3, [r5, #20]
1000123c:	2b02      	cmp	r3, #2
1000123e:	d00e      	beq.n	1000125e <encoderCallBack+0xe6>
10001240:	7d2b      	ldrb	r3, [r5, #20]
10001242:	2b03      	cmp	r3, #3
10001244:	d1d4      	bne.n	100011f0 <encoderCallBack+0x78>
10001246:	2902      	cmp	r1, #2
10001248:	d1d2      	bne.n	100011f0 <encoderCallBack+0x78>
1000124a:	0002      	movs	r2, r0
1000124c:	2302      	movs	r3, #2
1000124e:	2103      	movs	r1, #3
10001250:	2000      	movs	r0, #0
10001252:	f005 fe51 	bl	10006ef8 <tud_hid_n_report>
10001256:	e7e3      	b.n	10001220 <encoderCallBack+0xa8>
10001258:	2900      	cmp	r1, #0
1000125a:	d0d9      	beq.n	10001210 <encoderCallBack+0x98>
1000125c:	e7bf      	b.n	100011de <encoderCallBack+0x66>
1000125e:	2903      	cmp	r1, #3
10001260:	d1ee      	bne.n	10001240 <encoderCallBack+0xc8>
10001262:	e7d5      	b.n	10001210 <encoderCallBack+0x98>
10001264:	2903      	cmp	r1, #3
10001266:	d0f0      	beq.n	1000124a <encoderCallBack+0xd2>
10001268:	752c      	strb	r4, [r5, #20]
1000126a:	e7cd      	b.n	10001208 <encoderCallBack+0x90>
1000126c:	2903      	cmp	r1, #3
1000126e:	d0cf      	beq.n	10001210 <encoderCallBack+0x98>
10001270:	7d2b      	ldrb	r3, [r5, #20]
10001272:	e7bd      	b.n	100011f0 <encoderCallBack+0x78>
10001274:	2900      	cmp	r1, #0
10001276:	d0e8      	beq.n	1000124a <encoderCallBack+0xd2>
10001278:	e7bd      	b.n	100011f6 <encoderCallBack+0x7e>
1000127a:	46c0      	nop			@ (mov r8, r8)
1000127c:	ffffeed8 	.word	0xffffeed8
10001280:	20002650 	.word	0x20002650
10001284:	20002144 	.word	0x20002144

10001288 <get_keyboard_status>:
10001288:	b5f0      	push	{r4, r5, r6, r7, lr}
1000128a:	46de      	mov	lr, fp
1000128c:	4657      	mov	r7, sl
1000128e:	464e      	mov	r6, r9
10001290:	4645      	mov	r5, r8
10001292:	2200      	movs	r2, #0
10001294:	b5e0      	push	{r5, r6, r7, lr}
10001296:	4b5b      	ldr	r3, [pc, #364]	@ (10001404 <get_keyboard_status+0x17c>)
10001298:	b0a3      	sub	sp, #140	@ 0x8c
1000129a:	446b      	add	r3, sp
1000129c:	9000      	str	r0, [sp, #0]
1000129e:	9103      	str	r1, [sp, #12]
100012a0:	601a      	str	r2, [r3, #0]
100012a2:	2100      	movs	r1, #0
100012a4:	3278      	adds	r2, #120	@ 0x78
100012a6:	a804      	add	r0, sp, #16
100012a8:	f002 fd6e 	bl	10003d88 <__wrap_memset>
100012ac:	4b56      	ldr	r3, [pc, #344]	@ (10001408 <get_keyboard_status+0x180>)
100012ae:	469b      	mov	fp, r3
100012b0:	7c9b      	ldrb	r3, [r3, #18]
100012b2:	2b00      	cmp	r3, #0
100012b4:	d004      	beq.n	100012c0 <get_keyboard_status+0x38>
100012b6:	465b      	mov	r3, fp
100012b8:	7cdb      	ldrb	r3, [r3, #19]
100012ba:	2b00      	cmp	r3, #0
100012bc:	d100      	bne.n	100012c0 <get_keyboard_status+0x38>
100012be:	e091      	b.n	100013e4 <get_keyboard_status+0x15c>
100012c0:	4f52      	ldr	r7, [pc, #328]	@ (1000140c <get_keyboard_status+0x184>)
100012c2:	26d0      	movs	r6, #208	@ 0xd0
100012c4:	2480      	movs	r4, #128	@ 0x80
100012c6:	0636      	lsls	r6, r6, #24
100012c8:	00e4      	lsls	r4, r4, #3
100012ca:	2001      	movs	r0, #1
100012cc:	2100      	movs	r1, #0
100012ce:	61b4      	str	r4, [r6, #24]
100012d0:	f001 f980 	bl	100025d4 <sleep_us>
100012d4:	6174      	str	r4, [r6, #20]
100012d6:	2001      	movs	r0, #1
100012d8:	2100      	movs	r1, #0
100012da:	f001 f97b 	bl	100025d4 <sleep_us>
100012de:	23f0      	movs	r3, #240	@ 0xf0
100012e0:	469a      	mov	sl, r3
100012e2:	2300      	movs	r3, #0
100012e4:	9302      	str	r3, [sp, #8]
100012e6:	3302      	adds	r3, #2
100012e8:	9301      	str	r3, [sp, #4]
100012ea:	2380      	movs	r3, #128	@ 0x80
100012ec:	011b      	lsls	r3, r3, #4
100012ee:	4698      	mov	r8, r3
100012f0:	2302      	movs	r3, #2
100012f2:	4c47      	ldr	r4, [pc, #284]	@ (10001410 <get_keyboard_status+0x188>)
100012f4:	4699      	mov	r9, r3
100012f6:	ad04      	add	r5, sp, #16
100012f8:	44a2      	add	sl, r4
100012fa:	e00d      	b.n	10001318 <get_keyboard_status+0x90>
100012fc:	2300      	movs	r3, #0
100012fe:	7063      	strb	r3, [r4, #1]
10001300:	702b      	strb	r3, [r5, #0]
10001302:	4643      	mov	r3, r8
10001304:	2001      	movs	r0, #1
10001306:	2100      	movs	r1, #0
10001308:	61b3      	str	r3, [r6, #24]
1000130a:	f001 f963 	bl	100025d4 <sleep_us>
1000130e:	3402      	adds	r4, #2
10001310:	3501      	adds	r5, #1
10001312:	3701      	adds	r7, #1
10001314:	45a2      	cmp	sl, r4
10001316:	d054      	beq.n	100013c2 <get_keyboard_status+0x13a>
10001318:	4643      	mov	r3, r8
1000131a:	2001      	movs	r0, #1
1000131c:	2100      	movs	r1, #0
1000131e:	6173      	str	r3, [r6, #20]
10001320:	f001 f958 	bl	100025d4 <sleep_us>
10001324:	464b      	mov	r3, r9
10001326:	6872      	ldr	r2, [r6, #4]
10001328:	7821      	ldrb	r1, [r4, #0]
1000132a:	401a      	ands	r2, r3
1000132c:	4253      	negs	r3, r2
1000132e:	4153      	adcs	r3, r2
10001330:	0049      	lsls	r1, r1, #1
10001332:	430b      	orrs	r3, r1
10001334:	b25b      	sxtb	r3, r3
10001336:	7023      	strb	r3, [r4, #0]
10001338:	2a00      	cmp	r2, #0
1000133a:	d1df      	bne.n	100012fc <get_keyboard_status+0x74>
1000133c:	7862      	ldrb	r2, [r4, #1]
1000133e:	2a00      	cmp	r2, #0
10001340:	d135      	bne.n	100013ae <get_keyboard_status+0x126>
10001342:	321f      	adds	r2, #31
10001344:	0011      	movs	r1, r2
10001346:	4019      	ands	r1, r3
10001348:	421a      	tst	r2, r3
1000134a:	d134      	bne.n	100013b6 <get_keyboard_status+0x12e>
1000134c:	2301      	movs	r3, #1
1000134e:	702b      	strb	r3, [r5, #0]
10001350:	465a      	mov	r2, fp
10001352:	7c52      	ldrb	r2, [r2, #17]
10001354:	783b      	ldrb	r3, [r7, #0]
10001356:	2a00      	cmp	r2, #0
10001358:	d004      	beq.n	10001364 <get_keyboard_status+0xdc>
1000135a:	2204      	movs	r2, #4
1000135c:	0019      	movs	r1, r3
1000135e:	4391      	bics	r1, r2
10001360:	29e3      	cmp	r1, #227	@ 0xe3
10001362:	d0d4      	beq.n	1000130e <get_keyboard_status+0x86>
10001364:	001a      	movs	r2, r3
10001366:	3220      	adds	r2, #32
10001368:	b2d2      	uxtb	r2, r2
1000136a:	2a07      	cmp	r2, #7
1000136c:	d80a      	bhi.n	10001384 <get_keyboard_status+0xfc>
1000136e:	3be0      	subs	r3, #224	@ 0xe0
10001370:	001a      	movs	r2, r3
10001372:	2301      	movs	r3, #1
10001374:	4093      	lsls	r3, r2
10001376:	9900      	ldr	r1, [sp, #0]
10001378:	780a      	ldrb	r2, [r1, #0]
1000137a:	4313      	orrs	r3, r2
1000137c:	700b      	strb	r3, [r1, #0]
1000137e:	2301      	movs	r3, #1
10001380:	9302      	str	r3, [sp, #8]
10001382:	e7be      	b.n	10001302 <get_keyboard_status+0x7a>
10001384:	9a01      	ldr	r2, [sp, #4]
10001386:	2a07      	cmp	r2, #7
10001388:	dcf9      	bgt.n	1000137e <get_keyboard_status+0xf6>
1000138a:	9900      	ldr	r1, [sp, #0]
1000138c:	548b      	strb	r3, [r1, r2]
1000138e:	2b2c      	cmp	r3, #44	@ 0x2c
10001390:	d007      	beq.n	100013a2 <get_keyboard_status+0x11a>
10001392:	7863      	ldrb	r3, [r4, #1]
10001394:	2b00      	cmp	r3, #0
10001396:	d104      	bne.n	100013a2 <get_keyboard_status+0x11a>
10001398:	465b      	mov	r3, fp
1000139a:	465a      	mov	r2, fp
1000139c:	685b      	ldr	r3, [r3, #4]
1000139e:	3301      	adds	r3, #1
100013a0:	6053      	str	r3, [r2, #4]
100013a2:	9b01      	ldr	r3, [sp, #4]
100013a4:	3301      	adds	r3, #1
100013a6:	9301      	str	r3, [sp, #4]
100013a8:	2301      	movs	r3, #1
100013aa:	9302      	str	r3, [sp, #8]
100013ac:	e7a9      	b.n	10001302 <get_keyboard_status+0x7a>
100013ae:	2301      	movs	r3, #1
100013b0:	7063      	strb	r3, [r4, #1]
100013b2:	702b      	strb	r3, [r5, #0]
100013b4:	e7cc      	b.n	10001350 <get_keyboard_status+0xc8>
100013b6:	291f      	cmp	r1, #31
100013b8:	d0f9      	beq.n	100013ae <get_keyboard_status+0x126>
100013ba:	782b      	ldrb	r3, [r5, #0]
100013bc:	2b00      	cmp	r3, #0
100013be:	d1c7      	bne.n	10001350 <get_keyboard_status+0xc8>
100013c0:	e79f      	b.n	10001302 <get_keyboard_status+0x7a>
100013c2:	9b02      	ldr	r3, [sp, #8]
100013c4:	2b00      	cmp	r3, #0
100013c6:	d00f      	beq.n	100013e8 <get_keyboard_status+0x160>
100013c8:	9a00      	ldr	r2, [sp, #0]
100013ca:	7813      	ldrb	r3, [r2, #0]
100013cc:	07db      	lsls	r3, r3, #31
100013ce:	d502      	bpl.n	100013d6 <get_keyboard_status+0x14e>
100013d0:	7893      	ldrb	r3, [r2, #2]
100013d2:	2b36      	cmp	r3, #54	@ 0x36
100013d4:	d00e      	beq.n	100013f4 <get_keyboard_status+0x16c>
100013d6:	b023      	add	sp, #140	@ 0x8c
100013d8:	bcf0      	pop	{r4, r5, r6, r7}
100013da:	46bb      	mov	fp, r7
100013dc:	46b2      	mov	sl, r6
100013de:	46a9      	mov	r9, r5
100013e0:	46a0      	mov	r8, r4
100013e2:	bdf0      	pop	{r4, r5, r6, r7, pc}
100013e4:	4f0b      	ldr	r7, [pc, #44]	@ (10001414 <get_keyboard_status+0x18c>)
100013e6:	e76c      	b.n	100012c2 <get_keyboard_status+0x3a>
100013e8:	2100      	movs	r1, #0
100013ea:	9a03      	ldr	r2, [sp, #12]
100013ec:	9800      	ldr	r0, [sp, #0]
100013ee:	f002 fccb 	bl	10003d88 <__wrap_memset>
100013f2:	e7e9      	b.n	100013c8 <get_keyboard_status+0x140>
100013f4:	465b      	mov	r3, fp
100013f6:	2201      	movs	r2, #1
100013f8:	7c5b      	ldrb	r3, [r3, #17]
100013fa:	4053      	eors	r3, r2
100013fc:	465a      	mov	r2, fp
100013fe:	7453      	strb	r3, [r2, #17]
10001400:	e7e9      	b.n	100013d6 <get_keyboard_status+0x14e>
10001402:	46c0      	nop			@ (mov r8, r8)
10001404:	ffffeed8 	.word	0xffffeed8
10001408:	20002144 	.word	0x20002144
1000140c:	200010bc 	.word	0x200010bc
10001410:	20002560 	.word	0x20002560
10001414:	20001044 	.word	0x20001044

10001418 <gpio_default_irq_handler>:
10001418:	b5f0      	push	{r4, r5, r6, r7, lr}
1000141a:	46de      	mov	lr, fp
1000141c:	4657      	mov	r7, sl
1000141e:	464e      	mov	r6, r9
10001420:	4645      	mov	r5, r8
10001422:	2200      	movs	r2, #0
10001424:	b5e0      	push	{r5, r6, r7, lr}
10001426:	4b97      	ldr	r3, [pc, #604]	@ (10001684 <gpio_default_irq_handler+0x26c>)
10001428:	b083      	sub	sp, #12
1000142a:	446b      	add	r3, sp
1000142c:	601a      	str	r2, [r3, #0]
1000142e:	23d0      	movs	r3, #208	@ 0xd0
10001430:	061b      	lsls	r3, r3, #24
10001432:	681b      	ldr	r3, [r3, #0]
10001434:	4a94      	ldr	r2, [pc, #592]	@ (10001688 <gpio_default_irq_handler+0x270>)
10001436:	0099      	lsls	r1, r3, #2
10001438:	4689      	mov	r9, r1
1000143a:	5851      	ldr	r1, [r2, r1]
1000143c:	425a      	negs	r2, r3
1000143e:	4153      	adcs	r3, r2
10001440:	222f      	movs	r2, #47	@ 0x2f
10001442:	425b      	negs	r3, r3
10001444:	4393      	bics	r3, r2
10001446:	4698      	mov	r8, r3
10001448:	4b90      	ldr	r3, [pc, #576]	@ (1000168c <gpio_default_irq_handler+0x274>)
1000144a:	2700      	movs	r7, #0
1000144c:	469c      	mov	ip, r3
1000144e:	9101      	str	r1, [sp, #4]
10001450:	44e0      	add	r8, ip
10001452:	2900      	cmp	r1, #0
10001454:	d039      	beq.n	100014ca <gpio_default_irq_handler+0xb2>
10001456:	4b8e      	ldr	r3, [pc, #568]	@ (10001690 <gpio_default_irq_handler+0x278>)
10001458:	260f      	movs	r6, #15
1000145a:	469b      	mov	fp, r3
1000145c:	4642      	mov	r2, r8
1000145e:	08fb      	lsrs	r3, r7, #3
10001460:	3308      	adds	r3, #8
10001462:	009b      	lsls	r3, r3, #2
10001464:	589c      	ldr	r4, [r3, r2]
10001466:	2301      	movs	r3, #1
10001468:	003d      	movs	r5, r7
1000146a:	469a      	mov	sl, r3
1000146c:	3708      	adds	r7, #8
1000146e:	2c00      	cmp	r4, #0
10001470:	d022      	beq.n	100014b8 <gpio_default_irq_handler+0xa0>
10001472:	0031      	movs	r1, r6
10001474:	4021      	ands	r1, r4
10001476:	4226      	tst	r6, r4
10001478:	d018      	beq.n	100014ac <gpio_default_irq_handler+0x94>
1000147a:	465b      	mov	r3, fp
1000147c:	464a      	mov	r2, r9
1000147e:	589a      	ldr	r2, [r3, r2]
10001480:	002b      	movs	r3, r5
10001482:	40ea      	lsrs	r2, r5
10001484:	3b20      	subs	r3, #32
10001486:	17db      	asrs	r3, r3, #31
10001488:	4013      	ands	r3, r2
1000148a:	4652      	mov	r2, sl
1000148c:	4213      	tst	r3, r2
1000148e:	d10d      	bne.n	100014ac <gpio_default_irq_handler+0x94>
10001490:	2207      	movs	r2, #7
10001492:	0008      	movs	r0, r1
10001494:	402a      	ands	r2, r5
10001496:	0092      	lsls	r2, r2, #2
10001498:	4090      	lsls	r0, r2
1000149a:	0002      	movs	r2, r0
1000149c:	08eb      	lsrs	r3, r5, #3
1000149e:	487d      	ldr	r0, [pc, #500]	@ (10001694 <gpio_default_irq_handler+0x27c>)
100014a0:	333c      	adds	r3, #60	@ 0x3c
100014a2:	009b      	lsls	r3, r3, #2
100014a4:	501a      	str	r2, [r3, r0]
100014a6:	0028      	movs	r0, r5
100014a8:	9b01      	ldr	r3, [sp, #4]
100014aa:	4798      	blx	r3
100014ac:	0924      	lsrs	r4, r4, #4
100014ae:	3501      	adds	r5, #1
100014b0:	2c00      	cmp	r4, #0
100014b2:	d001      	beq.n	100014b8 <gpio_default_irq_handler+0xa0>
100014b4:	42bd      	cmp	r5, r7
100014b6:	d3dc      	bcc.n	10001472 <gpio_default_irq_handler+0x5a>
100014b8:	2f20      	cmp	r7, #32
100014ba:	d1cf      	bne.n	1000145c <gpio_default_irq_handler+0x44>
100014bc:	b003      	add	sp, #12
100014be:	bcf0      	pop	{r4, r5, r6, r7}
100014c0:	46bb      	mov	fp, r7
100014c2:	46b2      	mov	sl, r6
100014c4:	46a9      	mov	r9, r5
100014c6:	46a0      	mov	r8, r4
100014c8:	bdf0      	pop	{r4, r5, r6, r7, pc}
100014ca:	4b71      	ldr	r3, [pc, #452]	@ (10001690 <gpio_default_irq_handler+0x278>)
100014cc:	2000      	movs	r0, #0
100014ce:	220f      	movs	r2, #15
100014d0:	469b      	mov	fp, r3
100014d2:	08c6      	lsrs	r6, r0, #3
100014d4:	0033      	movs	r3, r6
100014d6:	4641      	mov	r1, r8
100014d8:	3308      	adds	r3, #8
100014da:	009b      	lsls	r3, r3, #2
100014dc:	585b      	ldr	r3, [r3, r1]
100014de:	0001      	movs	r1, r0
100014e0:	3008      	adds	r0, #8
100014e2:	2b00      	cmp	r3, #0
100014e4:	d100      	bne.n	100014e8 <gpio_default_irq_handler+0xd0>
100014e6:	e0b2      	b.n	1000164e <gpio_default_irq_handler+0x236>
100014e8:	0017      	movs	r7, r2
100014ea:	401f      	ands	r7, r3
100014ec:	46bc      	mov	ip, r7
100014ee:	421a      	tst	r2, r3
100014f0:	d00f      	beq.n	10001512 <gpio_default_irq_handler+0xfa>
100014f2:	464c      	mov	r4, r9
100014f4:	465d      	mov	r5, fp
100014f6:	000f      	movs	r7, r1
100014f8:	592c      	ldr	r4, [r5, r4]
100014fa:	3f20      	subs	r7, #32
100014fc:	40cc      	lsrs	r4, r1
100014fe:	17ff      	asrs	r7, r7, #31
10001500:	4027      	ands	r7, r4
10001502:	2401      	movs	r4, #1
10001504:	4227      	tst	r7, r4
10001506:	d104      	bne.n	10001512 <gpio_default_irq_handler+0xfa>
10001508:	4664      	mov	r4, ip
1000150a:	4f62      	ldr	r7, [pc, #392]	@ (10001694 <gpio_default_irq_handler+0x27c>)
1000150c:	363c      	adds	r6, #60	@ 0x3c
1000150e:	00b6      	lsls	r6, r6, #2
10001510:	51f4      	str	r4, [r6, r7]
10001512:	091e      	lsrs	r6, r3, #4
10001514:	d100      	bne.n	10001518 <gpio_default_irq_handler+0x100>
10001516:	e09a      	b.n	1000164e <gpio_default_irq_handler+0x236>
10001518:	0017      	movs	r7, r2
1000151a:	4037      	ands	r7, r6
1000151c:	4232      	tst	r2, r6
1000151e:	d013      	beq.n	10001548 <gpio_default_irq_handler+0x130>
10001520:	1c4c      	adds	r4, r1, #1
10001522:	46a4      	mov	ip, r4
10001524:	465d      	mov	r5, fp
10001526:	464c      	mov	r4, r9
10001528:	592c      	ldr	r4, [r5, r4]
1000152a:	4665      	mov	r5, ip
1000152c:	000e      	movs	r6, r1
1000152e:	40ec      	lsrs	r4, r5
10001530:	3e1f      	subs	r6, #31
10001532:	17f6      	asrs	r6, r6, #31
10001534:	4026      	ands	r6, r4
10001536:	2401      	movs	r4, #1
10001538:	4226      	tst	r6, r4
1000153a:	d105      	bne.n	10001548 <gpio_default_irq_handler+0x130>
1000153c:	08ee      	lsrs	r6, r5, #3
1000153e:	4c55      	ldr	r4, [pc, #340]	@ (10001694 <gpio_default_irq_handler+0x27c>)
10001540:	363c      	adds	r6, #60	@ 0x3c
10001542:	013f      	lsls	r7, r7, #4
10001544:	00b6      	lsls	r6, r6, #2
10001546:	5137      	str	r7, [r6, r4]
10001548:	0a1e      	lsrs	r6, r3, #8
1000154a:	d100      	bne.n	1000154e <gpio_default_irq_handler+0x136>
1000154c:	e07f      	b.n	1000164e <gpio_default_irq_handler+0x236>
1000154e:	0017      	movs	r7, r2
10001550:	4037      	ands	r7, r6
10001552:	4232      	tst	r2, r6
10001554:	d013      	beq.n	1000157e <gpio_default_irq_handler+0x166>
10001556:	1c8c      	adds	r4, r1, #2
10001558:	46a4      	mov	ip, r4
1000155a:	465d      	mov	r5, fp
1000155c:	464c      	mov	r4, r9
1000155e:	592c      	ldr	r4, [r5, r4]
10001560:	4665      	mov	r5, ip
10001562:	000e      	movs	r6, r1
10001564:	40ec      	lsrs	r4, r5
10001566:	3e1e      	subs	r6, #30
10001568:	17f6      	asrs	r6, r6, #31
1000156a:	4026      	ands	r6, r4
1000156c:	2401      	movs	r4, #1
1000156e:	4226      	tst	r6, r4
10001570:	d105      	bne.n	1000157e <gpio_default_irq_handler+0x166>
10001572:	08ee      	lsrs	r6, r5, #3
10001574:	4c47      	ldr	r4, [pc, #284]	@ (10001694 <gpio_default_irq_handler+0x27c>)
10001576:	363c      	adds	r6, #60	@ 0x3c
10001578:	023f      	lsls	r7, r7, #8
1000157a:	00b6      	lsls	r6, r6, #2
1000157c:	5137      	str	r7, [r6, r4]
1000157e:	0b1e      	lsrs	r6, r3, #12
10001580:	d065      	beq.n	1000164e <gpio_default_irq_handler+0x236>
10001582:	0017      	movs	r7, r2
10001584:	4037      	ands	r7, r6
10001586:	4232      	tst	r2, r6
10001588:	d00d      	beq.n	100015a6 <gpio_default_irq_handler+0x18e>
1000158a:	1ccc      	adds	r4, r1, #3
1000158c:	46a4      	mov	ip, r4
1000158e:	465d      	mov	r5, fp
10001590:	464c      	mov	r4, r9
10001592:	592c      	ldr	r4, [r5, r4]
10001594:	4665      	mov	r5, ip
10001596:	000e      	movs	r6, r1
10001598:	40ec      	lsrs	r4, r5
1000159a:	3e1d      	subs	r6, #29
1000159c:	17f6      	asrs	r6, r6, #31
1000159e:	4026      	ands	r6, r4
100015a0:	2401      	movs	r4, #1
100015a2:	4226      	tst	r6, r4
100015a4:	d057      	beq.n	10001656 <gpio_default_irq_handler+0x23e>
100015a6:	0c1e      	lsrs	r6, r3, #16
100015a8:	d051      	beq.n	1000164e <gpio_default_irq_handler+0x236>
100015aa:	0014      	movs	r4, r2
100015ac:	4034      	ands	r4, r6
100015ae:	46a4      	mov	ip, r4
100015b0:	4232      	tst	r2, r6
100015b2:	d00b      	beq.n	100015cc <gpio_default_irq_handler+0x1b4>
100015b4:	464c      	mov	r4, r9
100015b6:	4e36      	ldr	r6, [pc, #216]	@ (10001690 <gpio_default_irq_handler+0x278>)
100015b8:	1d0f      	adds	r7, r1, #4
100015ba:	5936      	ldr	r6, [r6, r4]
100015bc:	40fe      	lsrs	r6, r7
100015be:	46b2      	mov	sl, r6
100015c0:	000e      	movs	r6, r1
100015c2:	4654      	mov	r4, sl
100015c4:	3e1c      	subs	r6, #28
100015c6:	0ff6      	lsrs	r6, r6, #31
100015c8:	4226      	tst	r6, r4
100015ca:	d04b      	beq.n	10001664 <gpio_default_irq_handler+0x24c>
100015cc:	0d1e      	lsrs	r6, r3, #20
100015ce:	d03e      	beq.n	1000164e <gpio_default_irq_handler+0x236>
100015d0:	0014      	movs	r4, r2
100015d2:	4034      	ands	r4, r6
100015d4:	46a4      	mov	ip, r4
100015d6:	4232      	tst	r2, r6
100015d8:	d00b      	beq.n	100015f2 <gpio_default_irq_handler+0x1da>
100015da:	464c      	mov	r4, r9
100015dc:	4e2c      	ldr	r6, [pc, #176]	@ (10001690 <gpio_default_irq_handler+0x278>)
100015de:	1d4f      	adds	r7, r1, #5
100015e0:	5936      	ldr	r6, [r6, r4]
100015e2:	40fe      	lsrs	r6, r7
100015e4:	46b2      	mov	sl, r6
100015e6:	000e      	movs	r6, r1
100015e8:	4654      	mov	r4, sl
100015ea:	3e1b      	subs	r6, #27
100015ec:	0ff6      	lsrs	r6, r6, #31
100015ee:	4226      	tst	r6, r4
100015f0:	d040      	beq.n	10001674 <gpio_default_irq_handler+0x25c>
100015f2:	0e1e      	lsrs	r6, r3, #24
100015f4:	d02b      	beq.n	1000164e <gpio_default_irq_handler+0x236>
100015f6:	0014      	movs	r4, r2
100015f8:	4034      	ands	r4, r6
100015fa:	46a4      	mov	ip, r4
100015fc:	4232      	tst	r2, r6
100015fe:	d012      	beq.n	10001626 <gpio_default_irq_handler+0x20e>
10001600:	464c      	mov	r4, r9
10001602:	4e23      	ldr	r6, [pc, #140]	@ (10001690 <gpio_default_irq_handler+0x278>)
10001604:	1d8f      	adds	r7, r1, #6
10001606:	5936      	ldr	r6, [r6, r4]
10001608:	40fe      	lsrs	r6, r7
1000160a:	46b2      	mov	sl, r6
1000160c:	000e      	movs	r6, r1
1000160e:	4654      	mov	r4, sl
10001610:	3e1a      	subs	r6, #26
10001612:	0ff6      	lsrs	r6, r6, #31
10001614:	4226      	tst	r6, r4
10001616:	d106      	bne.n	10001626 <gpio_default_irq_handler+0x20e>
10001618:	4664      	mov	r4, ip
1000161a:	08fe      	lsrs	r6, r7, #3
1000161c:	363c      	adds	r6, #60	@ 0x3c
1000161e:	0627      	lsls	r7, r4, #24
10001620:	4c1c      	ldr	r4, [pc, #112]	@ (10001694 <gpio_default_irq_handler+0x27c>)
10001622:	00b6      	lsls	r6, r6, #2
10001624:	5137      	str	r7, [r6, r4]
10001626:	0f1b      	lsrs	r3, r3, #28
10001628:	1dcf      	adds	r7, r1, #7
1000162a:	2b00      	cmp	r3, #0
1000162c:	d00f      	beq.n	1000164e <gpio_default_irq_handler+0x236>
1000162e:	464c      	mov	r4, r9
10001630:	465d      	mov	r5, fp
10001632:	592e      	ldr	r6, [r5, r4]
10001634:	2401      	movs	r4, #1
10001636:	40fe      	lsrs	r6, r7
10001638:	3919      	subs	r1, #25
1000163a:	17c9      	asrs	r1, r1, #31
1000163c:	4031      	ands	r1, r6
1000163e:	4221      	tst	r1, r4
10001640:	d105      	bne.n	1000164e <gpio_default_irq_handler+0x236>
10001642:	08f9      	lsrs	r1, r7, #3
10001644:	4e13      	ldr	r6, [pc, #76]	@ (10001694 <gpio_default_irq_handler+0x27c>)
10001646:	313c      	adds	r1, #60	@ 0x3c
10001648:	071b      	lsls	r3, r3, #28
1000164a:	0089      	lsls	r1, r1, #2
1000164c:	518b      	str	r3, [r1, r6]
1000164e:	2820      	cmp	r0, #32
10001650:	d000      	beq.n	10001654 <gpio_default_irq_handler+0x23c>
10001652:	e73e      	b.n	100014d2 <gpio_default_irq_handler+0xba>
10001654:	e732      	b.n	100014bc <gpio_default_irq_handler+0xa4>
10001656:	08ee      	lsrs	r6, r5, #3
10001658:	4c0e      	ldr	r4, [pc, #56]	@ (10001694 <gpio_default_irq_handler+0x27c>)
1000165a:	363c      	adds	r6, #60	@ 0x3c
1000165c:	033f      	lsls	r7, r7, #12
1000165e:	00b6      	lsls	r6, r6, #2
10001660:	5137      	str	r7, [r6, r4]
10001662:	e7a0      	b.n	100015a6 <gpio_default_irq_handler+0x18e>
10001664:	4664      	mov	r4, ip
10001666:	08ff      	lsrs	r7, r7, #3
10001668:	373c      	adds	r7, #60	@ 0x3c
1000166a:	00be      	lsls	r6, r7, #2
1000166c:	4f09      	ldr	r7, [pc, #36]	@ (10001694 <gpio_default_irq_handler+0x27c>)
1000166e:	0424      	lsls	r4, r4, #16
10001670:	51f4      	str	r4, [r6, r7]
10001672:	e7ab      	b.n	100015cc <gpio_default_irq_handler+0x1b4>
10001674:	4664      	mov	r4, ip
10001676:	08fe      	lsrs	r6, r7, #3
10001678:	363c      	adds	r6, #60	@ 0x3c
1000167a:	0527      	lsls	r7, r4, #20
1000167c:	4c05      	ldr	r4, [pc, #20]	@ (10001694 <gpio_default_irq_handler+0x27c>)
1000167e:	00b6      	lsls	r6, r6, #2
10001680:	5137      	str	r7, [r6, r4]
10001682:	e7b6      	b.n	100015f2 <gpio_default_irq_handler+0x1da>
10001684:	ffffeed8 	.word	0xffffeed8
10001688:	200020f8 	.word	0x200020f8
1000168c:	40014130 	.word	0x40014130
10001690:	2000266c 	.word	0x2000266c
10001694:	40014000 	.word	0x40014000

10001698 <gpio_set_function>:
10001698:	4a09      	ldr	r2, [pc, #36]	@ (100016c0 <gpio_set_function+0x28>)
1000169a:	0083      	lsls	r3, r0, #2
1000169c:	189a      	adds	r2, r3, r2
1000169e:	b510      	push	{r4, lr}
100016a0:	6814      	ldr	r4, [r2, #0]
100016a2:	2240      	movs	r2, #64	@ 0x40
100016a4:	4054      	eors	r4, r2
100016a6:	3280      	adds	r2, #128	@ 0x80
100016a8:	4022      	ands	r2, r4
100016aa:	4c06      	ldr	r4, [pc, #24]	@ (100016c4 <gpio_set_function+0x2c>)
100016ac:	00c0      	lsls	r0, r0, #3
100016ae:	46a4      	mov	ip, r4
100016b0:	4463      	add	r3, ip
100016b2:	601a      	str	r2, [r3, #0]
100016b4:	4b04      	ldr	r3, [pc, #16]	@ (100016c8 <gpio_set_function+0x30>)
100016b6:	469c      	mov	ip, r3
100016b8:	4460      	add	r0, ip
100016ba:	6041      	str	r1, [r0, #4]
100016bc:	bd10      	pop	{r4, pc}
100016be:	46c0      	nop			@ (mov r8, r8)
100016c0:	4001c004 	.word	0x4001c004
100016c4:	4001d004 	.word	0x4001d004
100016c8:	40014000 	.word	0x40014000

100016cc <gpio_set_pulls>:
100016cc:	4b07      	ldr	r3, [pc, #28]	@ (100016ec <gpio_set_pulls+0x20>)
100016ce:	0080      	lsls	r0, r0, #2
100016d0:	18c3      	adds	r3, r0, r3
100016d2:	681b      	ldr	r3, [r3, #0]
100016d4:	00c9      	lsls	r1, r1, #3
100016d6:	0092      	lsls	r2, r2, #2
100016d8:	430a      	orrs	r2, r1
100016da:	405a      	eors	r2, r3
100016dc:	230c      	movs	r3, #12
100016de:	4013      	ands	r3, r2
100016e0:	4a03      	ldr	r2, [pc, #12]	@ (100016f0 <gpio_set_pulls+0x24>)
100016e2:	4694      	mov	ip, r2
100016e4:	4460      	add	r0, ip
100016e6:	6003      	str	r3, [r0, #0]
100016e8:	4770      	bx	lr
100016ea:	46c0      	nop			@ (mov r8, r8)
100016ec:	4001c004 	.word	0x4001c004
100016f0:	4001d004 	.word	0x4001d004

100016f4 <gpio_set_irq_enabled_with_callback>:
100016f4:	b5f8      	push	{r3, r4, r5, r6, r7, lr}
100016f6:	4657      	mov	r7, sl
100016f8:	464e      	mov	r6, r9
100016fa:	4645      	mov	r5, r8
100016fc:	46de      	mov	lr, fp
100016fe:	4698      	mov	r8, r3
10001700:	b5e0      	push	{r5, r6, r7, lr}
10001702:	0016      	movs	r6, r2
10001704:	0007      	movs	r7, r0
10001706:	2200      	movs	r2, #0
10001708:	000d      	movs	r5, r1
1000170a:	4b2c      	ldr	r3, [pc, #176]	@ (100017bc <gpio_set_irq_enabled_with_callback+0xc8>)
1000170c:	446b      	add	r3, sp
1000170e:	601a      	str	r2, [r3, #0]
10001710:	23d0      	movs	r3, #208	@ 0xd0
10001712:	061b      	lsls	r3, r3, #24
10001714:	681c      	ldr	r4, [r3, #0]
10001716:	469b      	mov	fp, r3
10001718:	4b29      	ldr	r3, [pc, #164]	@ (100017c0 <gpio_set_irq_enabled_with_callback+0xcc>)
1000171a:	469a      	mov	sl, r3
1000171c:	00a3      	lsls	r3, r4, #2
1000171e:	4699      	mov	r9, r3
10001720:	4653      	mov	r3, sl
10001722:	464a      	mov	r2, r9
10001724:	589b      	ldr	r3, [r3, r2]
10001726:	2b00      	cmp	r3, #0
10001728:	d034      	beq.n	10001794 <gpio_set_irq_enabled_with_callback+0xa0>
1000172a:	4643      	mov	r3, r8
1000172c:	2b00      	cmp	r3, #0
1000172e:	d03f      	beq.n	100017b0 <gpio_set_irq_enabled_with_callback+0xbc>
10001730:	4653      	mov	r3, sl
10001732:	464a      	mov	r2, r9
10001734:	4641      	mov	r1, r8
10001736:	5099      	str	r1, [r3, r2]
10001738:	23d0      	movs	r3, #208	@ 0xd0
1000173a:	061b      	lsls	r3, r3, #24
1000173c:	681c      	ldr	r4, [r3, #0]
1000173e:	4263      	negs	r3, r4
10001740:	415c      	adcs	r4, r3
10001742:	222f      	movs	r2, #47	@ 0x2f
10001744:	2007      	movs	r0, #7
10001746:	4263      	negs	r3, r4
10001748:	4393      	bics	r3, r2
1000174a:	4a1e      	ldr	r2, [pc, #120]	@ (100017c4 <gpio_set_irq_enabled_with_callback+0xd0>)
1000174c:	4038      	ands	r0, r7
1000174e:	4694      	mov	ip, r2
10001750:	08fa      	lsrs	r2, r7, #3
10001752:	0011      	movs	r1, r2
10001754:	0080      	lsls	r0, r0, #2
10001756:	4085      	lsls	r5, r0
10001758:	313c      	adds	r1, #60	@ 0x3c
1000175a:	481b      	ldr	r0, [pc, #108]	@ (100017c8 <gpio_set_irq_enabled_with_callback+0xd4>)
1000175c:	4463      	add	r3, ip
1000175e:	0089      	lsls	r1, r1, #2
10001760:	0092      	lsls	r2, r2, #2
10001762:	500d      	str	r5, [r1, r0]
10001764:	189b      	adds	r3, r3, r2
10001766:	2e00      	cmp	r6, #0
10001768:	d00e      	beq.n	10001788 <gpio_set_irq_enabled_with_callback+0x94>
1000176a:	2280      	movs	r2, #128	@ 0x80
1000176c:	0192      	lsls	r2, r2, #6
1000176e:	4694      	mov	ip, r2
10001770:	4463      	add	r3, ip
10001772:	2101      	movs	r1, #1
10001774:	200d      	movs	r0, #13
10001776:	601d      	str	r5, [r3, #0]
10001778:	f000 f92e 	bl	100019d8 <irq_set_enabled>
1000177c:	bcf0      	pop	{r4, r5, r6, r7}
1000177e:	46bb      	mov	fp, r7
10001780:	46b2      	mov	sl, r6
10001782:	46a9      	mov	r9, r5
10001784:	46a0      	mov	r8, r4
10001786:	bdf8      	pop	{r3, r4, r5, r6, r7, pc}
10001788:	22c0      	movs	r2, #192	@ 0xc0
1000178a:	0192      	lsls	r2, r2, #6
1000178c:	4694      	mov	ip, r2
1000178e:	4463      	add	r3, ip
10001790:	601d      	str	r5, [r3, #0]
10001792:	e7f3      	b.n	1000177c <gpio_set_irq_enabled_with_callback+0x88>
10001794:	4643      	mov	r3, r8
10001796:	2b00      	cmp	r3, #0
10001798:	d0d1      	beq.n	1000173e <gpio_set_irq_enabled_with_callback+0x4a>
1000179a:	4653      	mov	r3, sl
1000179c:	4641      	mov	r1, r8
1000179e:	200d      	movs	r0, #13
100017a0:	5099      	str	r1, [r3, r2]
100017a2:	2200      	movs	r2, #0
100017a4:	4909      	ldr	r1, [pc, #36]	@ (100017cc <gpio_set_irq_enabled_with_callback+0xd8>)
100017a6:	f000 f965 	bl	10001a74 <irq_add_shared_handler>
100017aa:	465b      	mov	r3, fp
100017ac:	681c      	ldr	r4, [r3, #0]
100017ae:	e7c6      	b.n	1000173e <gpio_set_irq_enabled_with_callback+0x4a>
100017b0:	200d      	movs	r0, #13
100017b2:	4906      	ldr	r1, [pc, #24]	@ (100017cc <gpio_set_irq_enabled_with_callback+0xd8>)
100017b4:	f000 fa5e 	bl	10001c74 <irq_remove_handler>
100017b8:	e7ba      	b.n	10001730 <gpio_set_irq_enabled_with_callback+0x3c>
100017ba:	46c0      	nop			@ (mov r8, r8)
100017bc:	ffffeed8 	.word	0xffffeed8
100017c0:	200020f8 	.word	0x200020f8
100017c4:	40014130 	.word	0x40014130
100017c8:	40014000 	.word	0x40014000
100017cc:	10001419 	.word	0x10001419

100017d0 <gpio_init>:
100017d0:	2301      	movs	r3, #1
100017d2:	22d0      	movs	r2, #208	@ 0xd0
100017d4:	4083      	lsls	r3, r0
100017d6:	0612      	lsls	r2, r2, #24
100017d8:	6293      	str	r3, [r2, #40]	@ 0x28
100017da:	6193      	str	r3, [r2, #24]
100017dc:	4a09      	ldr	r2, [pc, #36]	@ (10001804 <gpio_init+0x34>)
100017de:	0083      	lsls	r3, r0, #2
100017e0:	189a      	adds	r2, r3, r2
100017e2:	6811      	ldr	r1, [r2, #0]
100017e4:	2240      	movs	r2, #64	@ 0x40
100017e6:	4051      	eors	r1, r2
100017e8:	3280      	adds	r2, #128	@ 0x80
100017ea:	400a      	ands	r2, r1
100017ec:	4906      	ldr	r1, [pc, #24]	@ (10001808 <gpio_init+0x38>)
100017ee:	00c0      	lsls	r0, r0, #3
100017f0:	468c      	mov	ip, r1
100017f2:	4463      	add	r3, ip
100017f4:	601a      	str	r2, [r3, #0]
100017f6:	4b05      	ldr	r3, [pc, #20]	@ (1000180c <gpio_init+0x3c>)
100017f8:	469c      	mov	ip, r3
100017fa:	2305      	movs	r3, #5
100017fc:	4460      	add	r0, ip
100017fe:	6043      	str	r3, [r0, #4]
10001800:	4770      	bx	lr
10001802:	46c0      	nop			@ (mov r8, r8)
10001804:	4001c004 	.word	0x4001c004
10001808:	4001d004 	.word	0x4001d004
1000180c:	40014000 	.word	0x40014000

10001810 <rp2040_chip_version>:
10001810:	2380      	movs	r3, #128	@ 0x80
10001812:	05db      	lsls	r3, r3, #23
10001814:	6818      	ldr	r0, [r3, #0]
10001816:	0f00      	lsrs	r0, r0, #28
10001818:	4770      	bx	lr
1000181a:	46c0      	nop			@ (mov r8, r8)

1000181c <panic>:
1000181c:	b40f      	push	{r0, r1, r2, r3}
1000181e:	2200      	movs	r2, #0
10001820:	b500      	push	{lr}
10001822:	4b0a      	ldr	r3, [pc, #40]	@ (1000184c <panic+0x30>)
10001824:	b083      	sub	sp, #12
10001826:	446b      	add	r3, sp
10001828:	601a      	str	r2, [r3, #0]
1000182a:	4809      	ldr	r0, [pc, #36]	@ (10001850 <panic+0x34>)
1000182c:	f004 f89e 	bl	1000596c <__wrap_puts>
10001830:	9b04      	ldr	r3, [sp, #16]
10001832:	2b00      	cmp	r3, #0
10001834:	d007      	beq.n	10001846 <panic+0x2a>
10001836:	a905      	add	r1, sp, #20
10001838:	0018      	movs	r0, r3
1000183a:	9101      	str	r1, [sp, #4]
1000183c:	f003 feae 	bl	1000559c <weak_raw_vprintf>
10001840:	4804      	ldr	r0, [pc, #16]	@ (10001854 <panic+0x38>)
10001842:	f004 f893 	bl	1000596c <__wrap_puts>
10001846:	2001      	movs	r0, #1
10001848:	f003 fec8 	bl	100055dc <_exit>
1000184c:	ffffeed8 	.word	0xffffeed8
10001850:	10008404 	.word	0x10008404
10001854:	10008414 	.word	0x10008414

10001858 <hw_claim_or_assert>:
10001858:	b570      	push	{r4, r5, r6, lr}
1000185a:	2400      	movs	r4, #0
1000185c:	4b10      	ldr	r3, [pc, #64]	@ (100018a0 <hw_claim_or_assert+0x48>)
1000185e:	446b      	add	r3, sp
10001860:	601c      	str	r4, [r3, #0]
10001862:	f3ef 8c10 	mrs	ip, PRIMASK
10001866:	b672      	cpsid	i
10001868:	4d0e      	ldr	r5, [pc, #56]	@ (100018a4 <hw_claim_or_assert+0x4c>)
1000186a:	682b      	ldr	r3, [r5, #0]
1000186c:	2b00      	cmp	r3, #0
1000186e:	d0fc      	beq.n	1000186a <hw_claim_or_assert+0x12>
10001870:	f3bf 8f5f 	dmb	sy
10001874:	2407      	movs	r4, #7
10001876:	08cb      	lsrs	r3, r1, #3
10001878:	18c6      	adds	r6, r0, r3
1000187a:	5cc0      	ldrb	r0, [r0, r3]
1000187c:	2301      	movs	r3, #1
1000187e:	400c      	ands	r4, r1
10001880:	40a3      	lsls	r3, r4
10001882:	001c      	movs	r4, r3
10001884:	4004      	ands	r4, r0
10001886:	4203      	tst	r3, r0
10001888:	d107      	bne.n	1000189a <hw_claim_or_assert+0x42>
1000188a:	4318      	orrs	r0, r3
1000188c:	7030      	strb	r0, [r6, #0]
1000188e:	f3bf 8f5f 	dmb	sy
10001892:	602c      	str	r4, [r5, #0]
10001894:	f38c 8810 	msr	PRIMASK, ip
10001898:	bd70      	pop	{r4, r5, r6, pc}
1000189a:	0010      	movs	r0, r2
1000189c:	f7ff ffbe 	bl	1000181c <panic>
100018a0:	ffffeed8 	.word	0xffffeed8
100018a4:	d000012c 	.word	0xd000012c

100018a8 <hw_claim_unused_from_range>:
100018a8:	b5f8      	push	{r3, r4, r5, r6, r7, lr}
100018aa:	4647      	mov	r7, r8
100018ac:	46ce      	mov	lr, r9
100018ae:	2500      	movs	r5, #0
100018b0:	4688      	mov	r8, r1
100018b2:	b580      	push	{r7, lr}
100018b4:	4c24      	ldr	r4, [pc, #144]	@ (10001948 <hw_claim_unused_from_range+0xa0>)
100018b6:	446c      	add	r4, sp
100018b8:	6025      	str	r5, [r4, #0]
100018ba:	f3ef 8c10 	mrs	ip, PRIMASK
100018be:	b672      	cpsid	i
100018c0:	4d22      	ldr	r5, [pc, #136]	@ (1000194c <hw_claim_unused_from_range+0xa4>)
100018c2:	682c      	ldr	r4, [r5, #0]
100018c4:	2c00      	cmp	r4, #0
100018c6:	d0fc      	beq.n	100018c2 <hw_claim_unused_from_range+0x1a>
100018c8:	f3bf 8f5f 	dmb	sy
100018cc:	429a      	cmp	r2, r3
100018ce:	d82c      	bhi.n	1000192a <hw_claim_unused_from_range+0x82>
100018d0:	08d4      	lsrs	r4, r2, #3
100018d2:	2707      	movs	r7, #7
100018d4:	5d05      	ldrb	r5, [r0, r4]
100018d6:	1906      	adds	r6, r0, r4
100018d8:	2401      	movs	r4, #1
100018da:	4017      	ands	r7, r2
100018dc:	40bc      	lsls	r4, r7
100018de:	422c      	tst	r4, r5
100018e0:	d01f      	beq.n	10001922 <hw_claim_unused_from_range+0x7a>
100018e2:	2107      	movs	r1, #7
100018e4:	2701      	movs	r7, #1
100018e6:	4689      	mov	r9, r1
100018e8:	e009      	b.n	100018fe <hw_claim_unused_from_range+0x56>
100018ea:	08d4      	lsrs	r4, r2, #3
100018ec:	5d05      	ldrb	r5, [r0, r4]
100018ee:	1906      	adds	r6, r0, r4
100018f0:	464c      	mov	r4, r9
100018f2:	0039      	movs	r1, r7
100018f4:	4014      	ands	r4, r2
100018f6:	40a1      	lsls	r1, r4
100018f8:	000c      	movs	r4, r1
100018fa:	4229      	tst	r1, r5
100018fc:	d011      	beq.n	10001922 <hw_claim_unused_from_range+0x7a>
100018fe:	3201      	adds	r2, #1
10001900:	4293      	cmp	r3, r2
10001902:	d2f2      	bcs.n	100018ea <hw_claim_unused_from_range+0x42>
10001904:	2001      	movs	r0, #1
10001906:	4240      	negs	r0, r0
10001908:	f3bf 8f5f 	dmb	sy
1000190c:	2200      	movs	r2, #0
1000190e:	4b0f      	ldr	r3, [pc, #60]	@ (1000194c <hw_claim_unused_from_range+0xa4>)
10001910:	601a      	str	r2, [r3, #0]
10001912:	f38c 8810 	msr	PRIMASK, ip
10001916:	2800      	cmp	r0, #0
10001918:	db0f      	blt.n	1000193a <hw_claim_unused_from_range+0x92>
1000191a:	bcc0      	pop	{r6, r7}
1000191c:	46b9      	mov	r9, r7
1000191e:	46b0      	mov	r8, r6
10001920:	bdf8      	pop	{r3, r4, r5, r6, r7, pc}
10001922:	4325      	orrs	r5, r4
10001924:	0010      	movs	r0, r2
10001926:	7035      	strb	r5, [r6, #0]
10001928:	e7ee      	b.n	10001908 <hw_claim_unused_from_range+0x60>
1000192a:	f3bf 8f5f 	dmb	sy
1000192e:	2300      	movs	r3, #0
10001930:	602b      	str	r3, [r5, #0]
10001932:	f38c 8810 	msr	PRIMASK, ip
10001936:	2001      	movs	r0, #1
10001938:	4240      	negs	r0, r0
1000193a:	4643      	mov	r3, r8
1000193c:	2b00      	cmp	r3, #0
1000193e:	d0ec      	beq.n	1000191a <hw_claim_unused_from_range+0x72>
10001940:	9808      	ldr	r0, [sp, #32]
10001942:	f7ff ff6b 	bl	1000181c <panic>
10001946:	46c0      	nop			@ (mov r8, r8)
10001948:	ffffeed8 	.word	0xffffeed8
1000194c:	d000012c 	.word	0xd000012c

10001950 <next_striped_spin_lock_num>:
10001950:	4a04      	ldr	r2, [pc, #16]	@ (10001964 <next_striped_spin_lock_num+0x14>)
10001952:	7810      	ldrb	r0, [r2, #0]
10001954:	1c43      	adds	r3, r0, #1
10001956:	b2db      	uxtb	r3, r3
10001958:	2b17      	cmp	r3, #23
1000195a:	d900      	bls.n	1000195e <next_striped_spin_lock_num+0xe>
1000195c:	2310      	movs	r3, #16
1000195e:	7013      	strb	r3, [r2, #0]
10001960:	4770      	bx	lr
10001962:	46c0      	nop			@ (mov r8, r8)
10001964:	20001134 	.word	0x20001134

10001968 <spin_lock_claim_unused>:
10001968:	2200      	movs	r2, #0
1000196a:	0001      	movs	r1, r0
1000196c:	b510      	push	{r4, lr}
1000196e:	4b07      	ldr	r3, [pc, #28]	@ (1000198c <spin_lock_claim_unused+0x24>)
10001970:	b082      	sub	sp, #8
10001972:	446b      	add	r3, sp
10001974:	601a      	str	r2, [r3, #0]
10001976:	4c06      	ldr	r4, [pc, #24]	@ (10001990 <spin_lock_claim_unused+0x28>)
10001978:	4b06      	ldr	r3, [pc, #24]	@ (10001994 <spin_lock_claim_unused+0x2c>)
1000197a:	0020      	movs	r0, r4
1000197c:	9300      	str	r3, [sp, #0]
1000197e:	3218      	adds	r2, #24
10001980:	231f      	movs	r3, #31
10001982:	f7ff ff91 	bl	100018a8 <hw_claim_unused_from_range>
10001986:	b002      	add	sp, #8
10001988:	bd10      	pop	{r4, pc}
1000198a:	46c0      	nop			@ (mov r8, r8)
1000198c:	ffffeed8 	.word	0xffffeed8
10001990:	20002108 	.word	0x20002108
10001994:	10008418 	.word	0x10008418

10001998 <spin_locks_reset>:
10001998:	2100      	movs	r1, #0
1000199a:	4b04      	ldr	r3, [pc, #16]	@ (100019ac <spin_locks_reset+0x14>)
1000199c:	4a04      	ldr	r2, [pc, #16]	@ (100019b0 <spin_locks_reset+0x18>)
1000199e:	f3bf 8f5f 	dmb	sy
100019a2:	c302      	stmia	r3!, {r1}
100019a4:	4293      	cmp	r3, r2
100019a6:	d1fa      	bne.n	1000199e <spin_locks_reset+0x6>
100019a8:	4770      	bx	lr
100019aa:	46c0      	nop			@ (mov r8, r8)
100019ac:	d0000100 	.word	0xd0000100
100019b0:	d0000180 	.word	0xd0000180

100019b4 <runtime_init_per_core_irq_priorities>:
100019b4:	4b05      	ldr	r3, [pc, #20]	@ (100019cc <runtime_init_per_core_irq_priorities+0x18>)
100019b6:	4a06      	ldr	r2, [pc, #24]	@ (100019d0 <runtime_init_per_core_irq_priorities+0x1c>)
100019b8:	6013      	str	r3, [r2, #0]
100019ba:	4a06      	ldr	r2, [pc, #24]	@ (100019d4 <runtime_init_per_core_irq_priorities+0x20>)
100019bc:	6013      	str	r3, [r2, #0]
100019be:	6053      	str	r3, [r2, #4]
100019c0:	6093      	str	r3, [r2, #8]
100019c2:	60d3      	str	r3, [r2, #12]
100019c4:	6113      	str	r3, [r2, #16]
100019c6:	6153      	str	r3, [r2, #20]
100019c8:	6193      	str	r3, [r2, #24]
100019ca:	4770      	bx	lr
100019cc:	80808080 	.word	0x80808080
100019d0:	e000e400 	.word	0xe000e400
100019d4:	e000e404 	.word	0xe000e404

100019d8 <irq_set_enabled>:
100019d8:	231f      	movs	r3, #31
100019da:	4018      	ands	r0, r3
100019dc:	3b1e      	subs	r3, #30
100019de:	4083      	lsls	r3, r0
100019e0:	2900      	cmp	r1, #0
100019e2:	d005      	beq.n	100019f0 <irq_set_enabled+0x18>
100019e4:	21c0      	movs	r1, #192	@ 0xc0
100019e6:	4a04      	ldr	r2, [pc, #16]	@ (100019f8 <irq_set_enabled+0x20>)
100019e8:	0049      	lsls	r1, r1, #1
100019ea:	5053      	str	r3, [r2, r1]
100019ec:	6013      	str	r3, [r2, #0]
100019ee:	4770      	bx	lr
100019f0:	2280      	movs	r2, #128	@ 0x80
100019f2:	4901      	ldr	r1, [pc, #4]	@ (100019f8 <irq_set_enabled+0x20>)
100019f4:	508b      	str	r3, [r1, r2]
100019f6:	e7fa      	b.n	100019ee <irq_set_enabled+0x16>
100019f8:	e000e100 	.word	0xe000e100

100019fc <irq_is_enabled>:
100019fc:	2201      	movs	r2, #1
100019fe:	4082      	lsls	r2, r0
10001a00:	4b03      	ldr	r3, [pc, #12]	@ (10001a10 <irq_is_enabled+0x14>)
10001a02:	681b      	ldr	r3, [r3, #0]
10001a04:	4013      	ands	r3, r2
10001a06:	1e5a      	subs	r2, r3, #1
10001a08:	4193      	sbcs	r3, r2
10001a0a:	b2d8      	uxtb	r0, r3
10001a0c:	4770      	bx	lr
10001a0e:	46c0      	nop			@ (mov r8, r8)
10001a10:	e000e100 	.word	0xe000e100

10001a14 <irq_set_exclusive_handler>:
10001a14:	b570      	push	{r4, r5, r6, lr}
10001a16:	2200      	movs	r2, #0
10001a18:	000d      	movs	r5, r1
10001a1a:	4b12      	ldr	r3, [pc, #72]	@ (10001a64 <irq_set_exclusive_handler+0x50>)
10001a1c:	446b      	add	r3, sp
10001a1e:	601a      	str	r2, [r3, #0]
10001a20:	f3ef 8610 	mrs	r6, PRIMASK
10001a24:	b672      	cpsid	i
10001a26:	4a10      	ldr	r2, [pc, #64]	@ (10001a68 <irq_set_exclusive_handler+0x54>)
10001a28:	6813      	ldr	r3, [r2, #0]
10001a2a:	2b00      	cmp	r3, #0
10001a2c:	d0fc      	beq.n	10001a28 <irq_set_exclusive_handler+0x14>
10001a2e:	f3bf 8f5f 	dmb	sy
10001a32:	4b0e      	ldr	r3, [pc, #56]	@ (10001a6c <irq_set_exclusive_handler+0x58>)
10001a34:	3010      	adds	r0, #16
10001a36:	689b      	ldr	r3, [r3, #8]
10001a38:	0084      	lsls	r4, r0, #2
10001a3a:	591b      	ldr	r3, [r3, r4]
10001a3c:	4a0c      	ldr	r2, [pc, #48]	@ (10001a70 <irq_set_exclusive_handler+0x5c>)
10001a3e:	4293      	cmp	r3, r2
10001a40:	d003      	beq.n	10001a4a <irq_set_exclusive_handler+0x36>
10001a42:	429d      	cmp	r5, r3
10001a44:	d001      	beq.n	10001a4a <irq_set_exclusive_handler+0x36>
10001a46:	f001 f913 	bl	10002c70 <hard_assertion_failure>
10001a4a:	4b08      	ldr	r3, [pc, #32]	@ (10001a6c <irq_set_exclusive_handler+0x58>)
10001a4c:	689b      	ldr	r3, [r3, #8]
10001a4e:	511d      	str	r5, [r3, r4]
10001a50:	f3bf 8f5f 	dmb	sy
10001a54:	f3bf 8f5f 	dmb	sy
10001a58:	2200      	movs	r2, #0
10001a5a:	4b03      	ldr	r3, [pc, #12]	@ (10001a68 <irq_set_exclusive_handler+0x54>)
10001a5c:	601a      	str	r2, [r3, #0]
10001a5e:	f386 8810 	msr	PRIMASK, r6
10001a62:	bd70      	pop	{r4, r5, r6, pc}
10001a64:	ffffeed8 	.word	0xffffeed8
10001a68:	d0000124 	.word	0xd0000124
10001a6c:	e000ed00 	.word	0xe000ed00
10001a70:	100001cd 	.word	0x100001cd

10001a74 <irq_add_shared_handler>:
10001a74:	b5f0      	push	{r4, r5, r6, r7, lr}
10001a76:	4657      	mov	r7, sl
10001a78:	464e      	mov	r6, r9
10001a7a:	46de      	mov	lr, fp
10001a7c:	4645      	mov	r5, r8
10001a7e:	b5e0      	push	{r5, r6, r7, lr}
10001a80:	0017      	movs	r7, r2
10001a82:	0006      	movs	r6, r0
10001a84:	2200      	movs	r2, #0
10001a86:	4b6e      	ldr	r3, [pc, #440]	@ (10001c40 <irq_add_shared_handler+0x1cc>)
10001a88:	b085      	sub	sp, #20
10001a8a:	446b      	add	r3, sp
10001a8c:	9100      	str	r1, [sp, #0]
10001a8e:	601a      	str	r2, [r3, #0]
10001a90:	f3ef 8b10 	mrs	fp, PRIMASK
10001a94:	b672      	cpsid	i
10001a96:	4a6b      	ldr	r2, [pc, #428]	@ (10001c44 <irq_add_shared_handler+0x1d0>)
10001a98:	6813      	ldr	r3, [r2, #0]
10001a9a:	2b00      	cmp	r3, #0
10001a9c:	d0fc      	beq.n	10001a98 <irq_add_shared_handler+0x24>
10001a9e:	f3bf 8f5f 	dmb	sy
10001aa2:	2500      	movs	r5, #0
10001aa4:	4b68      	ldr	r3, [pc, #416]	@ (10001c48 <irq_add_shared_handler+0x1d4>)
10001aa6:	575d      	ldrsb	r5, [r3, r5]
10001aa8:	469a      	mov	sl, r3
10001aaa:	2d00      	cmp	r5, #0
10001aac:	da00      	bge.n	10001ab0 <irq_add_shared_handler+0x3c>
10001aae:	e0a9      	b.n	10001c04 <irq_add_shared_handler+0x190>
10001ab0:	006b      	lsls	r3, r5, #1
10001ab2:	4c66      	ldr	r4, [pc, #408]	@ (10001c4c <irq_add_shared_handler+0x1d8>)
10001ab4:	9301      	str	r3, [sp, #4]
10001ab6:	195b      	adds	r3, r3, r5
10001ab8:	009b      	lsls	r3, r3, #2
10001aba:	4698      	mov	r8, r3
10001abc:	46a1      	mov	r9, r4
10001abe:	44c1      	add	r9, r8
10001ac0:	464b      	mov	r3, r9
10001ac2:	4652      	mov	r2, sl
10001ac4:	799b      	ldrb	r3, [r3, #6]
10001ac6:	3610      	adds	r6, #16
10001ac8:	7013      	strb	r3, [r2, #0]
10001aca:	4b61      	ldr	r3, [pc, #388]	@ (10001c50 <irq_add_shared_handler+0x1dc>)
10001acc:	00b6      	lsls	r6, r6, #2
10001ace:	689b      	ldr	r3, [r3, #8]
10001ad0:	5999      	ldr	r1, [r3, r6]
10001ad2:	1b0b      	subs	r3, r1, r4
10001ad4:	2b2f      	cmp	r3, #47	@ 0x2f
10001ad6:	d933      	bls.n	10001b40 <irq_add_shared_handler+0xcc>
10001ad8:	4b5e      	ldr	r3, [pc, #376]	@ (10001c54 <irq_add_shared_handler+0x1e0>)
10001ada:	4299      	cmp	r1, r3
10001adc:	d000      	beq.n	10001ae0 <irq_add_shared_handler+0x6c>
10001ade:	e0ac      	b.n	10001c3a <irq_add_shared_handler+0x1c6>
10001ae0:	9b01      	ldr	r3, [sp, #4]
10001ae2:	4642      	mov	r2, r8
10001ae4:	469c      	mov	ip, r3
10001ae6:	4b5c      	ldr	r3, [pc, #368]	@ (10001c58 <irq_add_shared_handler+0x1e4>)
10001ae8:	4465      	add	r5, ip
10001aea:	00ad      	lsls	r5, r5, #2
10001aec:	5363      	strh	r3, [r4, r5]
10001aee:	4b5b      	ldr	r3, [pc, #364]	@ (10001c5c <irq_add_shared_handler+0x1e8>)
10001af0:	3202      	adds	r2, #2
10001af2:	18a2      	adds	r2, r4, r2
10001af4:	3b04      	subs	r3, #4
10001af6:	1a9b      	subs	r3, r3, r2
10001af8:	051b      	lsls	r3, r3, #20
10001afa:	4a59      	ldr	r2, [pc, #356]	@ (10001c60 <irq_add_shared_handler+0x1ec>)
10001afc:	0d5b      	lsrs	r3, r3, #21
10001afe:	1965      	adds	r5, r4, r5
10001b00:	4313      	orrs	r3, r2
10001b02:	806b      	strh	r3, [r5, #2]
10001b04:	4b57      	ldr	r3, [pc, #348]	@ (10001c64 <irq_add_shared_handler+0x1f0>)
10001b06:	2101      	movs	r1, #1
10001b08:	80ab      	strh	r3, [r5, #4]
10001b0a:	23ff      	movs	r3, #255	@ 0xff
10001b0c:	71ab      	strb	r3, [r5, #6]
10001b0e:	9b00      	ldr	r3, [sp, #0]
10001b10:	71ef      	strb	r7, [r5, #7]
10001b12:	60ab      	str	r3, [r5, #8]
10001b14:	464b      	mov	r3, r9
10001b16:	430b      	orrs	r3, r1
10001b18:	0019      	movs	r1, r3
10001b1a:	4b4d      	ldr	r3, [pc, #308]	@ (10001c50 <irq_add_shared_handler+0x1dc>)
10001b1c:	689b      	ldr	r3, [r3, #8]
10001b1e:	5199      	str	r1, [r3, r6]
10001b20:	f3bf 8f5f 	dmb	sy
10001b24:	f3bf 8f5f 	dmb	sy
10001b28:	2200      	movs	r2, #0
10001b2a:	4b46      	ldr	r3, [pc, #280]	@ (10001c44 <irq_add_shared_handler+0x1d0>)
10001b2c:	601a      	str	r2, [r3, #0]
10001b2e:	f38b 8810 	msr	PRIMASK, fp
10001b32:	b005      	add	sp, #20
10001b34:	bcf0      	pop	{r4, r5, r6, r7}
10001b36:	46bb      	mov	fp, r7
10001b38:	46b2      	mov	sl, r6
10001b3a:	46a9      	mov	r9, r5
10001b3c:	46a0      	mov	r8, r4
10001b3e:	bdf0      	pop	{r4, r5, r6, r7, pc}
10001b40:	2001      	movs	r0, #1
10001b42:	000a      	movs	r2, r1
10001b44:	4382      	bics	r2, r0
10001b46:	79d3      	ldrb	r3, [r2, #7]
10001b48:	468c      	mov	ip, r1
10001b4a:	42bb      	cmp	r3, r7
10001b4c:	d831      	bhi.n	10001bb2 <irq_add_shared_handler+0x13e>
10001b4e:	4645      	mov	r5, r8
10001b50:	0013      	movs	r3, r2
10001b52:	4945      	ldr	r1, [pc, #276]	@ (10001c68 <irq_add_shared_handler+0x1f4>)
10001b54:	1b1b      	subs	r3, r3, r4
10001b56:	415b      	adcs	r3, r3
10001b58:	4359      	muls	r1, r3
10001b5a:	0d09      	lsrs	r1, r1, #20
10001b5c:	4b3e      	ldr	r3, [pc, #248]	@ (10001c58 <irq_add_shared_handler+0x1e4>)
10001b5e:	5363      	strh	r3, [r4, r5]
10001b60:	4b3e      	ldr	r3, [pc, #248]	@ (10001c5c <irq_add_shared_handler+0x1e8>)
10001b62:	3502      	adds	r5, #2
10001b64:	1965      	adds	r5, r4, r5
10001b66:	3b04      	subs	r3, #4
10001b68:	1b5b      	subs	r3, r3, r5
10001b6a:	051b      	lsls	r3, r3, #20
10001b6c:	4d3c      	ldr	r5, [pc, #240]	@ (10001c60 <irq_add_shared_handler+0x1ec>)
10001b6e:	0d5b      	lsrs	r3, r3, #21
10001b70:	432b      	orrs	r3, r5
10001b72:	46aa      	mov	sl, r5
10001b74:	464d      	mov	r5, r9
10001b76:	806b      	strh	r3, [r5, #2]
10001b78:	2504      	movs	r5, #4
10001b7a:	46ac      	mov	ip, r5
10001b7c:	4655      	mov	r5, sl
10001b7e:	44e0      	add	r8, ip
10001b80:	1f13      	subs	r3, r2, #4
10001b82:	4444      	add	r4, r8
10001b84:	1b1b      	subs	r3, r3, r4
10001b86:	051b      	lsls	r3, r3, #20
10001b88:	0d5b      	lsrs	r3, r3, #21
10001b8a:	431d      	orrs	r5, r3
10001b8c:	464b      	mov	r3, r9
10001b8e:	7199      	strb	r1, [r3, #6]
10001b90:	9900      	ldr	r1, [sp, #0]
10001b92:	809d      	strh	r5, [r3, #4]
10001b94:	6099      	str	r1, [r3, #8]
10001b96:	4649      	mov	r1, r9
10001b98:	71df      	strb	r7, [r3, #7]
10001b9a:	4b34      	ldr	r3, [pc, #208]	@ (10001c6c <irq_add_shared_handler+0x1f8>)
10001b9c:	4301      	orrs	r1, r0
10001b9e:	6013      	str	r3, [r2, #0]
10001ba0:	e7bb      	b.n	10001b1a <irq_add_shared_handler+0xa6>
10001ba2:	0058      	lsls	r0, r3, #1
10001ba4:	18c0      	adds	r0, r0, r3
10001ba6:	0080      	lsls	r0, r0, #2
10001ba8:	1820      	adds	r0, r4, r0
10001baa:	79c1      	ldrb	r1, [r0, #7]
10001bac:	42b9      	cmp	r1, r7
10001bae:	d92f      	bls.n	10001c10 <irq_add_shared_handler+0x19c>
10001bb0:	0002      	movs	r2, r0
10001bb2:	2306      	movs	r3, #6
10001bb4:	56d3      	ldrsb	r3, [r2, r3]
10001bb6:	2b00      	cmp	r3, #0
10001bb8:	daf3      	bge.n	10001ba2 <irq_add_shared_handler+0x12e>
10001bba:	9302      	str	r3, [sp, #8]
10001bbc:	4b2c      	ldr	r3, [pc, #176]	@ (10001c70 <irq_add_shared_handler+0x1fc>)
10001bbe:	4661      	mov	r1, ip
10001bc0:	9303      	str	r3, [sp, #12]
10001bc2:	1d13      	adds	r3, r2, #4
10001bc4:	469a      	mov	sl, r3
10001bc6:	2304      	movs	r3, #4
10001bc8:	425b      	negs	r3, r3
10001bca:	469c      	mov	ip, r3
10001bcc:	44e1      	add	r9, ip
10001bce:	4650      	mov	r0, sl
10001bd0:	464b      	mov	r3, r9
10001bd2:	1a1b      	subs	r3, r3, r0
10001bd4:	051b      	lsls	r3, r3, #20
10001bd6:	0d5b      	lsrs	r3, r3, #21
10001bd8:	469c      	mov	ip, r3
10001bda:	4b21      	ldr	r3, [pc, #132]	@ (10001c60 <irq_add_shared_handler+0x1ec>)
10001bdc:	7195      	strb	r5, [r2, #6]
10001bde:	4698      	mov	r8, r3
10001be0:	4663      	mov	r3, ip
10001be2:	4640      	mov	r0, r8
10001be4:	4303      	orrs	r3, r0
10001be6:	8093      	strh	r3, [r2, #4]
10001be8:	9b01      	ldr	r3, [sp, #4]
10001bea:	195a      	adds	r2, r3, r5
10001bec:	0092      	lsls	r2, r2, #2
10001bee:	9b03      	ldr	r3, [sp, #12]
10001bf0:	18a4      	adds	r4, r4, r2
10001bf2:	80a3      	strh	r3, [r4, #4]
10001bf4:	9b02      	ldr	r3, [sp, #8]
10001bf6:	4a1d      	ldr	r2, [pc, #116]	@ (10001c6c <irq_add_shared_handler+0x1f8>)
10001bf8:	71a3      	strb	r3, [r4, #6]
10001bfa:	9b00      	ldr	r3, [sp, #0]
10001bfc:	6022      	str	r2, [r4, #0]
10001bfe:	71e7      	strb	r7, [r4, #7]
10001c00:	60a3      	str	r3, [r4, #8]
10001c02:	e78a      	b.n	10001b1a <irq_add_shared_handler+0xa6>
10001c04:	f001 f834 	bl	10002c70 <hard_assertion_failure>
10001c08:	2500      	movs	r5, #0
10001c0a:	4653      	mov	r3, sl
10001c0c:	575d      	ldrsb	r5, [r3, r5]
10001c0e:	e74f      	b.n	10001ab0 <irq_add_shared_handler+0x3c>
10001c10:	8890      	ldrh	r0, [r2, #4]
10001c12:	9302      	str	r3, [sp, #8]
10001c14:	0540      	lsls	r0, r0, #21
10001c16:	1d13      	adds	r3, r2, #4
10001c18:	469a      	mov	sl, r3
10001c1a:	1503      	asrs	r3, r0, #20
10001c1c:	4661      	mov	r1, ip
10001c1e:	469c      	mov	ip, r3
10001c20:	4640      	mov	r0, r8
10001c22:	44d4      	add	ip, sl
10001c24:	4663      	mov	r3, ip
10001c26:	3004      	adds	r0, #4
10001c28:	1820      	adds	r0, r4, r0
10001c2a:	1a18      	subs	r0, r3, r0
10001c2c:	23e0      	movs	r3, #224	@ 0xe0
10001c2e:	0500      	lsls	r0, r0, #20
10001c30:	0d40      	lsrs	r0, r0, #21
10001c32:	021b      	lsls	r3, r3, #8
10001c34:	4318      	orrs	r0, r3
10001c36:	9003      	str	r0, [sp, #12]
10001c38:	e7c5      	b.n	10001bc6 <irq_add_shared_handler+0x152>
10001c3a:	f001 f819 	bl	10002c70 <hard_assertion_failure>
10001c3e:	e74f      	b.n	10001ae0 <irq_add_shared_handler+0x6c>
10001c40:	ffffeed8 	.word	0xffffeed8
10001c44:	d0000124 	.word	0xd0000124
10001c48:	20002695 	.word	0x20002695
10001c4c:	20001138 	.word	0x20001138
10001c50:	e000ed00 	.word	0xe000ed00
10001c54:	100001cd 	.word	0x100001cd
10001c58:	ffffa100 	.word	0xffffa100
10001c5c:	20001168 	.word	0x20001168
10001c60:	ffffe000 	.word	0xffffe000
10001c64:	ffffbd01 	.word	0xffffbd01
10001c68:	0000aaaa 	.word	0x0000aaaa
10001c6c:	47804801 	.word	0x47804801
10001c70:	0000bd01 	.word	0x0000bd01

10001c74 <irq_remove_handler>:
10001c74:	b5f0      	push	{r4, r5, r6, r7, lr}
10001c76:	46de      	mov	lr, fp
10001c78:	4657      	mov	r7, sl
10001c7a:	464e      	mov	r6, r9
10001c7c:	4645      	mov	r5, r8
10001c7e:	2200      	movs	r2, #0
10001c80:	000c      	movs	r4, r1
10001c82:	b5e0      	push	{r5, r6, r7, lr}
10001c84:	4b66      	ldr	r3, [pc, #408]	@ (10001e20 <irq_remove_handler+0x1ac>)
10001c86:	b083      	sub	sp, #12
10001c88:	446b      	add	r3, sp
10001c8a:	601a      	str	r2, [r3, #0]
10001c8c:	f3ef 8810 	mrs	r8, PRIMASK
10001c90:	b672      	cpsid	i
10001c92:	4a64      	ldr	r2, [pc, #400]	@ (10001e24 <irq_remove_handler+0x1b0>)
10001c94:	6813      	ldr	r3, [r2, #0]
10001c96:	2b00      	cmp	r3, #0
10001c98:	d0fc      	beq.n	10001c94 <irq_remove_handler+0x20>
10001c9a:	f3bf 8f5f 	dmb	sy
10001c9e:	4b62      	ldr	r3, [pc, #392]	@ (10001e28 <irq_remove_handler+0x1b4>)
10001ca0:	4962      	ldr	r1, [pc, #392]	@ (10001e2c <irq_remove_handler+0x1b8>)
10001ca2:	689a      	ldr	r2, [r3, #8]
10001ca4:	0003      	movs	r3, r0
10001ca6:	3310      	adds	r3, #16
10001ca8:	009f      	lsls	r7, r3, #2
10001caa:	59d5      	ldr	r5, [r2, r7]
10001cac:	9300      	str	r3, [sp, #0]
10001cae:	428d      	cmp	r5, r1
10001cb0:	d043      	beq.n	10001d3a <irq_remove_handler+0xc6>
10001cb2:	42a5      	cmp	r5, r4
10001cb4:	d054      	beq.n	10001d60 <irq_remove_handler+0xec>
10001cb6:	4e5e      	ldr	r6, [pc, #376]	@ (10001e30 <irq_remove_handler+0x1bc>)
10001cb8:	1baa      	subs	r2, r5, r6
10001cba:	2a2f      	cmp	r2, #47	@ 0x2f
10001cbc:	d83d      	bhi.n	10001d3a <irq_remove_handler+0xc6>
10001cbe:	4b5d      	ldr	r3, [pc, #372]	@ (10001e34 <irq_remove_handler+0x1c0>)
10001cc0:	469c      	mov	ip, r3
10001cc2:	681b      	ldr	r3, [r3, #0]
10001cc4:	469a      	mov	sl, r3
10001cc6:	2301      	movs	r3, #1
10001cc8:	001a      	movs	r2, r3
10001cca:	4699      	mov	r9, r3
10001ccc:	4082      	lsls	r2, r0
10001cce:	4653      	mov	r3, sl
10001cd0:	4013      	ands	r3, r2
10001cd2:	221f      	movs	r2, #31
10001cd4:	9301      	str	r3, [sp, #4]
10001cd6:	464b      	mov	r3, r9
10001cd8:	4002      	ands	r2, r0
10001cda:	4093      	lsls	r3, r2
10001cdc:	469a      	mov	sl, r3
10001cde:	2280      	movs	r2, #128	@ 0x80
10001ce0:	4663      	mov	r3, ip
10001ce2:	4650      	mov	r0, sl
10001ce4:	5098      	str	r0, [r3, r2]
10001ce6:	f3bf 8f5f 	dmb	sy
10001cea:	f3ef 8305 	mrs	r3, IPSR
10001cee:	469b      	mov	fp, r3
10001cf0:	2b00      	cmp	r3, #0
10001cf2:	d037      	beq.n	10001d64 <irq_remove_handler+0xf0>
10001cf4:	9b00      	ldr	r3, [sp, #0]
10001cf6:	455b      	cmp	r3, fp
10001cf8:	d001      	beq.n	10001cfe <irq_remove_handler+0x8a>
10001cfa:	f000 ffb9 	bl	10002c70 <hard_assertion_failure>
10001cfe:	002a      	movs	r2, r5
10001d00:	464b      	mov	r3, r9
10001d02:	439a      	bics	r2, r3
10001d04:	6890      	ldr	r0, [r2, #8]
10001d06:	4284      	cmp	r4, r0
10001d08:	d108      	bne.n	10001d1c <irq_remove_handler+0xa8>
10001d0a:	e077      	b.n	10001dfc <irq_remove_handler+0x188>
10001d0c:	004b      	lsls	r3, r1, #1
10001d0e:	185b      	adds	r3, r3, r1
10001d10:	009b      	lsls	r3, r3, #2
10001d12:	18f3      	adds	r3, r6, r3
10001d14:	6898      	ldr	r0, [r3, #8]
10001d16:	4284      	cmp	r4, r0
10001d18:	d036      	beq.n	10001d88 <irq_remove_handler+0x114>
10001d1a:	001a      	movs	r2, r3
10001d1c:	2106      	movs	r1, #6
10001d1e:	5651      	ldrsb	r1, [r2, r1]
10001d20:	2900      	cmp	r1, #0
10001d22:	daf3      	bge.n	10001d0c <irq_remove_handler+0x98>
10001d24:	4284      	cmp	r4, r0
10001d26:	d055      	beq.n	10001dd4 <irq_remove_handler+0x160>
10001d28:	9b01      	ldr	r3, [sp, #4]
10001d2a:	2b00      	cmp	r3, #0
10001d2c:	d027      	beq.n	10001d7e <irq_remove_handler+0x10a>
10001d2e:	22c0      	movs	r2, #192	@ 0xc0
10001d30:	4651      	mov	r1, sl
10001d32:	4b40      	ldr	r3, [pc, #256]	@ (10001e34 <irq_remove_handler+0x1c0>)
10001d34:	0052      	lsls	r2, r2, #1
10001d36:	5099      	str	r1, [r3, r2]
10001d38:	6019      	str	r1, [r3, #0]
10001d3a:	4b3b      	ldr	r3, [pc, #236]	@ (10001e28 <irq_remove_handler+0x1b4>)
10001d3c:	689b      	ldr	r3, [r3, #8]
10001d3e:	51dd      	str	r5, [r3, r7]
10001d40:	f3bf 8f5f 	dmb	sy
10001d44:	f3bf 8f5f 	dmb	sy
10001d48:	2200      	movs	r2, #0
10001d4a:	4b36      	ldr	r3, [pc, #216]	@ (10001e24 <irq_remove_handler+0x1b0>)
10001d4c:	601a      	str	r2, [r3, #0]
10001d4e:	f388 8810 	msr	PRIMASK, r8
10001d52:	b003      	add	sp, #12
10001d54:	bcf0      	pop	{r4, r5, r6, r7}
10001d56:	46bb      	mov	fp, r7
10001d58:	46b2      	mov	sl, r6
10001d5a:	46a9      	mov	r9, r5
10001d5c:	46a0      	mov	r8, r4
10001d5e:	bdf0      	pop	{r4, r5, r6, r7, pc}
10001d60:	000d      	movs	r5, r1
10001d62:	e7ea      	b.n	10001d3a <irq_remove_handler+0xc6>
10001d64:	002a      	movs	r2, r5
10001d66:	464b      	mov	r3, r9
10001d68:	439a      	bics	r2, r3
10001d6a:	6890      	ldr	r0, [r2, #8]
10001d6c:	4284      	cmp	r4, r0
10001d6e:	d1d5      	bne.n	10001d1c <irq_remove_handler+0xa8>
10001d70:	2006      	movs	r0, #6
10001d72:	5610      	ldrsb	r0, [r2, r0]
10001d74:	0013      	movs	r3, r2
10001d76:	2800      	cmp	r0, #0
10001d78:	da0a      	bge.n	10001d90 <irq_remove_handler+0x11c>
10001d7a:	000d      	movs	r5, r1
10001d7c:	e032      	b.n	10001de4 <irq_remove_handler+0x170>
10001d7e:	2380      	movs	r3, #128	@ 0x80
10001d80:	4651      	mov	r1, sl
10001d82:	4a2c      	ldr	r2, [pc, #176]	@ (10001e34 <irq_remove_handler+0x1c0>)
10001d84:	50d1      	str	r1, [r2, r3]
10001d86:	e7d8      	b.n	10001d3a <irq_remove_handler+0xc6>
10001d88:	2006      	movs	r0, #6
10001d8a:	5618      	ldrsb	r0, [r3, r0]
10001d8c:	2800      	cmp	r0, #0
10001d8e:	db22      	blt.n	10001dd6 <irq_remove_handler+0x162>
10001d90:	0042      	lsls	r2, r0, #1
10001d92:	1811      	adds	r1, r2, r0
10001d94:	0089      	lsls	r1, r1, #2
10001d96:	1874      	adds	r4, r6, r1
10001d98:	4689      	mov	r9, r1
10001d9a:	68a1      	ldr	r1, [r4, #8]
10001d9c:	6099      	str	r1, [r3, #8]
10001d9e:	79e1      	ldrb	r1, [r4, #7]
10001da0:	71d9      	strb	r1, [r3, #7]
10001da2:	2106      	movs	r1, #6
10001da4:	5661      	ldrsb	r1, [r4, r1]
10001da6:	7199      	strb	r1, [r3, #6]
10001da8:	2900      	cmp	r1, #0
10001daa:	db25      	blt.n	10001df8 <irq_remove_handler+0x184>
10001dac:	88a4      	ldrh	r4, [r4, #4]
10001dae:	1af1      	subs	r1, r6, r3
10001db0:	0564      	lsls	r4, r4, #21
10001db2:	1524      	asrs	r4, r4, #20
10001db4:	444c      	add	r4, r9
10001db6:	1909      	adds	r1, r1, r4
10001db8:	24e0      	movs	r4, #224	@ 0xe0
10001dba:	0509      	lsls	r1, r1, #20
10001dbc:	0d49      	lsrs	r1, r1, #21
10001dbe:	0224      	lsls	r4, r4, #8
10001dc0:	4321      	orrs	r1, r4
10001dc2:	8099      	strh	r1, [r3, #4]
10001dc4:	1813      	adds	r3, r2, r0
10001dc6:	4a1c      	ldr	r2, [pc, #112]	@ (10001e38 <irq_remove_handler+0x1c4>)
10001dc8:	009b      	lsls	r3, r3, #2
10001dca:	7811      	ldrb	r1, [r2, #0]
10001dcc:	18f3      	adds	r3, r6, r3
10001dce:	7199      	strb	r1, [r3, #6]
10001dd0:	7010      	strb	r0, [r2, #0]
10001dd2:	e7a9      	b.n	10001d28 <irq_remove_handler+0xb4>
10001dd4:	0013      	movs	r3, r2
10001dd6:	4659      	mov	r1, fp
10001dd8:	2900      	cmp	r1, #0
10001dda:	d114      	bne.n	10001e06 <irq_remove_handler+0x192>
10001ddc:	31ff      	adds	r1, #255	@ 0xff
10001dde:	7191      	strb	r1, [r2, #6]
10001de0:	4916      	ldr	r1, [pc, #88]	@ (10001e3c <irq_remove_handler+0x1c8>)
10001de2:	8091      	strh	r1, [r2, #4]
10001de4:	4914      	ldr	r1, [pc, #80]	@ (10001e38 <irq_remove_handler+0x1c4>)
10001de6:	780a      	ldrb	r2, [r1, #0]
10001de8:	719a      	strb	r2, [r3, #6]
10001dea:	4a15      	ldr	r2, [pc, #84]	@ (10001e40 <irq_remove_handler+0x1cc>)
10001dec:	1b9b      	subs	r3, r3, r6
10001dee:	415b      	adcs	r3, r3
10001df0:	435a      	muls	r2, r3
10001df2:	0d12      	lsrs	r2, r2, #20
10001df4:	700a      	strb	r2, [r1, #0]
10001df6:	e797      	b.n	10001d28 <irq_remove_handler+0xb4>
10001df8:	4912      	ldr	r1, [pc, #72]	@ (10001e44 <irq_remove_handler+0x1d0>)
10001dfa:	e7e2      	b.n	10001dc2 <irq_remove_handler+0x14e>
10001dfc:	2006      	movs	r0, #6
10001dfe:	5610      	ldrsb	r0, [r2, r0]
10001e00:	0013      	movs	r3, r2
10001e02:	2800      	cmp	r0, #0
10001e04:	dac4      	bge.n	10001d90 <irq_remove_handler+0x11c>
10001e06:	4a10      	ldr	r2, [pc, #64]	@ (10001e48 <irq_remove_handler+0x1d4>)
10001e08:	4910      	ldr	r1, [pc, #64]	@ (10001e4c <irq_remove_handler+0x1d8>)
10001e0a:	1ad2      	subs	r2, r2, r3
10001e0c:	3a08      	subs	r2, #8
10001e0e:	0250      	lsls	r0, r2, #9
10001e10:	0d40      	lsrs	r0, r0, #21
10001e12:	4301      	orrs	r1, r0
10001e14:	8099      	strh	r1, [r3, #4]
10001e16:	490e      	ldr	r1, [pc, #56]	@ (10001e50 <irq_remove_handler+0x1dc>)
10001e18:	0852      	lsrs	r2, r2, #1
10001e1a:	430a      	orrs	r2, r1
10001e1c:	80da      	strh	r2, [r3, #6]
10001e1e:	e783      	b.n	10001d28 <irq_remove_handler+0xb4>
10001e20:	ffffeed8 	.word	0xffffeed8
10001e24:	d0000124 	.word	0xd0000124
10001e28:	e000ed00 	.word	0xe000ed00
10001e2c:	100001cd 	.word	0x100001cd
10001e30:	20001138 	.word	0x20001138
10001e34:	e000e100 	.word	0xe000e100
10001e38:	20002695 	.word	0x20002695
10001e3c:	ffffbd01 	.word	0xffffbd01
10001e40:	0000aaaa 	.word	0x0000aaaa
10001e44:	0000bd01 	.word	0x0000bd01
10001e48:	20001172 	.word	0x20001172
10001e4c:	fffff000 	.word	0xfffff000
10001e50:	fffff800 	.word	0xfffff800

10001e54 <irq_add_tail_to_free_list>:
10001e54:	b570      	push	{r4, r5, r6, lr}
10001e56:	2401      	movs	r4, #1
10001e58:	4304      	orrs	r4, r0
10001e5a:	f3ef 8105 	mrs	r1, IPSR
10001e5e:	f3ef 8c10 	mrs	ip, PRIMASK
10001e62:	b672      	cpsid	i
10001e64:	4a21      	ldr	r2, [pc, #132]	@ (10001eec <irq_add_tail_to_free_list+0x98>)
10001e66:	6813      	ldr	r3, [r2, #0]
10001e68:	2b00      	cmp	r3, #0
10001e6a:	d0fc      	beq.n	10001e66 <irq_add_tail_to_free_list+0x12>
10001e6c:	f3bf 8f5f 	dmb	sy
10001e70:	4b1f      	ldr	r3, [pc, #124]	@ (10001ef0 <irq_add_tail_to_free_list+0x9c>)
10001e72:	0005      	movs	r5, r0
10001e74:	4a1f      	ldr	r2, [pc, #124]	@ (10001ef4 <irq_add_tail_to_free_list+0xa0>)
10001e76:	1aed      	subs	r5, r5, r3
10001e78:	416d      	adcs	r5, r5
10001e7a:	436a      	muls	r2, r5
10001e7c:	0d12      	lsrs	r2, r2, #20
10001e7e:	4d1e      	ldr	r5, [pc, #120]	@ (10001ef8 <irq_add_tail_to_free_list+0xa4>)
10001e80:	0089      	lsls	r1, r1, #2
10001e82:	68ae      	ldr	r6, [r5, #8]
10001e84:	b252      	sxtb	r2, r2
10001e86:	5876      	ldr	r6, [r6, r1]
10001e88:	42a6      	cmp	r6, r4
10001e8a:	d01c      	beq.n	10001ec6 <irq_add_tail_to_free_list+0x72>
10001e8c:	2106      	movs	r1, #6
10001e8e:	5659      	ldrsb	r1, [r3, r1]
10001e90:	4291      	cmp	r1, r2
10001e92:	d01c      	beq.n	10001ece <irq_add_tail_to_free_list+0x7a>
10001e94:	2112      	movs	r1, #18
10001e96:	5659      	ldrsb	r1, [r3, r1]
10001e98:	4291      	cmp	r1, r2
10001e9a:	d022      	beq.n	10001ee2 <irq_add_tail_to_free_list+0x8e>
10001e9c:	211e      	movs	r1, #30
10001e9e:	5659      	ldrsb	r1, [r3, r1]
10001ea0:	4291      	cmp	r1, r2
10001ea2:	d020      	beq.n	10001ee6 <irq_add_tail_to_free_list+0x92>
10001ea4:	212a      	movs	r1, #42	@ 0x2a
10001ea6:	5659      	ldrsb	r1, [r3, r1]
10001ea8:	2403      	movs	r4, #3
10001eaa:	4291      	cmp	r1, r2
10001eac:	d010      	beq.n	10001ed0 <irq_add_tail_to_free_list+0x7c>
10001eae:	4b13      	ldr	r3, [pc, #76]	@ (10001efc <irq_add_tail_to_free_list+0xa8>)
10001eb0:	7819      	ldrb	r1, [r3, #0]
10001eb2:	701a      	strb	r2, [r3, #0]
10001eb4:	7181      	strb	r1, [r0, #6]
10001eb6:	f3bf 8f5f 	dmb	sy
10001eba:	2200      	movs	r2, #0
10001ebc:	4b0b      	ldr	r3, [pc, #44]	@ (10001eec <irq_add_tail_to_free_list+0x98>)
10001ebe:	601a      	str	r2, [r3, #0]
10001ec0:	f38c 8810 	msr	PRIMASK, ip
10001ec4:	bd70      	pop	{r4, r5, r6, pc}
10001ec6:	68ab      	ldr	r3, [r5, #8]
10001ec8:	4c0d      	ldr	r4, [pc, #52]	@ (10001f00 <irq_add_tail_to_free_list+0xac>)
10001eca:	505c      	str	r4, [r3, r1]
10001ecc:	e7ef      	b.n	10001eae <irq_add_tail_to_free_list+0x5a>
10001ece:	2400      	movs	r4, #0
10001ed0:	0061      	lsls	r1, r4, #1
10001ed2:	1909      	adds	r1, r1, r4
10001ed4:	0089      	lsls	r1, r1, #2
10001ed6:	185b      	adds	r3, r3, r1
10001ed8:	21ff      	movs	r1, #255	@ 0xff
10001eda:	7199      	strb	r1, [r3, #6]
10001edc:	4909      	ldr	r1, [pc, #36]	@ (10001f04 <irq_add_tail_to_free_list+0xb0>)
10001ede:	8099      	strh	r1, [r3, #4]
10001ee0:	e7e5      	b.n	10001eae <irq_add_tail_to_free_list+0x5a>
10001ee2:	2401      	movs	r4, #1
10001ee4:	e7f4      	b.n	10001ed0 <irq_add_tail_to_free_list+0x7c>
10001ee6:	2402      	movs	r4, #2
10001ee8:	e7f2      	b.n	10001ed0 <irq_add_tail_to_free_list+0x7c>
10001eea:	46c0      	nop			@ (mov r8, r8)
10001eec:	d0000124 	.word	0xd0000124
10001ef0:	20001138 	.word	0x20001138
10001ef4:	0000aaaa 	.word	0x0000aaaa
10001ef8:	e000ed00 	.word	0xe000ed00
10001efc:	20002695 	.word	0x20002695
10001f00:	100001cd 	.word	0x100001cd
10001f04:	ffffbd01 	.word	0xffffbd01

10001f08 <lock_init>:
10001f08:	4b02      	ldr	r3, [pc, #8]	@ (10001f14 <lock_init+0xc>)
10001f0a:	469c      	mov	ip, r3
10001f0c:	4461      	add	r1, ip
10001f0e:	0089      	lsls	r1, r1, #2
10001f10:	6001      	str	r1, [r0, #0]
10001f12:	4770      	bx	lr
10001f14:	34000040 	.word	0x34000040

10001f18 <runtime_init_mutex>:
10001f18:	2200      	movs	r2, #0
10001f1a:	b570      	push	{r4, r5, r6, lr}
10001f1c:	4b12      	ldr	r3, [pc, #72]	@ (10001f68 <runtime_init_mutex+0x50>)
10001f1e:	446b      	add	r3, sp
10001f20:	601a      	str	r2, [r3, #0]
10001f22:	4c12      	ldr	r4, [pc, #72]	@ (10001f6c <runtime_init_mutex+0x54>)
10001f24:	4d12      	ldr	r5, [pc, #72]	@ (10001f70 <runtime_init_mutex+0x58>)
10001f26:	42ac      	cmp	r4, r5
10001f28:	d20f      	bcs.n	10001f4a <runtime_init_mutex+0x32>
10001f2a:	26ff      	movs	r6, #255	@ 0xff
10001f2c:	6823      	ldr	r3, [r4, #0]
10001f2e:	2b00      	cmp	r3, #0
10001f30:	d00c      	beq.n	10001f4c <runtime_init_mutex+0x34>
10001f32:	f7ff fd0d 	bl	10001950 <next_striped_spin_lock_num>
10001f36:	0001      	movs	r1, r0
10001f38:	0020      	movs	r0, r4
10001f3a:	f7ff ffe5 	bl	10001f08 <lock_init>
10001f3e:	80a6      	strh	r6, [r4, #4]
10001f40:	f3bf 8f5f 	dmb	sy
10001f44:	3408      	adds	r4, #8
10001f46:	42ac      	cmp	r4, r5
10001f48:	d3f0      	bcc.n	10001f2c <runtime_init_mutex+0x14>
10001f4a:	bd70      	pop	{r4, r5, r6, pc}
10001f4c:	f7ff fd00 	bl	10001950 <next_striped_spin_lock_num>
10001f50:	0001      	movs	r1, r0
10001f52:	0020      	movs	r0, r4
10001f54:	f7ff ffd8 	bl	10001f08 <lock_init>
10001f58:	7126      	strb	r6, [r4, #4]
10001f5a:	f3bf 8f5f 	dmb	sy
10001f5e:	3408      	adds	r4, #8
10001f60:	42ac      	cmp	r4, r5
10001f62:	d3e3      	bcc.n	10001f2c <runtime_init_mutex+0x14>
10001f64:	e7f1      	b.n	10001f4a <runtime_init_mutex+0x32>
10001f66:	46c0      	nop			@ (mov r8, r8)
10001f68:	ffffeed8 	.word	0xffffeed8
10001f6c:	20001740 	.word	0x20001740
10001f70:	20001750 	.word	0x20001750

10001f74 <mutex_init>:
10001f74:	b510      	push	{r4, lr}
10001f76:	2200      	movs	r2, #0
10001f78:	0004      	movs	r4, r0
10001f7a:	4b07      	ldr	r3, [pc, #28]	@ (10001f98 <mutex_init+0x24>)
10001f7c:	446b      	add	r3, sp
10001f7e:	601a      	str	r2, [r3, #0]
10001f80:	f7ff fce6 	bl	10001950 <next_striped_spin_lock_num>
10001f84:	0001      	movs	r1, r0
10001f86:	0020      	movs	r0, r4
10001f88:	f7ff ffbe 	bl	10001f08 <lock_init>
10001f8c:	23ff      	movs	r3, #255	@ 0xff
10001f8e:	7123      	strb	r3, [r4, #4]
10001f90:	f3bf 8f5f 	dmb	sy
10001f94:	bd10      	pop	{r4, pc}
10001f96:	46c0      	nop			@ (mov r8, r8)
10001f98:	ffffeed8 	.word	0xffffeed8

10001f9c <critical_section_init>:
10001f9c:	b510      	push	{r4, lr}
10001f9e:	2200      	movs	r2, #0
10001fa0:	0004      	movs	r4, r0
10001fa2:	4b06      	ldr	r3, [pc, #24]	@ (10001fbc <critical_section_init+0x20>)
10001fa4:	446b      	add	r3, sp
10001fa6:	601a      	str	r2, [r3, #0]
10001fa8:	2001      	movs	r0, #1
10001faa:	f7ff fcdd 	bl	10001968 <spin_lock_claim_unused>
10001fae:	4b04      	ldr	r3, [pc, #16]	@ (10001fc0 <critical_section_init+0x24>)
10001fb0:	18c3      	adds	r3, r0, r3
10001fb2:	009b      	lsls	r3, r3, #2
10001fb4:	6023      	str	r3, [r4, #0]
10001fb6:	f3bf 8f5f 	dmb	sy
10001fba:	bd10      	pop	{r4, pc}
10001fbc:	ffffeed8 	.word	0xffffeed8
10001fc0:	34000040 	.word	0x34000040

10001fc4 <sleep_until_callback>:
10001fc4:	4b0a      	ldr	r3, [pc, #40]	@ (10001ff0 <sleep_until_callback+0x2c>)
10001fc6:	6819      	ldr	r1, [r3, #0]
10001fc8:	f3ef 8010 	mrs	r0, PRIMASK
10001fcc:	b672      	cpsid	i
10001fce:	680a      	ldr	r2, [r1, #0]
10001fd0:	2a00      	cmp	r2, #0
10001fd2:	d0fc      	beq.n	10001fce <sleep_until_callback+0xa>
10001fd4:	f3bf 8f5f 	dmb	sy
10001fd8:	681b      	ldr	r3, [r3, #0]
10001fda:	f3bf 8f5f 	dmb	sy
10001fde:	2200      	movs	r2, #0
10001fe0:	601a      	str	r2, [r3, #0]
10001fe2:	f380 8810 	msr	PRIMASK, r0
10001fe6:	bf40      	sev
10001fe8:	2000      	movs	r0, #0
10001fea:	2100      	movs	r1, #0
10001fec:	4770      	bx	lr
10001fee:	46c0      	nop			@ (mov r8, r8)
10001ff0:	20002680 	.word	0x20002680

10001ff4 <alarm_pool_irq_handler>:
10001ff4:	b5f0      	push	{r4, r5, r6, r7, lr}
10001ff6:	46de      	mov	lr, fp
10001ff8:	4657      	mov	r7, sl
10001ffa:	464e      	mov	r6, r9
10001ffc:	4645      	mov	r5, r8
10001ffe:	2200      	movs	r2, #0
10002000:	b5e0      	push	{r5, r6, r7, lr}
10002002:	4bb3      	ldr	r3, [pc, #716]	@ (100022d0 <alarm_pool_irq_handler+0x2dc>)
10002004:	b083      	sub	sp, #12
10002006:	446b      	add	r3, sp
10002008:	601a      	str	r2, [r3, #0]
1000200a:	f3ef 8305 	mrs	r3, IPSR
1000200e:	3203      	adds	r2, #3
10002010:	401a      	ands	r2, r3
10002012:	4693      	mov	fp, r2
10002014:	4baf      	ldr	r3, [pc, #700]	@ (100022d4 <alarm_pool_irq_handler+0x2e0>)
10002016:	0092      	lsls	r2, r2, #2
10002018:	4caf      	ldr	r4, [pc, #700]	@ (100022d8 <alarm_pool_irq_handler+0x2e4>)
1000201a:	58d3      	ldr	r3, [r2, r3]
1000201c:	0020      	movs	r0, r4
1000201e:	4698      	mov	r8, r3
10002020:	f000 fbc4 	bl	100027ac <timer_time_us_64>
10002024:	465a      	mov	r2, fp
10002026:	2301      	movs	r3, #1
10002028:	4093      	lsls	r3, r2
1000202a:	001a      	movs	r2, r3
1000202c:	9301      	str	r3, [sp, #4]
1000202e:	4bab      	ldr	r3, [pc, #684]	@ (100022dc <alarm_pool_irq_handler+0x2e8>)
10002030:	601a      	str	r2, [r3, #0]
10002032:	4643      	mov	r3, r8
10002034:	2508      	movs	r5, #8
10002036:	5f5b      	ldrsh	r3, [r3, r5]
10002038:	6362      	str	r2, [r4, #52]	@ 0x34
1000203a:	4699      	mov	r9, r3
1000203c:	2b00      	cmp	r3, #0
1000203e:	db00      	blt.n	10002042 <alarm_pool_irq_handler+0x4e>
10002040:	e13e      	b.n	100022c0 <alarm_pool_irq_handler+0x2cc>
10002042:	4643      	mov	r3, r8
10002044:	889b      	ldrh	r3, [r3, #4]
10002046:	b21b      	sxth	r3, r3
10002048:	2b00      	cmp	r3, #0
1000204a:	db00      	blt.n	1000204e <alarm_pool_irq_handler+0x5a>
1000204c:	e083      	b.n	10002156 <alarm_pool_irq_handler+0x162>
1000204e:	4643      	mov	r3, r8
10002050:	799b      	ldrb	r3, [r3, #6]
10002052:	2b00      	cmp	r3, #0
10002054:	d000      	beq.n	10002058 <alarm_pool_irq_handler+0x64>
10002056:	e0c5      	b.n	100021e4 <alarm_pool_irq_handler+0x1f0>
10002058:	4c9f      	ldr	r4, [pc, #636]	@ (100022d8 <alarm_pool_irq_handler+0x2e4>)
1000205a:	0020      	movs	r0, r4
1000205c:	f000 fba6 	bl	100027ac <timer_time_us_64>
10002060:	4643      	mov	r3, r8
10002062:	2208      	movs	r2, #8
10002064:	5e9b      	ldrsh	r3, [r3, r2]
10002066:	4699      	mov	r9, r3
10002068:	2b00      	cmp	r3, #0
1000206a:	da00      	bge.n	1000206e <alarm_pool_irq_handler+0x7a>
1000206c:	e113      	b.n	10002296 <alarm_pool_irq_handler+0x2a2>
1000206e:	4643      	mov	r3, r8
10002070:	695d      	ldr	r5, [r3, #20]
10002072:	464b      	mov	r3, r9
10002074:	005a      	lsls	r2, r3, #1
10002076:	18d3      	adds	r3, r2, r3
10002078:	00db      	lsls	r3, r3, #3
1000207a:	18eb      	adds	r3, r5, r3
1000207c:	689e      	ldr	r6, [r3, #8]
1000207e:	68df      	ldr	r7, [r3, #12]
10002080:	465b      	mov	r3, fp
10002082:	3304      	adds	r3, #4
10002084:	009b      	lsls	r3, r3, #2
10002086:	511e      	str	r6, [r3, r4]
10002088:	428f      	cmp	r7, r1
1000208a:	dd00      	ble.n	1000208e <alarm_pool_irq_handler+0x9a>
1000208c:	e103      	b.n	10002296 <alarm_pool_irq_handler+0x2a2>
1000208e:	d100      	bne.n	10002092 <alarm_pool_irq_handler+0x9e>
10002090:	e0fe      	b.n	10002290 <alarm_pool_irq_handler+0x29c>
10002092:	4b91      	ldr	r3, [pc, #580]	@ (100022d8 <alarm_pool_irq_handler+0x2e4>)
10002094:	9c01      	ldr	r4, [sp, #4]
10002096:	635c      	str	r4, [r3, #52]	@ 0x34
10002098:	46aa      	mov	sl, r5
1000209a:	444a      	add	r2, r9
1000209c:	00d2      	lsls	r2, r2, #3
1000209e:	4492      	add	sl, r2
100020a0:	4653      	mov	r3, sl
100020a2:	689e      	ldr	r6, [r3, #8]
100020a4:	68df      	ldr	r7, [r3, #12]
100020a6:	428f      	cmp	r7, r1
100020a8:	dccb      	bgt.n	10002042 <alarm_pool_irq_handler+0x4e>
100020aa:	d100      	bne.n	100020ae <alarm_pool_irq_handler+0xba>
100020ac:	e0ec      	b.n	10002288 <alarm_pool_irq_handler+0x294>
100020ae:	2f00      	cmp	r7, #0
100020b0:	da00      	bge.n	100020b4 <alarm_pool_irq_handler+0xc0>
100020b2:	e0cd      	b.n	10002250 <alarm_pool_irq_handler+0x25c>
100020b4:	4652      	mov	r2, sl
100020b6:	4653      	mov	r3, sl
100020b8:	6954      	ldr	r4, [r2, #20]
100020ba:	691b      	ldr	r3, [r3, #16]
100020bc:	4a88      	ldr	r2, [pc, #544]	@ (100022e0 <alarm_pool_irq_handler+0x2ec>)
100020be:	4293      	cmp	r3, r2
100020c0:	d100      	bne.n	100020c4 <alarm_pool_irq_handler+0xd0>
100020c2:	e0ef      	b.n	100022a4 <alarm_pool_irq_handler+0x2b0>
100020c4:	4652      	mov	r2, sl
100020c6:	4649      	mov	r1, r9
100020c8:	8852      	ldrh	r2, [r2, #2]
100020ca:	0408      	lsls	r0, r1, #16
100020cc:	4310      	orrs	r0, r2
100020ce:	0021      	movs	r1, r4
100020d0:	4798      	blx	r3
100020d2:	0004      	movs	r4, r0
100020d4:	000d      	movs	r5, r1
100020d6:	0023      	movs	r3, r4
100020d8:	432b      	orrs	r3, r5
100020da:	d100      	bne.n	100020de <alarm_pool_irq_handler+0xea>
100020dc:	e0b8      	b.n	10002250 <alarm_pool_irq_handler+0x25c>
100020de:	2d00      	cmp	r5, #0
100020e0:	db00      	blt.n	100020e4 <alarm_pool_irq_handler+0xf0>
100020e2:	e0e7      	b.n	100022b4 <alarm_pool_irq_handler+0x2c0>
100020e4:	0030      	movs	r0, r6
100020e6:	0039      	movs	r1, r7
100020e8:	1b00      	subs	r0, r0, r4
100020ea:	41a9      	sbcs	r1, r5
100020ec:	4653      	mov	r3, sl
100020ee:	6098      	str	r0, [r3, #8]
100020f0:	60d9      	str	r1, [r3, #12]
100020f2:	2200      	movs	r2, #0
100020f4:	5e9a      	ldrsh	r2, [r3, r2]
100020f6:	2a00      	cmp	r2, #0
100020f8:	dba3      	blt.n	10002042 <alarm_pool_irq_handler+0x4e>
100020fa:	4643      	mov	r3, r8
100020fc:	695d      	ldr	r5, [r3, #20]
100020fe:	0053      	lsls	r3, r2, #1
10002100:	189c      	adds	r4, r3, r2
10002102:	00e4      	lsls	r4, r4, #3
10002104:	192c      	adds	r4, r5, r4
10002106:	68a7      	ldr	r7, [r4, #8]
10002108:	68e4      	ldr	r4, [r4, #12]
1000210a:	428c      	cmp	r4, r1
1000210c:	dc99      	bgt.n	10002042 <alarm_pool_irq_handler+0x4e>
1000210e:	d101      	bne.n	10002114 <alarm_pool_irq_handler+0x120>
10002110:	4287      	cmp	r7, r0
10002112:	d896      	bhi.n	10002042 <alarm_pool_irq_handler+0x4e>
10002114:	4646      	mov	r6, r8
10002116:	8132      	strh	r2, [r6, #8]
10002118:	3608      	adds	r6, #8
1000211a:	e00d      	b.n	10002138 <alarm_pool_irq_handler+0x144>
1000211c:	428c      	cmp	r4, r1
1000211e:	d100      	bne.n	10002122 <alarm_pool_irq_handler+0x12e>
10002120:	e0d2      	b.n	100022c8 <alarm_pool_irq_handler+0x2d4>
10002122:	001e      	movs	r6, r3
10002124:	2300      	movs	r3, #0
10002126:	5ef2      	ldrsh	r2, [r6, r3]
10002128:	2a00      	cmp	r2, #0
1000212a:	db0a      	blt.n	10002142 <alarm_pool_irq_handler+0x14e>
1000212c:	0053      	lsls	r3, r2, #1
1000212e:	189c      	adds	r4, r3, r2
10002130:	00e4      	lsls	r4, r4, #3
10002132:	192c      	adds	r4, r5, r4
10002134:	68a7      	ldr	r7, [r4, #8]
10002136:	68e4      	ldr	r4, [r4, #12]
10002138:	189b      	adds	r3, r3, r2
1000213a:	00db      	lsls	r3, r3, #3
1000213c:	18eb      	adds	r3, r5, r3
1000213e:	428c      	cmp	r4, r1
10002140:	ddec      	ble.n	1000211c <alarm_pool_irq_handler+0x128>
10002142:	4653      	mov	r3, sl
10002144:	801a      	strh	r2, [r3, #0]
10002146:	464b      	mov	r3, r9
10002148:	8033      	strh	r3, [r6, #0]
1000214a:	4643      	mov	r3, r8
1000214c:	889b      	ldrh	r3, [r3, #4]
1000214e:	b21b      	sxth	r3, r3
10002150:	2b00      	cmp	r3, #0
10002152:	da00      	bge.n	10002156 <alarm_pool_irq_handler+0x162>
10002154:	e77b      	b.n	1000204e <alarm_pool_irq_handler+0x5a>
10002156:	4643      	mov	r3, r8
10002158:	691a      	ldr	r2, [r3, #16]
1000215a:	f3ef 8110 	mrs	r1, PRIMASK
1000215e:	b672      	cpsid	i
10002160:	6813      	ldr	r3, [r2, #0]
10002162:	2b00      	cmp	r3, #0
10002164:	d0fc      	beq.n	10002160 <alarm_pool_irq_handler+0x16c>
10002166:	f3bf 8f5f 	dmb	sy
1000216a:	4643      	mov	r3, r8
1000216c:	889e      	ldrh	r6, [r3, #4]
1000216e:	2301      	movs	r3, #1
10002170:	4642      	mov	r2, r8
10002172:	425b      	negs	r3, r3
10002174:	8093      	strh	r3, [r2, #4]
10002176:	b236      	sxth	r6, r6
10002178:	6913      	ldr	r3, [r2, #16]
1000217a:	f3bf 8f5f 	dmb	sy
1000217e:	2200      	movs	r2, #0
10002180:	601a      	str	r2, [r3, #0]
10002182:	f381 8810 	msr	PRIMASK, r1
10002186:	2e00      	cmp	r6, #0
10002188:	da00      	bge.n	1000218c <alarm_pool_irq_handler+0x198>
1000218a:	e760      	b.n	1000204e <alarm_pool_irq_handler+0x5a>
1000218c:	4643      	mov	r3, r8
1000218e:	695d      	ldr	r5, [r3, #20]
10002190:	2308      	movs	r3, #8
10002192:	4443      	add	r3, r8
10002194:	469c      	mov	ip, r3
10002196:	0074      	lsls	r4, r6, #1
10002198:	19a4      	adds	r4, r4, r6
1000219a:	00e4      	lsls	r4, r4, #3
1000219c:	192c      	adds	r4, r5, r4
1000219e:	68a3      	ldr	r3, [r4, #8]
100021a0:	4661      	mov	r1, ip
100021a2:	469a      	mov	sl, r3
100021a4:	4643      	mov	r3, r8
100021a6:	2208      	movs	r2, #8
100021a8:	5e9a      	ldrsh	r2, [r3, r2]
100021aa:	68e0      	ldr	r0, [r4, #12]
100021ac:	2a00      	cmp	r2, #0
100021ae:	da07      	bge.n	100021c0 <alarm_pool_irq_handler+0x1cc>
100021b0:	e00d      	b.n	100021ce <alarm_pool_irq_handler+0x1da>
100021b2:	4287      	cmp	r7, r0
100021b4:	d042      	beq.n	1000223c <alarm_pool_irq_handler+0x248>
100021b6:	0019      	movs	r1, r3
100021b8:	2300      	movs	r3, #0
100021ba:	5eca      	ldrsh	r2, [r1, r3]
100021bc:	2a00      	cmp	r2, #0
100021be:	db06      	blt.n	100021ce <alarm_pool_irq_handler+0x1da>
100021c0:	0053      	lsls	r3, r2, #1
100021c2:	189b      	adds	r3, r3, r2
100021c4:	00db      	lsls	r3, r3, #3
100021c6:	18eb      	adds	r3, r5, r3
100021c8:	68df      	ldr	r7, [r3, #12]
100021ca:	4287      	cmp	r7, r0
100021cc:	ddf1      	ble.n	100021b2 <alarm_pool_irq_handler+0x1be>
100021ce:	800e      	strh	r6, [r1, #0]
100021d0:	2300      	movs	r3, #0
100021d2:	5ee6      	ldrsh	r6, [r4, r3]
100021d4:	8022      	strh	r2, [r4, #0]
100021d6:	2e00      	cmp	r6, #0
100021d8:	dadd      	bge.n	10002196 <alarm_pool_irq_handler+0x1a2>
100021da:	4643      	mov	r3, r8
100021dc:	799b      	ldrb	r3, [r3, #6]
100021de:	2b00      	cmp	r3, #0
100021e0:	d100      	bne.n	100021e4 <alarm_pool_irq_handler+0x1f0>
100021e2:	e739      	b.n	10002058 <alarm_pool_irq_handler+0x64>
100021e4:	2300      	movs	r3, #0
100021e6:	4642      	mov	r2, r8
100021e8:	7193      	strb	r3, [r2, #6]
100021ea:	4643      	mov	r3, r8
100021ec:	4645      	mov	r5, r8
100021ee:	2608      	movs	r6, #8
100021f0:	5f9e      	ldrsh	r6, [r3, r6]
100021f2:	3508      	adds	r5, #8
100021f4:	1c73      	adds	r3, r6, #1
100021f6:	d100      	bne.n	100021fa <alarm_pool_irq_handler+0x206>
100021f8:	e72e      	b.n	10002058 <alarm_pool_irq_handler+0x64>
100021fa:	6954      	ldr	r4, [r2, #20]
100021fc:	e003      	b.n	10002206 <alarm_pool_irq_handler+0x212>
100021fe:	003d      	movs	r5, r7
10002200:	1c73      	adds	r3, r6, #1
10002202:	d100      	bne.n	10002206 <alarm_pool_irq_handler+0x212>
10002204:	e728      	b.n	10002058 <alarm_pool_irq_handler+0x64>
10002206:	0073      	lsls	r3, r6, #1
10002208:	199b      	adds	r3, r3, r6
1000220a:	00db      	lsls	r3, r3, #3
1000220c:	18e7      	adds	r7, r4, r3
1000220e:	0032      	movs	r2, r6
10002210:	5ee6      	ldrsh	r6, [r4, r3]
10002212:	887b      	ldrh	r3, [r7, #2]
10002214:	b21b      	sxth	r3, r3
10002216:	2b00      	cmp	r3, #0
10002218:	daf1      	bge.n	100021fe <alarm_pool_irq_handler+0x20a>
1000221a:	2001      	movs	r0, #1
1000221c:	4240      	negs	r0, r0
1000221e:	17c1      	asrs	r1, r0, #31
10002220:	4643      	mov	r3, r8
10002222:	60b8      	str	r0, [r7, #8]
10002224:	60f9      	str	r1, [r7, #12]
10002226:	2108      	movs	r1, #8
10002228:	5e5b      	ldrsh	r3, [r3, r1]
1000222a:	4293      	cmp	r3, r2
1000222c:	d0e8      	beq.n	10002200 <alarm_pool_irq_handler+0x20c>
1000222e:	4643      	mov	r3, r8
10002230:	802e      	strh	r6, [r5, #0]
10002232:	891b      	ldrh	r3, [r3, #8]
10002234:	803b      	strh	r3, [r7, #0]
10002236:	4643      	mov	r3, r8
10002238:	811a      	strh	r2, [r3, #8]
1000223a:	e7e1      	b.n	10002200 <alarm_pool_irq_handler+0x20c>
1000223c:	689f      	ldr	r7, [r3, #8]
1000223e:	4557      	cmp	r7, sl
10002240:	d9b9      	bls.n	100021b6 <alarm_pool_irq_handler+0x1c2>
10002242:	800e      	strh	r6, [r1, #0]
10002244:	2300      	movs	r3, #0
10002246:	5ee6      	ldrsh	r6, [r4, r3]
10002248:	8022      	strh	r2, [r4, #0]
1000224a:	2e00      	cmp	r6, #0
1000224c:	daa3      	bge.n	10002196 <alarm_pool_irq_handler+0x1a2>
1000224e:	e7c4      	b.n	100021da <alarm_pool_irq_handler+0x1e6>
10002250:	4653      	mov	r3, sl
10002252:	4642      	mov	r2, r8
10002254:	881b      	ldrh	r3, [r3, #0]
10002256:	8113      	strh	r3, [r2, #8]
10002258:	6912      	ldr	r2, [r2, #16]
1000225a:	f3ef 8310 	mrs	r3, PRIMASK
1000225e:	b672      	cpsid	i
10002260:	6811      	ldr	r1, [r2, #0]
10002262:	2900      	cmp	r1, #0
10002264:	d0fc      	beq.n	10002260 <alarm_pool_irq_handler+0x26c>
10002266:	f3bf 8f5f 	dmb	sy
1000226a:	4642      	mov	r2, r8
1000226c:	4651      	mov	r1, sl
1000226e:	8852      	ldrh	r2, [r2, #2]
10002270:	800a      	strh	r2, [r1, #0]
10002272:	4642      	mov	r2, r8
10002274:	4649      	mov	r1, r9
10002276:	8051      	strh	r1, [r2, #2]
10002278:	6912      	ldr	r2, [r2, #16]
1000227a:	f3bf 8f5f 	dmb	sy
1000227e:	2100      	movs	r1, #0
10002280:	6011      	str	r1, [r2, #0]
10002282:	f383 8810 	msr	PRIMASK, r3
10002286:	e6dc      	b.n	10002042 <alarm_pool_irq_handler+0x4e>
10002288:	4286      	cmp	r6, r0
1000228a:	d800      	bhi.n	1000228e <alarm_pool_irq_handler+0x29a>
1000228c:	e70f      	b.n	100020ae <alarm_pool_irq_handler+0xba>
1000228e:	e6d8      	b.n	10002042 <alarm_pool_irq_handler+0x4e>
10002290:	4286      	cmp	r6, r0
10002292:	d800      	bhi.n	10002296 <alarm_pool_irq_handler+0x2a2>
10002294:	e6fd      	b.n	10002092 <alarm_pool_irq_handler+0x9e>
10002296:	b003      	add	sp, #12
10002298:	bcf0      	pop	{r4, r5, r6, r7}
1000229a:	46bb      	mov	fp, r7
1000229c:	46b2      	mov	sl, r6
1000229e:	46a9      	mov	r9, r5
100022a0:	46a0      	mov	r8, r4
100022a2:	bdf0      	pop	{r4, r5, r6, r7, pc}
100022a4:	0020      	movs	r0, r4
100022a6:	6923      	ldr	r3, [r4, #16]
100022a8:	4798      	blx	r3
100022aa:	2800      	cmp	r0, #0
100022ac:	d0d0      	beq.n	10002250 <alarm_pool_irq_handler+0x25c>
100022ae:	6865      	ldr	r5, [r4, #4]
100022b0:	6824      	ldr	r4, [r4, #0]
100022b2:	e710      	b.n	100020d6 <alarm_pool_irq_handler+0xe2>
100022b4:	4808      	ldr	r0, [pc, #32]	@ (100022d8 <alarm_pool_irq_handler+0x2e4>)
100022b6:	f000 fa79 	bl	100027ac <timer_time_us_64>
100022ba:	1900      	adds	r0, r0, r4
100022bc:	4169      	adcs	r1, r5
100022be:	e715      	b.n	100020ec <alarm_pool_irq_handler+0xf8>
100022c0:	005a      	lsls	r2, r3, #1
100022c2:	4643      	mov	r3, r8
100022c4:	695d      	ldr	r5, [r3, #20]
100022c6:	e6e7      	b.n	10002098 <alarm_pool_irq_handler+0xa4>
100022c8:	4287      	cmp	r7, r0
100022ca:	d800      	bhi.n	100022ce <alarm_pool_irq_handler+0x2da>
100022cc:	e729      	b.n	10002122 <alarm_pool_irq_handler+0x12e>
100022ce:	e738      	b.n	10002142 <alarm_pool_irq_handler+0x14e>
100022d0:	ffffeed8 	.word	0xffffeed8
100022d4:	2000265c 	.word	0x2000265c
100022d8:	40054000 	.word	0x40054000
100022dc:	4005703c 	.word	0x4005703c
100022e0:	10001ff5 	.word	0x10001ff5

100022e4 <runtime_init_default_alarm_pool>:
100022e4:	2200      	movs	r2, #0
100022e6:	b570      	push	{r4, r5, r6, lr}
100022e8:	4b2f      	ldr	r3, [pc, #188]	@ (100023a8 <runtime_init_default_alarm_pool+0xc4>)
100022ea:	446b      	add	r3, sp
100022ec:	601a      	str	r2, [r3, #0]
100022ee:	4c2f      	ldr	r4, [pc, #188]	@ (100023ac <runtime_init_default_alarm_pool+0xc8>)
100022f0:	6925      	ldr	r5, [r4, #16]
100022f2:	2d00      	cmp	r5, #0
100022f4:	d004      	beq.n	10002300 <runtime_init_default_alarm_pool+0x1c>
100022f6:	210a      	movs	r1, #10
100022f8:	482d      	ldr	r0, [pc, #180]	@ (100023b0 <runtime_init_default_alarm_pool+0xcc>)
100022fa:	f7ff fe05 	bl	10001f08 <lock_init>
100022fe:	bd70      	pop	{r4, r5, r6, pc}
10002300:	4e2c      	ldr	r6, [pc, #176]	@ (100023b4 <runtime_init_default_alarm_pool+0xd0>)
10002302:	2103      	movs	r1, #3
10002304:	0030      	movs	r0, r6
10002306:	f000 fa41 	bl	1000278c <timer_hardware_alarm_claim>
1000230a:	60e6      	str	r6, [r4, #12]
1000230c:	f7ff fb20 	bl	10001950 <next_striped_spin_lock_num>
10002310:	4b29      	ldr	r3, [pc, #164]	@ (100023b8 <runtime_init_default_alarm_pool+0xd4>)
10002312:	2203      	movs	r2, #3
10002314:	469c      	mov	ip, r3
10002316:	23d0      	movs	r3, #208	@ 0xd0
10002318:	7022      	strb	r2, [r4, #0]
1000231a:	061b      	lsls	r3, r3, #24
1000231c:	681b      	ldr	r3, [r3, #0]
1000231e:	2101      	movs	r1, #1
10002320:	7063      	strb	r3, [r4, #1]
10002322:	4b26      	ldr	r3, [pc, #152]	@ (100023bc <runtime_init_default_alarm_pool+0xd8>)
10002324:	4460      	add	r0, ip
10002326:	60a3      	str	r3, [r4, #8]
10002328:	230f      	movs	r3, #15
1000232a:	0080      	lsls	r0, r0, #2
1000232c:	6120      	str	r0, [r4, #16]
1000232e:	2002      	movs	r0, #2
10002330:	8063      	strh	r3, [r4, #2]
10002332:	6963      	ldr	r3, [r4, #20]
10002334:	4249      	negs	r1, r1
10002336:	80a1      	strh	r1, [r4, #4]
10002338:	8019      	strh	r1, [r3, #0]
1000233a:	3102      	adds	r1, #2
1000233c:	8619      	strh	r1, [r3, #48]	@ 0x30
1000233e:	3147      	adds	r1, #71	@ 0x47
10002340:	831d      	strh	r5, [r3, #24]
10002342:	5258      	strh	r0, [r3, r1]
10002344:	3118      	adds	r1, #24
10002346:	525a      	strh	r2, [r3, r1]
10002348:	3275      	adds	r2, #117	@ 0x75
1000234a:	395c      	subs	r1, #92	@ 0x5c
1000234c:	5299      	strh	r1, [r3, r2]
1000234e:	3218      	adds	r2, #24
10002350:	3101      	adds	r1, #1
10002352:	5299      	strh	r1, [r3, r2]
10002354:	3218      	adds	r2, #24
10002356:	3101      	adds	r1, #1
10002358:	5299      	strh	r1, [r3, r2]
1000235a:	3218      	adds	r2, #24
1000235c:	3101      	adds	r1, #1
1000235e:	5299      	strh	r1, [r3, r2]
10002360:	3508      	adds	r5, #8
10002362:	3218      	adds	r2, #24
10002364:	529d      	strh	r5, [r3, r2]
10002366:	3102      	adds	r1, #2
10002368:	3218      	adds	r2, #24
1000236a:	5299      	strh	r1, [r3, r2]
1000236c:	3218      	adds	r2, #24
1000236e:	3101      	adds	r1, #1
10002370:	5299      	strh	r1, [r3, r2]
10002372:	3218      	adds	r2, #24
10002374:	3101      	adds	r1, #1
10002376:	5299      	strh	r1, [r3, r2]
10002378:	3218      	adds	r2, #24
1000237a:	3101      	adds	r1, #1
1000237c:	5299      	strh	r1, [r3, r2]
1000237e:	3218      	adds	r2, #24
10002380:	3101      	adds	r1, #1
10002382:	5299      	strh	r1, [r3, r2]
10002384:	3218      	adds	r2, #24
10002386:	3101      	adds	r1, #1
10002388:	5299      	strh	r1, [r3, r2]
1000238a:	4b0d      	ldr	r3, [pc, #52]	@ (100023c0 <runtime_init_default_alarm_pool+0xdc>)
1000238c:	490d      	ldr	r1, [pc, #52]	@ (100023c4 <runtime_init_default_alarm_pool+0xe0>)
1000238e:	60dc      	str	r4, [r3, #12]
10002390:	3001      	adds	r0, #1
10002392:	6235      	str	r5, [r6, #32]
10002394:	f7ff fb3e 	bl	10001a14 <irq_set_exclusive_handler>
10002398:	2101      	movs	r1, #1
1000239a:	2003      	movs	r0, #3
1000239c:	f7ff fb1c 	bl	100019d8 <irq_set_enabled>
100023a0:	4b09      	ldr	r3, [pc, #36]	@ (100023c8 <runtime_init_default_alarm_pool+0xe4>)
100023a2:	601d      	str	r5, [r3, #0]
100023a4:	e7a7      	b.n	100022f6 <runtime_init_default_alarm_pool+0x12>
100023a6:	46c0      	nop			@ (mov r8, r8)
100023a8:	ffffeed8 	.word	0xffffeed8
100023ac:	20001180 	.word	0x20001180
100023b0:	20002680 	.word	0x20002680
100023b4:	40054000 	.word	0x40054000
100023b8:	34000040 	.word	0x34000040
100023bc:	0010ffff 	.word	0x0010ffff
100023c0:	2000265c 	.word	0x2000265c
100023c4:	10001ff5 	.word	0x10001ff5
100023c8:	40056038 	.word	0x40056038

100023cc <alarm_pool_add_alarm_at_force_in_context>:
100023cc:	b570      	push	{r4, r5, r6, lr}
100023ce:	0001      	movs	r1, r0
100023d0:	6904      	ldr	r4, [r0, #16]
100023d2:	f3ef 8c10 	mrs	ip, PRIMASK
100023d6:	b672      	cpsid	i
100023d8:	6820      	ldr	r0, [r4, #0]
100023da:	2800      	cmp	r0, #0
100023dc:	d0fc      	beq.n	100023d8 <alarm_pool_add_alarm_at_force_in_context+0xc>
100023de:	f3bf 8f5f 	dmb	sy
100023e2:	2002      	movs	r0, #2
100023e4:	5e0d      	ldrsh	r5, [r1, r0]
100023e6:	694c      	ldr	r4, [r1, #20]
100023e8:	0068      	lsls	r0, r5, #1
100023ea:	1940      	adds	r0, r0, r5
100023ec:	00c0      	lsls	r0, r0, #3
100023ee:	1824      	adds	r4, r4, r0
100023f0:	2d00      	cmp	r5, #0
100023f2:	db37      	blt.n	10002464 <alarm_pool_add_alarm_at_force_in_context+0x98>
100023f4:	8820      	ldrh	r0, [r4, #0]
100023f6:	8048      	strh	r0, [r1, #2]
100023f8:	6908      	ldr	r0, [r1, #16]
100023fa:	f3bf 8f5f 	dmb	sy
100023fe:	2600      	movs	r6, #0
10002400:	6006      	str	r6, [r0, #0]
10002402:	f38c 8810 	msr	PRIMASK, ip
10002406:	60e3      	str	r3, [r4, #12]
10002408:	8863      	ldrh	r3, [r4, #2]
1000240a:	9804      	ldr	r0, [sp, #16]
1000240c:	3301      	adds	r3, #1
1000240e:	6120      	str	r0, [r4, #16]
10002410:	045b      	lsls	r3, r3, #17
10002412:	9805      	ldr	r0, [sp, #20]
10002414:	0c5b      	lsrs	r3, r3, #17
10002416:	60a2      	str	r2, [r4, #8]
10002418:	6160      	str	r0, [r4, #20]
1000241a:	1c1a      	adds	r2, r3, #0
1000241c:	2b00      	cmp	r3, #0
1000241e:	d01f      	beq.n	10002460 <alarm_pool_add_alarm_at_force_in_context+0x94>
10002420:	b293      	uxth	r3, r2
10002422:	0428      	lsls	r0, r5, #16
10002424:	8062      	strh	r2, [r4, #2]
10002426:	4318      	orrs	r0, r3
10002428:	690a      	ldr	r2, [r1, #16]
1000242a:	f3ef 8c10 	mrs	ip, PRIMASK
1000242e:	b672      	cpsid	i
10002430:	6813      	ldr	r3, [r2, #0]
10002432:	2b00      	cmp	r3, #0
10002434:	d0fc      	beq.n	10002430 <alarm_pool_add_alarm_at_force_in_context+0x64>
10002436:	f3bf 8f5f 	dmb	sy
1000243a:	888b      	ldrh	r3, [r1, #4]
1000243c:	8023      	strh	r3, [r4, #0]
1000243e:	808d      	strh	r5, [r1, #4]
10002440:	690b      	ldr	r3, [r1, #16]
10002442:	f3bf 8f5f 	dmb	sy
10002446:	2200      	movs	r2, #0
10002448:	601a      	str	r2, [r3, #0]
1000244a:	f38c 8810 	msr	PRIMASK, ip
1000244e:	780b      	ldrb	r3, [r1, #0]
10002450:	3201      	adds	r2, #1
10002452:	409a      	lsls	r2, r3
10002454:	68cb      	ldr	r3, [r1, #12]
10002456:	4908      	ldr	r1, [pc, #32]	@ (10002478 <alarm_pool_add_alarm_at_force_in_context+0xac>)
10002458:	468c      	mov	ip, r1
1000245a:	4463      	add	r3, ip
1000245c:	601a      	str	r2, [r3, #0]
1000245e:	bd70      	pop	{r4, r5, r6, pc}
10002460:	2201      	movs	r2, #1
10002462:	e7dd      	b.n	10002420 <alarm_pool_add_alarm_at_force_in_context+0x54>
10002464:	690b      	ldr	r3, [r1, #16]
10002466:	f3bf 8f5f 	dmb	sy
1000246a:	2200      	movs	r2, #0
1000246c:	601a      	str	r2, [r3, #0]
1000246e:	f38c 8810 	msr	PRIMASK, ip
10002472:	2001      	movs	r0, #1
10002474:	4240      	negs	r0, r0
10002476:	e7f2      	b.n	1000245e <alarm_pool_add_alarm_at_force_in_context+0x92>
10002478:	0000203c 	.word	0x0000203c

1000247c <alarm_pool_cancel_alarm>:
1000247c:	b510      	push	{r4, lr}
1000247e:	8943      	ldrh	r3, [r0, #10]
10002480:	140a      	asrs	r2, r1, #16
10002482:	4293      	cmp	r3, r2
10002484:	dd1a      	ble.n	100024bc <alarm_pool_cancel_alarm+0x40>
10002486:	0053      	lsls	r3, r2, #1
10002488:	189b      	adds	r3, r3, r2
1000248a:	6942      	ldr	r2, [r0, #20]
1000248c:	00db      	lsls	r3, r3, #3
1000248e:	18d3      	adds	r3, r2, r3
10002490:	6904      	ldr	r4, [r0, #16]
10002492:	f3ef 8c10 	mrs	ip, PRIMASK
10002496:	b672      	cpsid	i
10002498:	6822      	ldr	r2, [r4, #0]
1000249a:	2a00      	cmp	r2, #0
1000249c:	d0fc      	beq.n	10002498 <alarm_pool_cancel_alarm+0x1c>
1000249e:	f3bf 8f5f 	dmb	sy
100024a2:	885a      	ldrh	r2, [r3, #2]
100024a4:	0409      	lsls	r1, r1, #16
100024a6:	b294      	uxth	r4, r2
100024a8:	0c09      	lsrs	r1, r1, #16
100024aa:	428a      	cmp	r2, r1
100024ac:	d008      	beq.n	100024c0 <alarm_pool_cancel_alarm+0x44>
100024ae:	6903      	ldr	r3, [r0, #16]
100024b0:	f3bf 8f5f 	dmb	sy
100024b4:	2200      	movs	r2, #0
100024b6:	601a      	str	r2, [r3, #0]
100024b8:	f38c 8810 	msr	PRIMASK, ip
100024bc:	2000      	movs	r0, #0
100024be:	bd10      	pop	{r4, pc}
100024c0:	2280      	movs	r2, #128	@ 0x80
100024c2:	0212      	lsls	r2, r2, #8
100024c4:	4314      	orrs	r4, r2
100024c6:	805c      	strh	r4, [r3, #2]
100024c8:	2301      	movs	r3, #1
100024ca:	6902      	ldr	r2, [r0, #16]
100024cc:	7183      	strb	r3, [r0, #6]
100024ce:	f3bf 8f5f 	dmb	sy
100024d2:	2100      	movs	r1, #0
100024d4:	6011      	str	r1, [r2, #0]
100024d6:	f38c 8810 	msr	PRIMASK, ip
100024da:	4904      	ldr	r1, [pc, #16]	@ (100024ec <alarm_pool_cancel_alarm+0x70>)
100024dc:	7802      	ldrb	r2, [r0, #0]
100024de:	468c      	mov	ip, r1
100024e0:	4093      	lsls	r3, r2
100024e2:	68c2      	ldr	r2, [r0, #12]
100024e4:	2001      	movs	r0, #1
100024e6:	4462      	add	r2, ip
100024e8:	6013      	str	r3, [r2, #0]
100024ea:	e7e8      	b.n	100024be <alarm_pool_cancel_alarm+0x42>
100024ec:	0000203c 	.word	0x0000203c

100024f0 <sleep_until>:
100024f0:	b5f0      	push	{r4, r5, r6, r7, lr}
100024f2:	46c6      	mov	lr, r8
100024f4:	2200      	movs	r2, #0
100024f6:	0004      	movs	r4, r0
100024f8:	000d      	movs	r5, r1
100024fa:	b500      	push	{lr}
100024fc:	4b30      	ldr	r3, [pc, #192]	@ (100025c0 <sleep_until+0xd0>)
100024fe:	b082      	sub	sp, #8
10002500:	446b      	add	r3, sp
10002502:	601a      	str	r2, [r3, #0]
10002504:	2606      	movs	r6, #6
10002506:	4276      	negs	r6, r6
10002508:	17f7      	asrs	r7, r6, #31
1000250a:	1936      	adds	r6, r6, r4
1000250c:	416f      	adcs	r7, r5
1000250e:	428f      	cmp	r7, r1
10002510:	d814      	bhi.n	1000253c <sleep_until+0x4c>
10002512:	d011      	beq.n	10002538 <sleep_until+0x48>
10002514:	f000 f952 	bl	100027bc <time_us_64>
10002518:	0032      	movs	r2, r6
1000251a:	003b      	movs	r3, r7
1000251c:	1a12      	subs	r2, r2, r0
1000251e:	418b      	sbcs	r3, r1
10002520:	2b00      	cmp	r3, #0
10002522:	dc17      	bgt.n	10002554 <sleep_until+0x64>
10002524:	2b00      	cmp	r3, #0
10002526:	d047      	beq.n	100025b8 <sleep_until+0xc8>
10002528:	0020      	movs	r0, r4
1000252a:	0029      	movs	r1, r5
1000252c:	f000 f984 	bl	10002838 <busy_wait_until>
10002530:	b002      	add	sp, #8
10002532:	bc80      	pop	{r7}
10002534:	46b8      	mov	r8, r7
10002536:	bdf0      	pop	{r4, r5, r6, r7, pc}
10002538:	4286      	cmp	r6, r0
1000253a:	d9eb      	bls.n	10002514 <sleep_until+0x24>
1000253c:	2200      	movs	r2, #0
1000253e:	2300      	movs	r3, #0
10002540:	0016      	movs	r6, r2
10002542:	001f      	movs	r7, r3
10002544:	f000 f93a 	bl	100027bc <time_us_64>
10002548:	0032      	movs	r2, r6
1000254a:	003b      	movs	r3, r7
1000254c:	1a12      	subs	r2, r2, r0
1000254e:	418b      	sbcs	r3, r1
10002550:	2b00      	cmp	r3, #0
10002552:	dde7      	ble.n	10002524 <sleep_until+0x34>
10002554:	f000 f932 	bl	100027bc <time_us_64>
10002558:	0032      	movs	r2, r6
1000255a:	003b      	movs	r3, r7
1000255c:	1a12      	subs	r2, r2, r0
1000255e:	418b      	sbcs	r3, r1
10002560:	2b00      	cmp	r3, #0
10002562:	db0a      	blt.n	1000257a <sleep_until+0x8a>
10002564:	2300      	movs	r3, #0
10002566:	9301      	str	r3, [sp, #4]
10002568:	4b16      	ldr	r3, [pc, #88]	@ (100025c4 <sleep_until+0xd4>)
1000256a:	0032      	movs	r2, r6
1000256c:	9300      	str	r3, [sp, #0]
1000256e:	4816      	ldr	r0, [pc, #88]	@ (100025c8 <sleep_until+0xd8>)
10002570:	003b      	movs	r3, r7
10002572:	f7ff ff2b 	bl	100023cc <alarm_pool_add_alarm_at_force_in_context>
10002576:	2800      	cmp	r0, #0
10002578:	dbd6      	blt.n	10002528 <sleep_until+0x38>
1000257a:	2300      	movs	r3, #0
1000257c:	469c      	mov	ip, r3
1000257e:	46b0      	mov	r8, r6
10002580:	4a12      	ldr	r2, [pc, #72]	@ (100025cc <sleep_until+0xdc>)
10002582:	4e13      	ldr	r6, [pc, #76]	@ (100025d0 <sleep_until+0xe0>)
10002584:	6a73      	ldr	r3, [r6, #36]	@ 0x24
10002586:	429f      	cmp	r7, r3
10002588:	d804      	bhi.n	10002594 <sleep_until+0xa4>
1000258a:	6ab1      	ldr	r1, [r6, #40]	@ 0x28
1000258c:	4588      	cmp	r8, r1
1000258e:	d9cb      	bls.n	10002528 <sleep_until+0x38>
10002590:	429f      	cmp	r7, r3
10002592:	d1c9      	bne.n	10002528 <sleep_until+0x38>
10002594:	6811      	ldr	r1, [r2, #0]
10002596:	f3ef 8010 	mrs	r0, PRIMASK
1000259a:	b672      	cpsid	i
1000259c:	680b      	ldr	r3, [r1, #0]
1000259e:	2b00      	cmp	r3, #0
100025a0:	d0fc      	beq.n	1000259c <sleep_until+0xac>
100025a2:	f3bf 8f5f 	dmb	sy
100025a6:	6813      	ldr	r3, [r2, #0]
100025a8:	f3bf 8f5f 	dmb	sy
100025ac:	4661      	mov	r1, ip
100025ae:	6019      	str	r1, [r3, #0]
100025b0:	f380 8810 	msr	PRIMASK, r0
100025b4:	bf20      	wfe
100025b6:	e7e5      	b.n	10002584 <sleep_until+0x94>
100025b8:	2a00      	cmp	r2, #0
100025ba:	d0b5      	beq.n	10002528 <sleep_until+0x38>
100025bc:	e7ca      	b.n	10002554 <sleep_until+0x64>
100025be:	46c0      	nop			@ (mov r8, r8)
100025c0:	ffffeed8 	.word	0xffffeed8
100025c4:	10001fc5 	.word	0x10001fc5
100025c8:	20001180 	.word	0x20001180
100025cc:	20002680 	.word	0x20002680
100025d0:	40054000 	.word	0x40054000

100025d4 <sleep_us>:
100025d4:	b570      	push	{r4, r5, r6, lr}
100025d6:	2200      	movs	r2, #0
100025d8:	0004      	movs	r4, r0
100025da:	000d      	movs	r5, r1
100025dc:	4b08      	ldr	r3, [pc, #32]	@ (10002600 <sleep_us+0x2c>)
100025de:	446b      	add	r3, sp
100025e0:	601a      	str	r2, [r3, #0]
100025e2:	f000 f8eb 	bl	100027bc <time_us_64>
100025e6:	2380      	movs	r3, #128	@ 0x80
100025e8:	1900      	adds	r0, r0, r4
100025ea:	4169      	adcs	r1, r5
100025ec:	061b      	lsls	r3, r3, #24
100025ee:	4299      	cmp	r1, r3
100025f0:	d302      	bcc.n	100025f8 <sleep_us+0x24>
100025f2:	2001      	movs	r0, #1
100025f4:	4903      	ldr	r1, [pc, #12]	@ (10002604 <sleep_us+0x30>)
100025f6:	4240      	negs	r0, r0
100025f8:	f7ff ff7a 	bl	100024f0 <sleep_until>
100025fc:	bd70      	pop	{r4, r5, r6, pc}
100025fe:	46c0      	nop			@ (mov r8, r8)
10002600:	ffffeed8 	.word	0xffffeed8
10002604:	7fffffff 	.word	0x7fffffff

10002608 <sleep_ms>:
10002608:	b570      	push	{r4, r5, r6, lr}
1000260a:	2200      	movs	r2, #0
1000260c:	0006      	movs	r6, r0
1000260e:	4b0d      	ldr	r3, [pc, #52]	@ (10002644 <sleep_ms+0x3c>)
10002610:	446b      	add	r3, sp
10002612:	601a      	str	r2, [r3, #0]
10002614:	f000 f8d2 	bl	100027bc <time_us_64>
10002618:	22fa      	movs	r2, #250	@ 0xfa
1000261a:	0004      	movs	r4, r0
1000261c:	000d      	movs	r5, r1
1000261e:	2300      	movs	r3, #0
10002620:	0030      	movs	r0, r6
10002622:	2100      	movs	r1, #0
10002624:	0092      	lsls	r2, r2, #2
10002626:	f001 fac9 	bl	10003bbc <__wrap___aeabi_lmul>
1000262a:	2380      	movs	r3, #128	@ 0x80
1000262c:	1900      	adds	r0, r0, r4
1000262e:	4169      	adcs	r1, r5
10002630:	061b      	lsls	r3, r3, #24
10002632:	4299      	cmp	r1, r3
10002634:	d302      	bcc.n	1000263c <sleep_ms+0x34>
10002636:	2001      	movs	r0, #1
10002638:	4903      	ldr	r1, [pc, #12]	@ (10002648 <sleep_ms+0x40>)
1000263a:	4240      	negs	r0, r0
1000263c:	f7ff ff58 	bl	100024f0 <sleep_until>
10002640:	bd70      	pop	{r4, r5, r6, pc}
10002642:	46c0      	nop			@ (mov r8, r8)
10002644:	ffffeed8 	.word	0xffffeed8
10002648:	7fffffff 	.word	0x7fffffff

1000264c <best_effort_wfe_or_timeout>:
1000264c:	b5f0      	push	{r4, r5, r6, r7, lr}
1000264e:	46c6      	mov	lr, r8
10002650:	2200      	movs	r2, #0
10002652:	0004      	movs	r4, r0
10002654:	000d      	movs	r5, r1
10002656:	b500      	push	{lr}
10002658:	4b47      	ldr	r3, [pc, #284]	@ (10002778 <best_effort_wfe_or_timeout+0x12c>)
1000265a:	446b      	add	r3, sp
1000265c:	601a      	str	r2, [r3, #0]
1000265e:	f3ef 8305 	mrs	r3, IPSR
10002662:	000e      	movs	r6, r1
10002664:	2b00      	cmp	r3, #0
10002666:	d00c      	beq.n	10002682 <best_effort_wfe_or_timeout+0x36>
10002668:	4944      	ldr	r1, [pc, #272]	@ (1000277c <best_effort_wfe_or_timeout+0x130>)
1000266a:	2000      	movs	r0, #0
1000266c:	6a4b      	ldr	r3, [r1, #36]	@ 0x24
1000266e:	42ab      	cmp	r3, r5
10002670:	d304      	bcc.n	1000267c <best_effort_wfe_or_timeout+0x30>
10002672:	6a8a      	ldr	r2, [r1, #40]	@ 0x28
10002674:	3001      	adds	r0, #1
10002676:	42a2      	cmp	r2, r4
10002678:	d200      	bcs.n	1000267c <best_effort_wfe_or_timeout+0x30>
1000267a:	e06a      	b.n	10002752 <best_effort_wfe_or_timeout+0x106>
1000267c:	bc80      	pop	{r7}
1000267e:	46b8      	mov	r8, r7
10002680:	bdf0      	pop	{r4, r5, r6, r7, pc}
10002682:	f000 f89b 	bl	100027bc <time_us_64>
10002686:	0022      	movs	r2, r4
10002688:	002b      	movs	r3, r5
1000268a:	1a12      	subs	r2, r2, r0
1000268c:	418b      	sbcs	r3, r1
1000268e:	2b00      	cmp	r3, #0
10002690:	db54      	blt.n	1000273c <best_effort_wfe_or_timeout+0xf0>
10002692:	483b      	ldr	r0, [pc, #236]	@ (10002780 <best_effort_wfe_or_timeout+0x134>)
10002694:	6902      	ldr	r2, [r0, #16]
10002696:	f3ef 8810 	mrs	r8, PRIMASK
1000269a:	b672      	cpsid	i
1000269c:	6813      	ldr	r3, [r2, #0]
1000269e:	2b00      	cmp	r3, #0
100026a0:	d0fc      	beq.n	1000269c <best_effort_wfe_or_timeout+0x50>
100026a2:	f3bf 8f5f 	dmb	sy
100026a6:	2302      	movs	r3, #2
100026a8:	5ec7      	ldrsh	r7, [r0, r3]
100026aa:	6943      	ldr	r3, [r0, #20]
100026ac:	007a      	lsls	r2, r7, #1
100026ae:	19d2      	adds	r2, r2, r7
100026b0:	00d2      	lsls	r2, r2, #3
100026b2:	189b      	adds	r3, r3, r2
100026b4:	2f00      	cmp	r7, #0
100026b6:	db57      	blt.n	10002768 <best_effort_wfe_or_timeout+0x11c>
100026b8:	881a      	ldrh	r2, [r3, #0]
100026ba:	8042      	strh	r2, [r0, #2]
100026bc:	6902      	ldr	r2, [r0, #16]
100026be:	4694      	mov	ip, r2
100026c0:	f3bf 8f5f 	dmb	sy
100026c4:	2200      	movs	r2, #0
100026c6:	4661      	mov	r1, ip
100026c8:	600a      	str	r2, [r1, #0]
100026ca:	f388 8810 	msr	PRIMASK, r8
100026ce:	615a      	str	r2, [r3, #20]
100026d0:	885a      	ldrh	r2, [r3, #2]
100026d2:	492c      	ldr	r1, [pc, #176]	@ (10002784 <best_effort_wfe_or_timeout+0x138>)
100026d4:	3201      	adds	r2, #1
100026d6:	0452      	lsls	r2, r2, #17
100026d8:	0c52      	lsrs	r2, r2, #17
100026da:	6119      	str	r1, [r3, #16]
100026dc:	609c      	str	r4, [r3, #8]
100026de:	60dd      	str	r5, [r3, #12]
100026e0:	1c11      	adds	r1, r2, #0
100026e2:	2a00      	cmp	r2, #0
100026e4:	d100      	bne.n	100026e8 <best_effort_wfe_or_timeout+0x9c>
100026e6:	2101      	movs	r1, #1
100026e8:	b28a      	uxth	r2, r1
100026ea:	8059      	strh	r1, [r3, #2]
100026ec:	0439      	lsls	r1, r7, #16
100026ee:	4311      	orrs	r1, r2
100026f0:	6902      	ldr	r2, [r0, #16]
100026f2:	4694      	mov	ip, r2
100026f4:	f3ef 8810 	mrs	r8, PRIMASK
100026f8:	b672      	cpsid	i
100026fa:	4662      	mov	r2, ip
100026fc:	6812      	ldr	r2, [r2, #0]
100026fe:	2a00      	cmp	r2, #0
10002700:	d0fb      	beq.n	100026fa <best_effort_wfe_or_timeout+0xae>
10002702:	f3bf 8f5f 	dmb	sy
10002706:	8882      	ldrh	r2, [r0, #4]
10002708:	801a      	strh	r2, [r3, #0]
1000270a:	6903      	ldr	r3, [r0, #16]
1000270c:	8087      	strh	r7, [r0, #4]
1000270e:	f3bf 8f5f 	dmb	sy
10002712:	2200      	movs	r2, #0
10002714:	601a      	str	r2, [r3, #0]
10002716:	f388 8810 	msr	PRIMASK, r8
1000271a:	4f1b      	ldr	r7, [pc, #108]	@ (10002788 <best_effort_wfe_or_timeout+0x13c>)
1000271c:	7803      	ldrb	r3, [r0, #0]
1000271e:	46bc      	mov	ip, r7
10002720:	3201      	adds	r2, #1
10002722:	409a      	lsls	r2, r3
10002724:	68c3      	ldr	r3, [r0, #12]
10002726:	4463      	add	r3, ip
10002728:	601a      	str	r2, [r3, #0]
1000272a:	bf40      	sev
1000272c:	bf20      	wfe
1000272e:	4b13      	ldr	r3, [pc, #76]	@ (1000277c <best_effort_wfe_or_timeout+0x130>)
10002730:	6a5a      	ldr	r2, [r3, #36]	@ 0x24
10002732:	42b2      	cmp	r2, r6
10002734:	d212      	bcs.n	1000275c <best_effort_wfe_or_timeout+0x110>
10002736:	bf20      	wfe
10002738:	f7ff fea0 	bl	1000247c <alarm_pool_cancel_alarm>
1000273c:	4a0f      	ldr	r2, [pc, #60]	@ (1000277c <best_effort_wfe_or_timeout+0x130>)
1000273e:	2000      	movs	r0, #0
10002740:	6a53      	ldr	r3, [r2, #36]	@ 0x24
10002742:	42b3      	cmp	r3, r6
10002744:	d200      	bcs.n	10002748 <best_effort_wfe_or_timeout+0xfc>
10002746:	e799      	b.n	1000267c <best_effort_wfe_or_timeout+0x30>
10002748:	6a92      	ldr	r2, [r2, #40]	@ 0x28
1000274a:	3001      	adds	r0, #1
1000274c:	42a2      	cmp	r2, r4
1000274e:	d300      	bcc.n	10002752 <best_effort_wfe_or_timeout+0x106>
10002750:	e794      	b.n	1000267c <best_effort_wfe_or_timeout+0x30>
10002752:	1b5b      	subs	r3, r3, r5
10002754:	1e5a      	subs	r2, r3, #1
10002756:	4193      	sbcs	r3, r2
10002758:	b2d8      	uxtb	r0, r3
1000275a:	e78f      	b.n	1000267c <best_effort_wfe_or_timeout+0x30>
1000275c:	6a9b      	ldr	r3, [r3, #40]	@ 0x28
1000275e:	42a3      	cmp	r3, r4
10002760:	d2ea      	bcs.n	10002738 <best_effort_wfe_or_timeout+0xec>
10002762:	42b2      	cmp	r2, r6
10002764:	d1e8      	bne.n	10002738 <best_effort_wfe_or_timeout+0xec>
10002766:	e7e6      	b.n	10002736 <best_effort_wfe_or_timeout+0xea>
10002768:	6903      	ldr	r3, [r0, #16]
1000276a:	f3bf 8f5f 	dmb	sy
1000276e:	2200      	movs	r2, #0
10002770:	601a      	str	r2, [r3, #0]
10002772:	f388 8810 	msr	PRIMASK, r8
10002776:	e7e1      	b.n	1000273c <best_effort_wfe_or_timeout+0xf0>
10002778:	ffffeed8 	.word	0xffffeed8
1000277c:	40054000 	.word	0x40054000
10002780:	20001180 	.word	0x20001180
10002784:	10001fc5 	.word	0x10001fc5
10002788:	0000203c 	.word	0x0000203c

1000278c <timer_hardware_alarm_claim>:
1000278c:	2200      	movs	r2, #0
1000278e:	b510      	push	{r4, lr}
10002790:	4b03      	ldr	r3, [pc, #12]	@ (100027a0 <timer_hardware_alarm_claim+0x14>)
10002792:	446b      	add	r3, sp
10002794:	601a      	str	r2, [r3, #0]
10002796:	4a03      	ldr	r2, [pc, #12]	@ (100027a4 <timer_hardware_alarm_claim+0x18>)
10002798:	4803      	ldr	r0, [pc, #12]	@ (100027a8 <timer_hardware_alarm_claim+0x1c>)
1000279a:	f7ff f85d 	bl	10001858 <hw_claim_or_assert>
1000279e:	bd10      	pop	{r4, pc}
100027a0:	ffffeed8 	.word	0xffffeed8
100027a4:	10008434 	.word	0x10008434
100027a8:	2000210c 	.word	0x2000210c

100027ac <timer_time_us_64>:
100027ac:	0003      	movs	r3, r0
100027ae:	6a41      	ldr	r1, [r0, #36]	@ 0x24
100027b0:	000a      	movs	r2, r1
100027b2:	6a98      	ldr	r0, [r3, #40]	@ 0x28
100027b4:	6a59      	ldr	r1, [r3, #36]	@ 0x24
100027b6:	428a      	cmp	r2, r1
100027b8:	d1fa      	bne.n	100027b0 <timer_time_us_64+0x4>
100027ba:	4770      	bx	lr

100027bc <time_us_64>:
100027bc:	4b03      	ldr	r3, [pc, #12]	@ (100027cc <time_us_64+0x10>)
100027be:	6a59      	ldr	r1, [r3, #36]	@ 0x24
100027c0:	000a      	movs	r2, r1
100027c2:	6a98      	ldr	r0, [r3, #40]	@ 0x28
100027c4:	6a59      	ldr	r1, [r3, #36]	@ 0x24
100027c6:	4291      	cmp	r1, r2
100027c8:	d1fa      	bne.n	100027c0 <time_us_64+0x4>
100027ca:	4770      	bx	lr
100027cc:	40054000 	.word	0x40054000

100027d0 <busy_wait_us>:
100027d0:	b570      	push	{r4, r5, r6, lr}
100027d2:	0004      	movs	r4, r0
100027d4:	000d      	movs	r5, r1
100027d6:	4a17      	ldr	r2, [pc, #92]	@ (10002834 <busy_wait_us+0x64>)
100027d8:	6a53      	ldr	r3, [r2, #36]	@ 0x24
100027da:	0019      	movs	r1, r3
100027dc:	6a96      	ldr	r6, [r2, #40]	@ 0x28
100027de:	6a53      	ldr	r3, [r2, #36]	@ 0x24
100027e0:	428b      	cmp	r3, r1
100027e2:	d1fa      	bne.n	100027da <busy_wait_us+0xa>
100027e4:	0030      	movs	r0, r6
100027e6:	0019      	movs	r1, r3
100027e8:	1824      	adds	r4, r4, r0
100027ea:	414d      	adcs	r5, r1
100027ec:	42ab      	cmp	r3, r5
100027ee:	d816      	bhi.n	1000281e <busy_wait_us+0x4e>
100027f0:	d013      	beq.n	1000281a <busy_wait_us+0x4a>
100027f2:	4a10      	ldr	r2, [pc, #64]	@ (10002834 <busy_wait_us+0x64>)
100027f4:	002b      	movs	r3, r5
100027f6:	6a52      	ldr	r2, [r2, #36]	@ 0x24
100027f8:	4295      	cmp	r5, r2
100027fa:	d903      	bls.n	10002804 <busy_wait_us+0x34>
100027fc:	490d      	ldr	r1, [pc, #52]	@ (10002834 <busy_wait_us+0x64>)
100027fe:	6a4a      	ldr	r2, [r1, #36]	@ 0x24
10002800:	429a      	cmp	r2, r3
10002802:	d3fc      	bcc.n	100027fe <busy_wait_us+0x2e>
10002804:	429a      	cmp	r2, r3
10002806:	d107      	bne.n	10002818 <busy_wait_us+0x48>
10002808:	4a0a      	ldr	r2, [pc, #40]	@ (10002834 <busy_wait_us+0x64>)
1000280a:	e002      	b.n	10002812 <busy_wait_us+0x42>
1000280c:	6a51      	ldr	r1, [r2, #36]	@ 0x24
1000280e:	4299      	cmp	r1, r3
10002810:	d102      	bne.n	10002818 <busy_wait_us+0x48>
10002812:	6a91      	ldr	r1, [r2, #40]	@ 0x28
10002814:	42a1      	cmp	r1, r4
10002816:	d3f9      	bcc.n	1000280c <busy_wait_us+0x3c>
10002818:	bd70      	pop	{r4, r5, r6, pc}
1000281a:	42a6      	cmp	r6, r4
1000281c:	d9e9      	bls.n	100027f2 <busy_wait_us+0x22>
1000281e:	4b05      	ldr	r3, [pc, #20]	@ (10002834 <busy_wait_us+0x64>)
10002820:	6a5b      	ldr	r3, [r3, #36]	@ 0x24
10002822:	001c      	movs	r4, r3
10002824:	1c5a      	adds	r2, r3, #1
10002826:	d0ef      	beq.n	10002808 <busy_wait_us+0x38>
10002828:	2301      	movs	r3, #1
1000282a:	2401      	movs	r4, #1
1000282c:	4264      	negs	r4, r4
1000282e:	17e5      	asrs	r5, r4, #31
10002830:	425b      	negs	r3, r3
10002832:	e7e3      	b.n	100027fc <busy_wait_us+0x2c>
10002834:	40054000 	.word	0x40054000

10002838 <busy_wait_until>:
10002838:	4a06      	ldr	r2, [pc, #24]	@ (10002854 <busy_wait_until+0x1c>)
1000283a:	6a53      	ldr	r3, [r2, #36]	@ 0x24
1000283c:	4299      	cmp	r1, r3
1000283e:	d8fc      	bhi.n	1000283a <busy_wait_until+0x2>
10002840:	d107      	bne.n	10002852 <busy_wait_until+0x1a>
10002842:	4b04      	ldr	r3, [pc, #16]	@ (10002854 <busy_wait_until+0x1c>)
10002844:	e002      	b.n	1000284c <busy_wait_until+0x14>
10002846:	6a5a      	ldr	r2, [r3, #36]	@ 0x24
10002848:	4291      	cmp	r1, r2
1000284a:	d102      	bne.n	10002852 <busy_wait_until+0x1a>
1000284c:	6a9a      	ldr	r2, [r3, #40]	@ 0x28
1000284e:	4282      	cmp	r2, r0
10002850:	d3f9      	bcc.n	10002846 <busy_wait_until+0xe>
10002852:	4770      	bx	lr
10002854:	40054000 	.word	0x40054000

10002858 <uart_init>:
10002858:	b5f8      	push	{r3, r4, r5, r6, r7, lr}
1000285a:	2200      	movs	r2, #0
1000285c:	0004      	movs	r4, r0
1000285e:	000d      	movs	r5, r1
10002860:	4b3b      	ldr	r3, [pc, #236]	@ (10002950 <uart_init+0xf8>)
10002862:	446b      	add	r3, sp
10002864:	601a      	str	r2, [r3, #0]
10002866:	2006      	movs	r0, #6
10002868:	f000 f986 	bl	10002b78 <clock_get_hz>
1000286c:	2800      	cmp	r0, #0
1000286e:	d044      	beq.n	100028fa <uart_init+0xa2>
10002870:	4b38      	ldr	r3, [pc, #224]	@ (10002954 <uart_init+0xfc>)
10002872:	4939      	ldr	r1, [pc, #228]	@ (10002958 <uart_init+0x100>)
10002874:	18e3      	adds	r3, r4, r3
10002876:	1e5a      	subs	r2, r3, #1
10002878:	4193      	sbcs	r3, r2
1000287a:	2280      	movs	r2, #128	@ 0x80
1000287c:	0412      	lsls	r2, r2, #16
1000287e:	4694      	mov	ip, r2
10002880:	425b      	negs	r3, r3
10002882:	0d9b      	lsrs	r3, r3, #22
10002884:	4a35      	ldr	r2, [pc, #212]	@ (1000295c <uart_init+0x104>)
10002886:	059b      	lsls	r3, r3, #22
10002888:	4463      	add	r3, ip
1000288a:	6013      	str	r3, [r2, #0]
1000288c:	4a34      	ldr	r2, [pc, #208]	@ (10002960 <uart_init+0x108>)
1000288e:	6013      	str	r3, [r2, #0]
10002890:	0018      	movs	r0, r3
10002892:	680a      	ldr	r2, [r1, #0]
10002894:	4390      	bics	r0, r2
10002896:	d1fb      	bne.n	10002890 <uart_init+0x38>
10002898:	4b2e      	ldr	r3, [pc, #184]	@ (10002954 <uart_init+0xfc>)
1000289a:	4a32      	ldr	r2, [pc, #200]	@ (10002964 <uart_init+0x10c>)
1000289c:	18e3      	adds	r3, r4, r3
1000289e:	4259      	negs	r1, r3
100028a0:	414b      	adcs	r3, r1
100028a2:	2180      	movs	r1, #128	@ 0x80
100028a4:	005b      	lsls	r3, r3, #1
100028a6:	0049      	lsls	r1, r1, #1
100028a8:	2006      	movs	r0, #6
100028aa:	5299      	strh	r1, [r3, r2]
100028ac:	f000 f964 	bl	10002b78 <clock_get_hz>
100028b0:	0029      	movs	r1, r5
100028b2:	00c0      	lsls	r0, r0, #3
100028b4:	f000 fb60 	bl	10002f78 <__wrap___aeabi_uidiv>
100028b8:	3001      	adds	r0, #1
100028ba:	09c3      	lsrs	r3, r0, #7
100028bc:	d11e      	bne.n	100028fc <uart_init+0xa4>
100028be:	2740      	movs	r7, #64	@ 0x40
100028c0:	2201      	movs	r2, #1
100028c2:	6262      	str	r2, [r4, #36]	@ 0x24
100028c4:	62a3      	str	r3, [r4, #40]	@ 0x28
100028c6:	6b26      	ldr	r6, [r4, #48]	@ 0x30
100028c8:	07f3      	lsls	r3, r6, #31
100028ca:	d422      	bmi.n	10002912 <uart_init+0xba>
100028cc:	6ae3      	ldr	r3, [r4, #44]	@ 0x2c
100028ce:	4b26      	ldr	r3, [pc, #152]	@ (10002968 <uart_init+0x110>)
100028d0:	2006      	movs	r0, #6
100028d2:	18e5      	adds	r5, r4, r3
100028d4:	2300      	movs	r3, #0
100028d6:	602b      	str	r3, [r5, #0]
100028d8:	6326      	str	r6, [r4, #48]	@ 0x30
100028da:	f000 f94d 	bl	10002b78 <clock_get_hz>
100028de:	0039      	movs	r1, r7
100028e0:	0080      	lsls	r0, r0, #2
100028e2:	f000 fb49 	bl	10002f78 <__wrap___aeabi_uidiv>
100028e6:	2370      	movs	r3, #112	@ 0x70
100028e8:	6ae2      	ldr	r2, [r4, #44]	@ 0x2c
100028ea:	405a      	eors	r2, r3
100028ec:	330e      	adds	r3, #14
100028ee:	4013      	ands	r3, r2
100028f0:	602b      	str	r3, [r5, #0]
100028f2:	4b1e      	ldr	r3, [pc, #120]	@ (1000296c <uart_init+0x114>)
100028f4:	6323      	str	r3, [r4, #48]	@ 0x30
100028f6:	2303      	movs	r3, #3
100028f8:	64a3      	str	r3, [r4, #72]	@ 0x48
100028fa:	bdf8      	pop	{r3, r4, r5, r6, r7, pc}
100028fc:	4a1c      	ldr	r2, [pc, #112]	@ (10002970 <uart_init+0x118>)
100028fe:	4293      	cmp	r3, r2
10002900:	d91e      	bls.n	10002940 <uart_init+0xe8>
10002902:	2300      	movs	r3, #0
10002904:	4a1b      	ldr	r2, [pc, #108]	@ (10002974 <uart_init+0x11c>)
10002906:	4f1c      	ldr	r7, [pc, #112]	@ (10002978 <uart_init+0x120>)
10002908:	6262      	str	r2, [r4, #36]	@ 0x24
1000290a:	62a3      	str	r3, [r4, #40]	@ 0x28
1000290c:	6b26      	ldr	r6, [r4, #48]	@ 0x30
1000290e:	07f3      	lsls	r3, r6, #31
10002910:	d5dc      	bpl.n	100028cc <uart_init+0x74>
10002912:	4b1a      	ldr	r3, [pc, #104]	@ (1000297c <uart_init+0x124>)
10002914:	4a15      	ldr	r2, [pc, #84]	@ (1000296c <uart_init+0x114>)
10002916:	18e3      	adds	r3, r4, r3
10002918:	601a      	str	r2, [r3, #0]
1000291a:	6a65      	ldr	r5, [r4, #36]	@ 0x24
1000291c:	6aa3      	ldr	r3, [r4, #40]	@ 0x28
1000291e:	2006      	movs	r0, #6
10002920:	01ad      	lsls	r5, r5, #6
10002922:	18ed      	adds	r5, r5, r3
10002924:	f000 f928 	bl	10002b78 <clock_get_hz>
10002928:	4915      	ldr	r1, [pc, #84]	@ (10002980 <uart_init+0x128>)
1000292a:	f000 fb25 	bl	10002f78 <__wrap___aeabi_uidiv>
1000292e:	02ad      	lsls	r5, r5, #10
10002930:	0001      	movs	r1, r0
10002932:	0028      	movs	r0, r5
10002934:	f000 fb20 	bl	10002f78 <__wrap___aeabi_uidiv>
10002938:	2100      	movs	r1, #0
1000293a:	f7ff ff49 	bl	100027d0 <busy_wait_us>
1000293e:	e7c5      	b.n	100028cc <uart_init+0x74>
10002940:	0640      	lsls	r0, r0, #25
10002942:	0e80      	lsrs	r0, r0, #26
10002944:	019f      	lsls	r7, r3, #6
10002946:	001a      	movs	r2, r3
10002948:	183f      	adds	r7, r7, r0
1000294a:	0003      	movs	r3, r0
1000294c:	e7b9      	b.n	100028c2 <uart_init+0x6a>
1000294e:	46c0      	nop			@ (mov r8, r8)
10002950:	ffffeed8 	.word	0xffffeed8
10002954:	bffc8000 	.word	0xbffc8000
10002958:	4000c008 	.word	0x4000c008
1000295c:	4000e000 	.word	0x4000e000
10002960:	4000f000 	.word	0x4000f000
10002964:	20002684 	.word	0x20002684
10002968:	0000102c 	.word	0x0000102c
1000296c:	00000301 	.word	0x00000301
10002970:	0000fffe 	.word	0x0000fffe
10002974:	0000ffff 	.word	0x0000ffff
10002978:	003fffc0 	.word	0x003fffc0
1000297c:	00003030 	.word	0x00003030
10002980:	00000e4e 	.word	0x00000e4e

10002984 <clock_configure_int_divider>:
10002984:	b5f8      	push	{r3, r4, r5, r6, r7, lr}
10002986:	46de      	mov	lr, fp
10002988:	464e      	mov	r6, r9
1000298a:	4645      	mov	r5, r8
1000298c:	4657      	mov	r7, sl
1000298e:	468b      	mov	fp, r1
10002990:	b5e0      	push	{r5, r6, r7, lr}
10002992:	0005      	movs	r5, r0
10002994:	0016      	movs	r6, r2
10002996:	0018      	movs	r0, r3
10002998:	2200      	movs	r2, #0
1000299a:	4b37      	ldr	r3, [pc, #220]	@ (10002a78 <clock_configure_int_divider+0xf4>)
1000299c:	446b      	add	r3, sp
1000299e:	601a      	str	r2, [r3, #0]
100029a0:	990a      	ldr	r1, [sp, #40]	@ 0x28
100029a2:	f000 fae9 	bl	10002f78 <__wrap___aeabi_uidiv>
100029a6:	9b0a      	ldr	r3, [sp, #40]	@ 0x28
100029a8:	006c      	lsls	r4, r5, #1
100029aa:	021f      	lsls	r7, r3, #8
100029ac:	4b33      	ldr	r3, [pc, #204]	@ (10002a7c <clock_configure_int_divider+0xf8>)
100029ae:	1964      	adds	r4, r4, r5
100029b0:	469c      	mov	ip, r3
100029b2:	00a4      	lsls	r4, r4, #2
100029b4:	4464      	add	r4, ip
100029b6:	6863      	ldr	r3, [r4, #4]
100029b8:	4681      	mov	r9, r0
100029ba:	429f      	cmp	r7, r3
100029bc:	d900      	bls.n	100029c0 <clock_configure_int_divider+0x3c>
100029be:	6067      	str	r7, [r4, #4]
100029c0:	1f2b      	subs	r3, r5, #4
100029c2:	b2db      	uxtb	r3, r3
100029c4:	4698      	mov	r8, r3
100029c6:	2b01      	cmp	r3, #1
100029c8:	d930      	bls.n	10002a2c <clock_configure_int_divider+0xa8>
100029ca:	23c0      	movs	r3, #192	@ 0xc0
100029cc:	2280      	movs	r2, #128	@ 0x80
100029ce:	019b      	lsls	r3, r3, #6
100029d0:	18e3      	adds	r3, r4, r3
100029d2:	0112      	lsls	r2, r2, #4
100029d4:	601a      	str	r2, [r3, #0]
100029d6:	4b2a      	ldr	r3, [pc, #168]	@ (10002a80 <clock_configure_int_divider+0xfc>)
100029d8:	00ad      	lsls	r5, r5, #2
100029da:	5959      	ldr	r1, [r3, r5]
100029dc:	469a      	mov	sl, r3
100029de:	2900      	cmp	r1, #0
100029e0:	d11b      	bne.n	10002a1a <clock_configure_int_divider+0x96>
100029e2:	0173      	lsls	r3, r6, #5
100029e4:	26e0      	movs	r6, #224	@ 0xe0
100029e6:	6822      	ldr	r2, [r4, #0]
100029e8:	4053      	eors	r3, r2
100029ea:	401e      	ands	r6, r3
100029ec:	2380      	movs	r3, #128	@ 0x80
100029ee:	4642      	mov	r2, r8
100029f0:	015b      	lsls	r3, r3, #5
100029f2:	18e3      	adds	r3, r4, r3
100029f4:	601e      	str	r6, [r3, #0]
100029f6:	2a01      	cmp	r2, #1
100029f8:	d930      	bls.n	10002a5c <clock_configure_int_divider+0xd8>
100029fa:	2380      	movs	r3, #128	@ 0x80
100029fc:	2280      	movs	r2, #128	@ 0x80
100029fe:	019b      	lsls	r3, r3, #6
10002a00:	18e3      	adds	r3, r4, r3
10002a02:	0112      	lsls	r2, r2, #4
10002a04:	601a      	str	r2, [r3, #0]
10002a06:	4653      	mov	r3, sl
10002a08:	464a      	mov	r2, r9
10002a0a:	6067      	str	r7, [r4, #4]
10002a0c:	515a      	str	r2, [r3, r5]
10002a0e:	bcf0      	pop	{r4, r5, r6, r7}
10002a10:	46bb      	mov	fp, r7
10002a12:	46b2      	mov	sl, r6
10002a14:	46a9      	mov	r9, r5
10002a16:	46a0      	mov	r8, r4
10002a18:	bdf8      	pop	{r3, r4, r5, r6, r7, pc}
10002a1a:	6958      	ldr	r0, [r3, #20]
10002a1c:	f000 faac 	bl	10002f78 <__wrap___aeabi_uidiv>
10002a20:	3001      	adds	r0, #1
10002a22:	0043      	lsls	r3, r0, #1
10002a24:	181b      	adds	r3, r3, r0
10002a26:	3b03      	subs	r3, #3
10002a28:	d2fd      	bcs.n	10002a26 <clock_configure_int_divider+0xa2>
10002a2a:	e7da      	b.n	100029e2 <clock_configure_int_divider+0x5e>
10002a2c:	465b      	mov	r3, fp
10002a2e:	2b01      	cmp	r3, #1
10002a30:	d1cb      	bne.n	100029ca <clock_configure_int_divider+0x46>
10002a32:	23c0      	movs	r3, #192	@ 0xc0
10002a34:	2203      	movs	r2, #3
10002a36:	019b      	lsls	r3, r3, #6
10002a38:	18e3      	adds	r3, r4, r3
10002a3a:	601a      	str	r2, [r3, #0]
10002a3c:	3a02      	subs	r2, #2
10002a3e:	68a3      	ldr	r3, [r4, #8]
10002a40:	421a      	tst	r2, r3
10002a42:	d0fc      	beq.n	10002a3e <clock_configure_int_divider+0xba>
10002a44:	0173      	lsls	r3, r6, #5
10002a46:	26e0      	movs	r6, #224	@ 0xe0
10002a48:	6822      	ldr	r2, [r4, #0]
10002a4a:	00ad      	lsls	r5, r5, #2
10002a4c:	4053      	eors	r3, r2
10002a4e:	401e      	ands	r6, r3
10002a50:	2380      	movs	r3, #128	@ 0x80
10002a52:	4a0b      	ldr	r2, [pc, #44]	@ (10002a80 <clock_configure_int_divider+0xfc>)
10002a54:	015b      	lsls	r3, r3, #5
10002a56:	4692      	mov	sl, r2
10002a58:	18e3      	adds	r3, r4, r3
10002a5a:	601e      	str	r6, [r3, #0]
10002a5c:	465a      	mov	r2, fp
10002a5e:	6821      	ldr	r1, [r4, #0]
10002a60:	4051      	eors	r1, r2
10002a62:	2203      	movs	r2, #3
10002a64:	400a      	ands	r2, r1
10002a66:	601a      	str	r2, [r3, #0]
10002a68:	2201      	movs	r2, #1
10002a6a:	465b      	mov	r3, fp
10002a6c:	409a      	lsls	r2, r3
10002a6e:	68a3      	ldr	r3, [r4, #8]
10002a70:	421a      	tst	r2, r3
10002a72:	d0fc      	beq.n	10002a6e <clock_configure_int_divider+0xea>
10002a74:	e7c1      	b.n	100029fa <clock_configure_int_divider+0x76>
10002a76:	46c0      	nop			@ (mov r8, r8)
10002a78:	ffffeed8 	.word	0xffffeed8
10002a7c:	40008000 	.word	0x40008000
10002a80:	20002110 	.word	0x20002110

10002a84 <clock_configure_undivided>:
10002a84:	b5f0      	push	{r4, r5, r6, r7, lr}
10002a86:	464f      	mov	r7, r9
10002a88:	4646      	mov	r6, r8
10002a8a:	46d6      	mov	lr, sl
10002a8c:	4688      	mov	r8, r1
10002a8e:	b5c0      	push	{r6, r7, lr}
10002a90:	0016      	movs	r6, r2
10002a92:	001f      	movs	r7, r3
10002a94:	2200      	movs	r2, #0
10002a96:	4b35      	ldr	r3, [pc, #212]	@ (10002b6c <clock_configure_undivided+0xe8>)
10002a98:	446b      	add	r3, sp
10002a9a:	601a      	str	r2, [r3, #0]
10002a9c:	4b34      	ldr	r3, [pc, #208]	@ (10002b70 <clock_configure_undivided+0xec>)
10002a9e:	0044      	lsls	r4, r0, #1
10002aa0:	469c      	mov	ip, r3
10002aa2:	1824      	adds	r4, r4, r0
10002aa4:	00a4      	lsls	r4, r4, #2
10002aa6:	4464      	add	r4, ip
10002aa8:	6863      	ldr	r3, [r4, #4]
10002aaa:	2bff      	cmp	r3, #255	@ 0xff
10002aac:	d802      	bhi.n	10002ab4 <clock_configure_undivided+0x30>
10002aae:	2380      	movs	r3, #128	@ 0x80
10002ab0:	005b      	lsls	r3, r3, #1
10002ab2:	6063      	str	r3, [r4, #4]
10002ab4:	1f03      	subs	r3, r0, #4
10002ab6:	b2db      	uxtb	r3, r3
10002ab8:	469a      	mov	sl, r3
10002aba:	2b01      	cmp	r3, #1
10002abc:	d930      	bls.n	10002b20 <clock_configure_undivided+0x9c>
10002abe:	23c0      	movs	r3, #192	@ 0xc0
10002ac0:	2280      	movs	r2, #128	@ 0x80
10002ac2:	019b      	lsls	r3, r3, #6
10002ac4:	18e3      	adds	r3, r4, r3
10002ac6:	0112      	lsls	r2, r2, #4
10002ac8:	601a      	str	r2, [r3, #0]
10002aca:	4b2a      	ldr	r3, [pc, #168]	@ (10002b74 <clock_configure_undivided+0xf0>)
10002acc:	0085      	lsls	r5, r0, #2
10002ace:	5959      	ldr	r1, [r3, r5]
10002ad0:	4699      	mov	r9, r3
10002ad2:	2900      	cmp	r1, #0
10002ad4:	d11b      	bne.n	10002b0e <clock_configure_undivided+0x8a>
10002ad6:	0173      	lsls	r3, r6, #5
10002ad8:	26e0      	movs	r6, #224	@ 0xe0
10002ada:	6822      	ldr	r2, [r4, #0]
10002adc:	4053      	eors	r3, r2
10002ade:	401e      	ands	r6, r3
10002ae0:	2380      	movs	r3, #128	@ 0x80
10002ae2:	4652      	mov	r2, sl
10002ae4:	015b      	lsls	r3, r3, #5
10002ae6:	18e3      	adds	r3, r4, r3
10002ae8:	601e      	str	r6, [r3, #0]
10002aea:	2a01      	cmp	r2, #1
10002aec:	d930      	bls.n	10002b50 <clock_configure_undivided+0xcc>
10002aee:	2380      	movs	r3, #128	@ 0x80
10002af0:	2280      	movs	r2, #128	@ 0x80
10002af2:	019b      	lsls	r3, r3, #6
10002af4:	18e3      	adds	r3, r4, r3
10002af6:	0112      	lsls	r2, r2, #4
10002af8:	601a      	str	r2, [r3, #0]
10002afa:	2380      	movs	r3, #128	@ 0x80
10002afc:	005b      	lsls	r3, r3, #1
10002afe:	6063      	str	r3, [r4, #4]
10002b00:	464b      	mov	r3, r9
10002b02:	515f      	str	r7, [r3, r5]
10002b04:	bce0      	pop	{r5, r6, r7}
10002b06:	46ba      	mov	sl, r7
10002b08:	46b1      	mov	r9, r6
10002b0a:	46a8      	mov	r8, r5
10002b0c:	bdf0      	pop	{r4, r5, r6, r7, pc}
10002b0e:	6958      	ldr	r0, [r3, #20]
10002b10:	f000 fa32 	bl	10002f78 <__wrap___aeabi_uidiv>
10002b14:	3001      	adds	r0, #1
10002b16:	0043      	lsls	r3, r0, #1
10002b18:	181b      	adds	r3, r3, r0
10002b1a:	3b03      	subs	r3, #3
10002b1c:	d2fd      	bcs.n	10002b1a <clock_configure_undivided+0x96>
10002b1e:	e7da      	b.n	10002ad6 <clock_configure_undivided+0x52>
10002b20:	4643      	mov	r3, r8
10002b22:	2b01      	cmp	r3, #1
10002b24:	d1cb      	bne.n	10002abe <clock_configure_undivided+0x3a>
10002b26:	23c0      	movs	r3, #192	@ 0xc0
10002b28:	2203      	movs	r2, #3
10002b2a:	019b      	lsls	r3, r3, #6
10002b2c:	18e3      	adds	r3, r4, r3
10002b2e:	601a      	str	r2, [r3, #0]
10002b30:	3a02      	subs	r2, #2
10002b32:	68a3      	ldr	r3, [r4, #8]
10002b34:	421a      	tst	r2, r3
10002b36:	d0fc      	beq.n	10002b32 <clock_configure_undivided+0xae>
10002b38:	0173      	lsls	r3, r6, #5
10002b3a:	26e0      	movs	r6, #224	@ 0xe0
10002b3c:	6822      	ldr	r2, [r4, #0]
10002b3e:	0085      	lsls	r5, r0, #2
10002b40:	4053      	eors	r3, r2
10002b42:	401e      	ands	r6, r3
10002b44:	2380      	movs	r3, #128	@ 0x80
10002b46:	4a0b      	ldr	r2, [pc, #44]	@ (10002b74 <clock_configure_undivided+0xf0>)
10002b48:	015b      	lsls	r3, r3, #5
10002b4a:	4691      	mov	r9, r2
10002b4c:	18e3      	adds	r3, r4, r3
10002b4e:	601e      	str	r6, [r3, #0]
10002b50:	4642      	mov	r2, r8
10002b52:	6821      	ldr	r1, [r4, #0]
10002b54:	4051      	eors	r1, r2
10002b56:	2203      	movs	r2, #3
10002b58:	400a      	ands	r2, r1
10002b5a:	601a      	str	r2, [r3, #0]
10002b5c:	2301      	movs	r3, #1
10002b5e:	4642      	mov	r2, r8
10002b60:	4093      	lsls	r3, r2
10002b62:	68a2      	ldr	r2, [r4, #8]
10002b64:	4213      	tst	r3, r2
10002b66:	d0fc      	beq.n	10002b62 <clock_configure_undivided+0xde>
10002b68:	e7c1      	b.n	10002aee <clock_configure_undivided+0x6a>
10002b6a:	46c0      	nop			@ (mov r8, r8)
10002b6c:	ffffeed8 	.word	0xffffeed8
10002b70:	40008000 	.word	0x40008000
10002b74:	20002110 	.word	0x20002110

10002b78 <clock_get_hz>:
10002b78:	4b01      	ldr	r3, [pc, #4]	@ (10002b80 <clock_get_hz+0x8>)
10002b7a:	0080      	lsls	r0, r0, #2
10002b7c:	58c0      	ldr	r0, [r0, r3]
10002b7e:	4770      	bx	lr
10002b80:	20002110 	.word	0x20002110

10002b84 <pll_init>:
10002b84:	b5f8      	push	{r3, r4, r5, r6, r7, lr}
10002b86:	0016      	movs	r6, r2
10002b88:	001f      	movs	r7, r3
10002b8a:	2200      	movs	r2, #0
10002b8c:	0004      	movs	r4, r0
10002b8e:	000d      	movs	r5, r1
10002b90:	4b21      	ldr	r3, [pc, #132]	@ (10002c18 <pll_init+0x94>)
10002b92:	446b      	add	r3, sp
10002b94:	601a      	str	r2, [r3, #0]
10002b96:	4821      	ldr	r0, [pc, #132]	@ (10002c1c <pll_init+0x98>)
10002b98:	f000 f9ee 	bl	10002f78 <__wrap___aeabi_uidiv>
10002b9c:	0001      	movs	r1, r0
10002b9e:	0030      	movs	r0, r6
10002ba0:	f000 f9ea 	bl	10002f78 <__wrap___aeabi_uidiv>
10002ba4:	9b06      	ldr	r3, [sp, #24]
10002ba6:	043f      	lsls	r7, r7, #16
10002ba8:	031b      	lsls	r3, r3, #12
10002baa:	431f      	orrs	r7, r3
10002bac:	6823      	ldr	r3, [r4, #0]
10002bae:	2b00      	cmp	r3, #0
10002bb0:	db20      	blt.n	10002bf4 <pll_init+0x70>
10002bb2:	4b1b      	ldr	r3, [pc, #108]	@ (10002c20 <pll_init+0x9c>)
10002bb4:	4e1b      	ldr	r6, [pc, #108]	@ (10002c24 <pll_init+0xa0>)
10002bb6:	18e2      	adds	r2, r4, r3
10002bb8:	1e53      	subs	r3, r2, #1
10002bba:	419a      	sbcs	r2, r3
10002bbc:	2380      	movs	r3, #128	@ 0x80
10002bbe:	019b      	lsls	r3, r3, #6
10002bc0:	469c      	mov	ip, r3
10002bc2:	4252      	negs	r2, r2
10002bc4:	0b12      	lsrs	r2, r2, #12
10002bc6:	4b18      	ldr	r3, [pc, #96]	@ (10002c28 <pll_init+0xa4>)
10002bc8:	0312      	lsls	r2, r2, #12
10002bca:	4462      	add	r2, ip
10002bcc:	601a      	str	r2, [r3, #0]
10002bce:	4b17      	ldr	r3, [pc, #92]	@ (10002c2c <pll_init+0xa8>)
10002bd0:	601a      	str	r2, [r3, #0]
10002bd2:	0013      	movs	r3, r2
10002bd4:	6831      	ldr	r1, [r6, #0]
10002bd6:	438b      	bics	r3, r1
10002bd8:	d1fb      	bne.n	10002bd2 <pll_init+0x4e>
10002bda:	2221      	movs	r2, #33	@ 0x21
10002bdc:	4b14      	ldr	r3, [pc, #80]	@ (10002c30 <pll_init+0xac>)
10002bde:	6025      	str	r5, [r4, #0]
10002be0:	18e3      	adds	r3, r4, r3
10002be2:	60a0      	str	r0, [r4, #8]
10002be4:	601a      	str	r2, [r3, #0]
10002be6:	6822      	ldr	r2, [r4, #0]
10002be8:	2a00      	cmp	r2, #0
10002bea:	dafc      	bge.n	10002be6 <pll_init+0x62>
10002bec:	2208      	movs	r2, #8
10002bee:	60e7      	str	r7, [r4, #12]
10002bf0:	601a      	str	r2, [r3, #0]
10002bf2:	bdf8      	pop	{r3, r4, r5, r6, r7, pc}
10002bf4:	233f      	movs	r3, #63	@ 0x3f
10002bf6:	6822      	ldr	r2, [r4, #0]
10002bf8:	4013      	ands	r3, r2
10002bfa:	42ab      	cmp	r3, r5
10002bfc:	d1d9      	bne.n	10002bb2 <pll_init+0x2e>
10002bfe:	68a3      	ldr	r3, [r4, #8]
10002c00:	051b      	lsls	r3, r3, #20
10002c02:	0d1b      	lsrs	r3, r3, #20
10002c04:	4283      	cmp	r3, r0
10002c06:	d1d4      	bne.n	10002bb2 <pll_init+0x2e>
10002c08:	22ee      	movs	r2, #238	@ 0xee
10002c0a:	68e3      	ldr	r3, [r4, #12]
10002c0c:	02d2      	lsls	r2, r2, #11
10002c0e:	4013      	ands	r3, r2
10002c10:	42bb      	cmp	r3, r7
10002c12:	d1ce      	bne.n	10002bb2 <pll_init+0x2e>
10002c14:	e7ed      	b.n	10002bf2 <pll_init+0x6e>
10002c16:	46c0      	nop			@ (mov r8, r8)
10002c18:	ffffeed8 	.word	0xffffeed8
10002c1c:	00b71b00 	.word	0x00b71b00
10002c20:	bffd4000 	.word	0xbffd4000
10002c24:	4000c008 	.word	0x4000c008
10002c28:	4000e000 	.word	0x4000e000
10002c2c:	4000f000 	.word	0x4000f000
10002c30:	00003004 	.word	0x00003004

10002c34 <tick_start>:
10002c34:	2380      	movs	r3, #128	@ 0x80
10002c36:	4a02      	ldr	r2, [pc, #8]	@ (10002c40 <tick_start+0xc>)
10002c38:	009b      	lsls	r3, r3, #2
10002c3a:	430b      	orrs	r3, r1
10002c3c:	62d3      	str	r3, [r2, #44]	@ 0x2c
10002c3e:	4770      	bx	lr
10002c40:	40058000 	.word	0x40058000

10002c44 <xosc_init>:
10002c44:	23aa      	movs	r3, #170	@ 0xaa
10002c46:	4a06      	ldr	r2, [pc, #24]	@ (10002c60 <xosc_init+0x1c>)
10002c48:	011b      	lsls	r3, r3, #4
10002c4a:	6013      	str	r3, [r2, #0]
10002c4c:	3321      	adds	r3, #33	@ 0x21
10002c4e:	33ff      	adds	r3, #255	@ 0xff
10002c50:	60d3      	str	r3, [r2, #12]
10002c52:	4904      	ldr	r1, [pc, #16]	@ (10002c64 <xosc_init+0x20>)
10002c54:	4b04      	ldr	r3, [pc, #16]	@ (10002c68 <xosc_init+0x24>)
10002c56:	6019      	str	r1, [r3, #0]
10002c58:	6853      	ldr	r3, [r2, #4]
10002c5a:	2b00      	cmp	r3, #0
10002c5c:	dafc      	bge.n	10002c58 <xosc_init+0x14>
10002c5e:	4770      	bx	lr
10002c60:	40024000 	.word	0x40024000
10002c64:	00fab000 	.word	0x00fab000
10002c68:	40026000 	.word	0x40026000

10002c6c <first_per_core_initializer>:
10002c6c:	4770      	bx	lr
10002c6e:	46c0      	nop			@ (mov r8, r8)

10002c70 <hard_assertion_failure>:
10002c70:	2200      	movs	r2, #0
10002c72:	b510      	push	{r4, lr}
10002c74:	4b02      	ldr	r3, [pc, #8]	@ (10002c80 <hard_assertion_failure+0x10>)
10002c76:	446b      	add	r3, sp
10002c78:	601a      	str	r2, [r3, #0]
10002c7a:	4802      	ldr	r0, [pc, #8]	@ (10002c84 <hard_assertion_failure+0x14>)
10002c7c:	f7fe fdce 	bl	1000181c <panic>
10002c80:	ffffeed8 	.word	0xffffeed8
10002c84:	10008458 	.word	0x10008458

10002c88 <runtime_run_initializers>:
10002c88:	2200      	movs	r2, #0
10002c8a:	b570      	push	{r4, r5, r6, lr}
10002c8c:	4b08      	ldr	r3, [pc, #32]	@ (10002cb0 <runtime_run_initializers+0x28>)
10002c8e:	446b      	add	r3, sp
10002c90:	601a      	str	r2, [r3, #0]
10002c92:	4d08      	ldr	r5, [pc, #32]	@ (10002cb4 <runtime_run_initializers+0x2c>)
10002c94:	4e08      	ldr	r6, [pc, #32]	@ (10002cb8 <runtime_run_initializers+0x30>)
10002c96:	42b5      	cmp	r5, r6
10002c98:	d209      	bcs.n	10002cae <runtime_run_initializers+0x26>
10002c9a:	2400      	movs	r4, #0
10002c9c:	3e01      	subs	r6, #1
10002c9e:	1b76      	subs	r6, r6, r5
10002ca0:	08b6      	lsrs	r6, r6, #2
10002ca2:	cd08      	ldmia	r5!, {r3}
10002ca4:	4798      	blx	r3
10002ca6:	0023      	movs	r3, r4
10002ca8:	3401      	adds	r4, #1
10002caa:	42b3      	cmp	r3, r6
10002cac:	d1f9      	bne.n	10002ca2 <runtime_run_initializers+0x1a>
10002cae:	bd70      	pop	{r4, r5, r6, pc}
10002cb0:	ffffeed8 	.word	0xffffeed8
10002cb4:	10008310 	.word	0x10008310
10002cb8:	1000834c 	.word	0x1000834c

10002cbc <runtime_run_per_core_initializers>:
10002cbc:	2200      	movs	r2, #0
10002cbe:	b570      	push	{r4, r5, r6, lr}
10002cc0:	4b08      	ldr	r3, [pc, #32]	@ (10002ce4 <runtime_run_per_core_initializers+0x28>)
10002cc2:	446b      	add	r3, sp
10002cc4:	601a      	str	r2, [r3, #0]
10002cc6:	4d08      	ldr	r5, [pc, #32]	@ (10002ce8 <runtime_run_per_core_initializers+0x2c>)
10002cc8:	4e08      	ldr	r6, [pc, #32]	@ (10002cec <runtime_run_per_core_initializers+0x30>)
10002cca:	42b5      	cmp	r5, r6
10002ccc:	d209      	bcs.n	10002ce2 <runtime_run_per_core_initializers+0x26>
10002cce:	2400      	movs	r4, #0
10002cd0:	3e01      	subs	r6, #1
10002cd2:	1b76      	subs	r6, r6, r5
10002cd4:	08b6      	lsrs	r6, r6, #2
10002cd6:	cd08      	ldmia	r5!, {r3}
10002cd8:	4798      	blx	r3
10002cda:	0023      	movs	r3, r4
10002cdc:	3401      	adds	r4, #1
10002cde:	42b3      	cmp	r3, r6
10002ce0:	d1f9      	bne.n	10002cd6 <runtime_run_per_core_initializers+0x1a>
10002ce2:	bd70      	pop	{r4, r5, r6, pc}
10002ce4:	ffffeed8 	.word	0xffffeed8
10002ce8:	10008344 	.word	0x10008344
10002cec:	1000834c 	.word	0x1000834c

10002cf0 <runtime_init_early_resets>:
10002cf0:	4b05      	ldr	r3, [pc, #20]	@ (10002d08 <runtime_init_early_resets+0x18>)
10002cf2:	4a06      	ldr	r2, [pc, #24]	@ (10002d0c <runtime_init_early_resets+0x1c>)
10002cf4:	4906      	ldr	r1, [pc, #24]	@ (10002d10 <runtime_init_early_resets+0x20>)
10002cf6:	601a      	str	r2, [r3, #0]
10002cf8:	4a06      	ldr	r2, [pc, #24]	@ (10002d14 <runtime_init_early_resets+0x24>)
10002cfa:	4b07      	ldr	r3, [pc, #28]	@ (10002d18 <runtime_init_early_resets+0x28>)
10002cfc:	601a      	str	r2, [r3, #0]
10002cfe:	0010      	movs	r0, r2
10002d00:	680b      	ldr	r3, [r1, #0]
10002d02:	4398      	bics	r0, r3
10002d04:	d1fb      	bne.n	10002cfe <runtime_init_early_resets+0xe>
10002d06:	4770      	bx	lr
10002d08:	4000e000 	.word	0x4000e000
10002d0c:	fefbcdbf 	.word	0xfefbcdbf
10002d10:	4000c008 	.word	0x4000c008
10002d14:	003c7ffe 	.word	0x003c7ffe
10002d18:	4000f000 	.word	0x4000f000

10002d1c <runtime_init_usb_power_down>:
10002d1c:	4b04      	ldr	r3, [pc, #16]	@ (10002d30 <runtime_init_usb_power_down+0x14>)
10002d1e:	6cdb      	ldr	r3, [r3, #76]	@ 0x4c
10002d20:	2b00      	cmp	r3, #0
10002d22:	d103      	bne.n	10002d2c <runtime_init_usb_power_down+0x10>
10002d24:	2280      	movs	r2, #128	@ 0x80
10002d26:	4b03      	ldr	r3, [pc, #12]	@ (10002d34 <runtime_init_usb_power_down+0x18>)
10002d28:	02d2      	lsls	r2, r2, #11
10002d2a:	601a      	str	r2, [r3, #0]
10002d2c:	4770      	bx	lr
10002d2e:	46c0      	nop			@ (mov r8, r8)
10002d30:	50110000 	.word	0x50110000
10002d34:	5011204c 	.word	0x5011204c

10002d38 <runtime_init_post_clock_resets>:
10002d38:	4a04      	ldr	r2, [pc, #16]	@ (10002d4c <runtime_init_post_clock_resets+0x14>)
10002d3a:	4b05      	ldr	r3, [pc, #20]	@ (10002d50 <runtime_init_post_clock_resets+0x18>)
10002d3c:	601a      	str	r2, [r3, #0]
10002d3e:	4a05      	ldr	r2, [pc, #20]	@ (10002d54 <runtime_init_post_clock_resets+0x1c>)
10002d40:	6813      	ldr	r3, [r2, #0]
10002d42:	01db      	lsls	r3, r3, #7
10002d44:	3380      	adds	r3, #128	@ 0x80
10002d46:	d1fb      	bne.n	10002d40 <runtime_init_post_clock_resets+0x8>
10002d48:	4770      	bx	lr
10002d4a:	46c0      	nop			@ (mov r8, r8)
10002d4c:	01ffffff 	.word	0x01ffffff
10002d50:	4000f000 	.word	0x4000f000
10002d54:	4000c008 	.word	0x4000c008

10002d58 <runtime_init_rp2040_gpio_ie_disable>:
10002d58:	2240      	movs	r2, #64	@ 0x40
10002d5a:	4b03      	ldr	r3, [pc, #12]	@ (10002d68 <runtime_init_rp2040_gpio_ie_disable+0x10>)
10002d5c:	679a      	str	r2, [r3, #120]	@ 0x78
10002d5e:	675a      	str	r2, [r3, #116]	@ 0x74
10002d60:	671a      	str	r2, [r3, #112]	@ 0x70
10002d62:	66da      	str	r2, [r3, #108]	@ 0x6c
10002d64:	4770      	bx	lr
10002d66:	46c0      	nop			@ (mov r8, r8)
10002d68:	4001f000 	.word	0x4001f000

10002d6c <runtime_init_spin_locks_reset>:
10002d6c:	2200      	movs	r2, #0
10002d6e:	b510      	push	{r4, lr}
10002d70:	4b02      	ldr	r3, [pc, #8]	@ (10002d7c <runtime_init_spin_locks_reset+0x10>)
10002d72:	446b      	add	r3, sp
10002d74:	601a      	str	r2, [r3, #0]
10002d76:	f7fe fe0f 	bl	10001998 <spin_locks_reset>
10002d7a:	bd10      	pop	{r4, pc}
10002d7c:	ffffeed8 	.word	0xffffeed8

10002d80 <runtime_init_install_ram_vector_table>:
10002d80:	2200      	movs	r2, #0
10002d82:	b570      	push	{r4, r5, r6, lr}
10002d84:	4b05      	ldr	r3, [pc, #20]	@ (10002d9c <runtime_init_install_ram_vector_table+0x1c>)
10002d86:	446b      	add	r3, sp
10002d88:	601a      	str	r2, [r3, #0]
10002d8a:	4d05      	ldr	r5, [pc, #20]	@ (10002da0 <runtime_init_install_ram_vector_table+0x20>)
10002d8c:	4c05      	ldr	r4, [pc, #20]	@ (10002da4 <runtime_init_install_ram_vector_table+0x24>)
10002d8e:	68a9      	ldr	r1, [r5, #8]
10002d90:	0020      	movs	r0, r4
10002d92:	32c0      	adds	r2, #192	@ 0xc0
10002d94:	f000 fffe 	bl	10003d94 <__wrap___aeabi_memcpy>
10002d98:	60ac      	str	r4, [r5, #8]
10002d9a:	bd70      	pop	{r4, r5, r6, pc}
10002d9c:	ffffeed8 	.word	0xffffeed8
10002da0:	e000ed00 	.word	0xe000ed00
10002da4:	20000000 	.word	0x20000000

10002da8 <runtime_init_clocks>:
10002da8:	2300      	movs	r3, #0
10002daa:	b510      	push	{r4, lr}
10002dac:	4a2b      	ldr	r2, [pc, #172]	@ (10002e5c <runtime_init_clocks+0xb4>)
10002dae:	b082      	sub	sp, #8
10002db0:	446a      	add	r2, sp
10002db2:	6013      	str	r3, [r2, #0]
10002db4:	4c2a      	ldr	r4, [pc, #168]	@ (10002e60 <runtime_init_clocks+0xb8>)
10002db6:	67a3      	str	r3, [r4, #120]	@ 0x78
10002db8:	f7ff ff44 	bl	10002c44 <xosc_init>
10002dbc:	2201      	movs	r2, #1
10002dbe:	4b29      	ldr	r3, [pc, #164]	@ (10002e64 <runtime_init_clocks+0xbc>)
10002dc0:	601a      	str	r2, [r3, #0]
10002dc2:	6c63      	ldr	r3, [r4, #68]	@ 0x44
10002dc4:	2b01      	cmp	r3, #1
10002dc6:	d1fc      	bne.n	10002dc2 <runtime_init_clocks+0x1a>
10002dc8:	2203      	movs	r2, #3
10002dca:	4b27      	ldr	r3, [pc, #156]	@ (10002e68 <runtime_init_clocks+0xc0>)
10002dcc:	601a      	str	r2, [r3, #0]
10002dce:	4a24      	ldr	r2, [pc, #144]	@ (10002e60 <runtime_init_clocks+0xb8>)
10002dd0:	6b93      	ldr	r3, [r2, #56]	@ 0x38
10002dd2:	2b01      	cmp	r3, #1
10002dd4:	d1fc      	bne.n	10002dd0 <runtime_init_clocks+0x28>
10002dd6:	3301      	adds	r3, #1
10002dd8:	9300      	str	r3, [sp, #0]
10002dda:	2101      	movs	r1, #1
10002ddc:	4a23      	ldr	r2, [pc, #140]	@ (10002e6c <runtime_init_clocks+0xc4>)
10002dde:	4824      	ldr	r0, [pc, #144]	@ (10002e70 <runtime_init_clocks+0xc8>)
10002de0:	3304      	adds	r3, #4
10002de2:	f7ff fecf 	bl	10002b84 <pll_init>
10002de6:	2305      	movs	r3, #5
10002de8:	2101      	movs	r1, #1
10002dea:	9300      	str	r3, [sp, #0]
10002dec:	4a21      	ldr	r2, [pc, #132]	@ (10002e74 <runtime_init_clocks+0xcc>)
10002dee:	4822      	ldr	r0, [pc, #136]	@ (10002e78 <runtime_init_clocks+0xd0>)
10002df0:	f7ff fec8 	bl	10002b84 <pll_init>
10002df4:	2200      	movs	r2, #0
10002df6:	2102      	movs	r1, #2
10002df8:	2004      	movs	r0, #4
10002dfa:	4b20      	ldr	r3, [pc, #128]	@ (10002e7c <runtime_init_clocks+0xd4>)
10002dfc:	f7ff fe42 	bl	10002a84 <clock_configure_undivided>
10002e00:	2200      	movs	r2, #0
10002e02:	2101      	movs	r1, #1
10002e04:	2005      	movs	r0, #5
10002e06:	4b1e      	ldr	r3, [pc, #120]	@ (10002e80 <runtime_init_clocks+0xd8>)
10002e08:	f7ff fe3c 	bl	10002a84 <clock_configure_undivided>
10002e0c:	2200      	movs	r2, #0
10002e0e:	2100      	movs	r1, #0
10002e10:	2007      	movs	r0, #7
10002e12:	4b1c      	ldr	r3, [pc, #112]	@ (10002e84 <runtime_init_clocks+0xdc>)
10002e14:	f7ff fe36 	bl	10002a84 <clock_configure_undivided>
10002e18:	2200      	movs	r2, #0
10002e1a:	2100      	movs	r1, #0
10002e1c:	2008      	movs	r0, #8
10002e1e:	4b19      	ldr	r3, [pc, #100]	@ (10002e84 <runtime_init_clocks+0xdc>)
10002e20:	f7ff fe30 	bl	10002a84 <clock_configure_undivided>
10002e24:	2380      	movs	r3, #128	@ 0x80
10002e26:	00db      	lsls	r3, r3, #3
10002e28:	9300      	str	r3, [sp, #0]
10002e2a:	2200      	movs	r2, #0
10002e2c:	2100      	movs	r1, #0
10002e2e:	2009      	movs	r0, #9
10002e30:	4b14      	ldr	r3, [pc, #80]	@ (10002e84 <runtime_init_clocks+0xdc>)
10002e32:	f7ff fda7 	bl	10002984 <clock_configure_int_divider>
10002e36:	2200      	movs	r2, #0
10002e38:	4b11      	ldr	r3, [pc, #68]	@ (10002e80 <runtime_init_clocks+0xd8>)
10002e3a:	2100      	movs	r1, #0
10002e3c:	2006      	movs	r0, #6
10002e3e:	f7ff fe21 	bl	10002a84 <clock_configure_undivided>
10002e42:	2004      	movs	r0, #4
10002e44:	f7ff fe98 	bl	10002b78 <clock_get_hz>
10002e48:	490f      	ldr	r1, [pc, #60]	@ (10002e88 <runtime_init_clocks+0xe0>)
10002e4a:	f000 f895 	bl	10002f78 <__wrap___aeabi_uidiv>
10002e4e:	0001      	movs	r1, r0
10002e50:	2000      	movs	r0, #0
10002e52:	f7ff feef 	bl	10002c34 <tick_start>
10002e56:	b002      	add	sp, #8
10002e58:	bd10      	pop	{r4, pc}
10002e5a:	46c0      	nop			@ (mov r8, r8)
10002e5c:	ffffeed8 	.word	0xffffeed8
10002e60:	40008000 	.word	0x40008000
10002e64:	4000b03c 	.word	0x4000b03c
10002e68:	4000b030 	.word	0x4000b030
10002e6c:	59682f00 	.word	0x59682f00
10002e70:	40028000 	.word	0x40028000
10002e74:	47868c00 	.word	0x47868c00
10002e78:	4002c000 	.word	0x4002c000
10002e7c:	00b71b00 	.word	0x00b71b00
10002e80:	07735940 	.word	0x07735940
10002e84:	02dc6c00 	.word	0x02dc6c00
10002e88:	000f4240 	.word	0x000f4240

10002e8c <__aeabi_bits_init>:
10002e8c:	4801      	ldr	r0, [pc, #4]	@ (10002e94 <__aeabi_bits_init+0x8>)
10002e8e:	2104      	movs	r1, #4
10002e90:	4b01      	ldr	r3, [pc, #4]	@ (10002e98 <__aeabi_bits_init+0xc>)
10002e92:	4718      	bx	r3
10002e94:	200011a0 	.word	0x200011a0
10002e98:	10002ed5 	.word	0x10002ed5

10002e9c <rom_func_lookup>:
10002e9c:	2200      	movs	r2, #0
10002e9e:	0001      	movs	r1, r0
10002ea0:	b510      	push	{r4, lr}
10002ea2:	4b04      	ldr	r3, [pc, #16]	@ (10002eb4 <rom_func_lookup+0x18>)
10002ea4:	446b      	add	r3, sp
10002ea6:	601a      	str	r2, [r3, #0]
10002ea8:	2314      	movs	r3, #20
10002eaa:	8818      	ldrh	r0, [r3, #0]
10002eac:	3304      	adds	r3, #4
10002eae:	881b      	ldrh	r3, [r3, #0]
10002eb0:	4798      	blx	r3
10002eb2:	bd10      	pop	{r4, pc}
10002eb4:	ffffeed8 	.word	0xffffeed8

10002eb8 <rom_data_lookup>:
10002eb8:	2200      	movs	r2, #0
10002eba:	0001      	movs	r1, r0
10002ebc:	b510      	push	{r4, lr}
10002ebe:	4b04      	ldr	r3, [pc, #16]	@ (10002ed0 <rom_data_lookup+0x18>)
10002ec0:	446b      	add	r3, sp
10002ec2:	601a      	str	r2, [r3, #0]
10002ec4:	2316      	movs	r3, #22
10002ec6:	8818      	ldrh	r0, [r3, #0]
10002ec8:	3302      	adds	r3, #2
10002eca:	881b      	ldrh	r3, [r3, #0]
10002ecc:	4798      	blx	r3
10002ece:	bd10      	pop	{r4, pc}
10002ed0:	ffffeed8 	.word	0xffffeed8

10002ed4 <rom_funcs_lookup>:
10002ed4:	b5f8      	push	{r3, r4, r5, r6, r7, lr}
10002ed6:	4647      	mov	r7, r8
10002ed8:	46ce      	mov	lr, r9
10002eda:	2200      	movs	r2, #0
10002edc:	b580      	push	{r7, lr}
10002ede:	000f      	movs	r7, r1
10002ee0:	4b10      	ldr	r3, [pc, #64]	@ (10002f24 <rom_funcs_lookup+0x50>)
10002ee2:	446b      	add	r3, sp
10002ee4:	601a      	str	r2, [r3, #0]
10002ee6:	2900      	cmp	r1, #0
10002ee8:	d019      	beq.n	10002f1e <rom_funcs_lookup+0x4a>
10002eea:	2314      	movs	r3, #20
10002eec:	4699      	mov	r9, r3
10002eee:	3304      	adds	r3, #4
10002ef0:	0004      	movs	r4, r0
10002ef2:	2500      	movs	r5, #0
10002ef4:	2601      	movs	r6, #1
10002ef6:	4698      	mov	r8, r3
10002ef8:	464b      	mov	r3, r9
10002efa:	8818      	ldrh	r0, [r3, #0]
10002efc:	4643      	mov	r3, r8
10002efe:	6821      	ldr	r1, [r4, #0]
10002f00:	881b      	ldrh	r3, [r3, #0]
10002f02:	4798      	blx	r3
10002f04:	c401      	stmia	r4!, {r0}
10002f06:	1e43      	subs	r3, r0, #1
10002f08:	4198      	sbcs	r0, r3
10002f0a:	3501      	adds	r5, #1
10002f0c:	4240      	negs	r0, r0
10002f0e:	4006      	ands	r6, r0
10002f10:	42af      	cmp	r7, r5
10002f12:	d1f1      	bne.n	10002ef8 <rom_funcs_lookup+0x24>
10002f14:	0030      	movs	r0, r6
10002f16:	bcc0      	pop	{r6, r7}
10002f18:	46b9      	mov	r9, r7
10002f1a:	46b0      	mov	r8, r6
10002f1c:	bdf8      	pop	{r3, r4, r5, r6, r7, pc}
10002f1e:	2601      	movs	r6, #1
10002f20:	e7f8      	b.n	10002f14 <rom_funcs_lookup+0x40>
10002f22:	46c0      	nop			@ (mov r8, r8)
10002f24:	ffffeed8 	.word	0xffffeed8

10002f28 <__wrap___aeabi_idiv>:
10002f28:	4a12      	ldr	r2, [pc, #72]	@ (10002f74 <divmod_s32s32_savestate+0x18>)
10002f2a:	6f93      	ldr	r3, [r2, #120]	@ 0x78
10002f2c:	089b      	lsrs	r3, r3, #2
10002f2e:	d215      	bcs.n	10002f5c <divmod_s32s32_savestate>

10002f30 <divmod_s32s32_unsafe>:
10002f30:	6690      	str	r0, [r2, #104]	@ 0x68
10002f32:	66d1      	str	r1, [r2, #108]	@ 0x6c
10002f34:	2900      	cmp	r1, #0
10002f36:	d005      	beq.n	10002f44 <divmod_s32s32_unsafe+0x14>
10002f38:	e7ff      	b.n	10002f3a <divmod_s32s32_unsafe+0xa>
10002f3a:	e7ff      	b.n	10002f3c <divmod_s32s32_unsafe+0xc>
10002f3c:	e7ff      	b.n	10002f3e <divmod_s32s32_unsafe+0xe>
10002f3e:	6f51      	ldr	r1, [r2, #116]	@ 0x74
10002f40:	6f10      	ldr	r0, [r2, #112]	@ 0x70
10002f42:	4770      	bx	lr
10002f44:	b504      	push	{r2, lr}
10002f46:	2180      	movs	r1, #128	@ 0x80
10002f48:	0609      	lsls	r1, r1, #24
10002f4a:	17c2      	asrs	r2, r0, #31
10002f4c:	4051      	eors	r1, r2
10002f4e:	2800      	cmp	r0, #0
10002f50:	d000      	beq.n	10002f54 <divmod_s32s32_unsafe+0x24>
10002f52:	43c8      	mvns	r0, r1
10002f54:	f005 f9ac 	bl	100082b0 <____aeabi_idiv0_veneer>
10002f58:	2100      	movs	r1, #0
10002f5a:	bd04      	pop	{r2, pc}

10002f5c <divmod_s32s32_savestate>:
10002f5c:	b5f0      	push	{r4, r5, r6, r7, lr}
10002f5e:	6e14      	ldr	r4, [r2, #96]	@ 0x60
10002f60:	6e55      	ldr	r5, [r2, #100]	@ 0x64
10002f62:	6f57      	ldr	r7, [r2, #116]	@ 0x74
10002f64:	6f16      	ldr	r6, [r2, #112]	@ 0x70
10002f66:	f7ff ffe3 	bl	10002f30 <divmod_s32s32_unsafe>
10002f6a:	6614      	str	r4, [r2, #96]	@ 0x60
10002f6c:	6655      	str	r5, [r2, #100]	@ 0x64
10002f6e:	6757      	str	r7, [r2, #116]	@ 0x74
10002f70:	6716      	str	r6, [r2, #112]	@ 0x70
10002f72:	bdf0      	pop	{r4, r5, r6, r7, pc}
10002f74:	d0000000 	.word	0xd0000000

10002f78 <__wrap___aeabi_uidiv>:
10002f78:	4a11      	ldr	r2, [pc, #68]	@ (10002fc0 <divmod_u32u32_savestate+0x18>)
10002f7a:	6f93      	ldr	r3, [r2, #120]	@ 0x78
10002f7c:	089b      	lsrs	r3, r3, #2
10002f7e:	d213      	bcs.n	10002fa8 <divmod_u32u32_savestate>

10002f80 <divmod_u32u32_unsafe>:
10002f80:	6610      	str	r0, [r2, #96]	@ 0x60
10002f82:	6651      	str	r1, [r2, #100]	@ 0x64
10002f84:	2900      	cmp	r1, #0
10002f86:	d005      	beq.n	10002f94 <divmod_u32u32_unsafe+0x14>
10002f88:	e7ff      	b.n	10002f8a <divmod_u32u32_unsafe+0xa>
10002f8a:	e7ff      	b.n	10002f8c <divmod_u32u32_unsafe+0xc>
10002f8c:	e7ff      	b.n	10002f8e <divmod_u32u32_unsafe+0xe>
10002f8e:	6f51      	ldr	r1, [r2, #116]	@ 0x74
10002f90:	6f10      	ldr	r0, [r2, #112]	@ 0x70
10002f92:	4770      	bx	lr
10002f94:	b504      	push	{r2, lr}
10002f96:	2800      	cmp	r0, #0
10002f98:	d001      	beq.n	10002f9e <divmod_u32u32_unsafe+0x1e>
10002f9a:	2000      	movs	r0, #0
10002f9c:	43c0      	mvns	r0, r0
10002f9e:	f005 f987 	bl	100082b0 <____aeabi_idiv0_veneer>
10002fa2:	2100      	movs	r1, #0
10002fa4:	bd04      	pop	{r2, pc}
10002fa6:	46c0      	nop			@ (mov r8, r8)

10002fa8 <divmod_u32u32_savestate>:
10002fa8:	b5f0      	push	{r4, r5, r6, r7, lr}
10002faa:	6e14      	ldr	r4, [r2, #96]	@ 0x60
10002fac:	6e55      	ldr	r5, [r2, #100]	@ 0x64
10002fae:	6f57      	ldr	r7, [r2, #116]	@ 0x74
10002fb0:	6f16      	ldr	r6, [r2, #112]	@ 0x70
10002fb2:	f7ff ffe5 	bl	10002f80 <divmod_u32u32_unsafe>
10002fb6:	6614      	str	r4, [r2, #96]	@ 0x60
10002fb8:	6655      	str	r5, [r2, #100]	@ 0x64
10002fba:	6757      	str	r7, [r2, #116]	@ 0x74
10002fbc:	6716      	str	r6, [r2, #112]	@ 0x70
10002fbe:	bdf0      	pop	{r4, r5, r6, r7, pc}
10002fc0:	d0000000 	.word	0xd0000000

10002fc4 <__wrap___aeabi_ldivmod>:
10002fc4:	4694      	mov	ip, r2
10002fc6:	4a4a      	ldr	r2, [pc, #296]	@ (100030f0 <udiv0+0x1a>)
10002fc8:	6f92      	ldr	r2, [r2, #120]	@ 0x78
10002fca:	0892      	lsrs	r2, r2, #2
10002fcc:	4662      	mov	r2, ip
10002fce:	d201      	bcs.n	10002fd4 <divmod_s64s64_savestate>
10002fd0:	e028      	b.n	10003024 <divmod_s64s64_unsafe>
10002fd2:	46c0      	nop			@ (mov r8, r8)

10002fd4 <divmod_s64s64_savestate>:
10002fd4:	b5f0      	push	{r4, r5, r6, r7, lr}
10002fd6:	4e46      	ldr	r6, [pc, #280]	@ (100030f0 <udiv0+0x1a>)
10002fd8:	6e34      	ldr	r4, [r6, #96]	@ 0x60
10002fda:	6e75      	ldr	r5, [r6, #100]	@ 0x64
10002fdc:	6f77      	ldr	r7, [r6, #116]	@ 0x74
10002fde:	6f36      	ldr	r6, [r6, #112]	@ 0x70
10002fe0:	f000 f820 	bl	10003024 <divmod_s64s64_unsafe>
10002fe4:	4694      	mov	ip, r2
10002fe6:	4a42      	ldr	r2, [pc, #264]	@ (100030f0 <udiv0+0x1a>)
10002fe8:	6614      	str	r4, [r2, #96]	@ 0x60
10002fea:	6655      	str	r5, [r2, #100]	@ 0x64
10002fec:	6757      	str	r7, [r2, #116]	@ 0x74
10002fee:	6716      	str	r6, [r2, #112]	@ 0x70
10002ff0:	4662      	mov	r2, ip
10002ff2:	bdf0      	pop	{r4, r5, r6, r7, pc}

10002ff4 <__wrap___aeabi_uldivmod>:
10002ff4:	4694      	mov	ip, r2
10002ff6:	4a3e      	ldr	r2, [pc, #248]	@ (100030f0 <udiv0+0x1a>)
10002ff8:	6f92      	ldr	r2, [r2, #120]	@ 0x78
10002ffa:	0892      	lsrs	r2, r2, #2
10002ffc:	4662      	mov	r2, ip
10002ffe:	d201      	bcs.n	10003004 <divmod_u64u64_savestate>
10003000:	e054      	b.n	100030ac <divmod_u64u64_unsafe>
10003002:	46c0      	nop			@ (mov r8, r8)

10003004 <divmod_u64u64_savestate>:
10003004:	b5f0      	push	{r4, r5, r6, r7, lr}
10003006:	4e3a      	ldr	r6, [pc, #232]	@ (100030f0 <udiv0+0x1a>)
10003008:	6e34      	ldr	r4, [r6, #96]	@ 0x60
1000300a:	6e75      	ldr	r5, [r6, #100]	@ 0x64
1000300c:	6f77      	ldr	r7, [r6, #116]	@ 0x74
1000300e:	6f36      	ldr	r6, [r6, #112]	@ 0x70
10003010:	f000 f84c 	bl	100030ac <divmod_u64u64_unsafe>
10003014:	4694      	mov	ip, r2
10003016:	4a36      	ldr	r2, [pc, #216]	@ (100030f0 <udiv0+0x1a>)
10003018:	6614      	str	r4, [r2, #96]	@ 0x60
1000301a:	6655      	str	r5, [r2, #100]	@ 0x64
1000301c:	6757      	str	r7, [r2, #116]	@ 0x74
1000301e:	6716      	str	r6, [r2, #112]	@ 0x70
10003020:	4662      	mov	r2, ip
10003022:	bdf0      	pop	{r4, r5, r6, r7, pc}

10003024 <divmod_s64s64_unsafe>:
10003024:	2b00      	cmp	r3, #0
10003026:	db24      	blt.n	10003072 <l42_1+0x26>
10003028:	d011      	beq.n	1000304e <l42_1+0x2>
1000302a:	2900      	cmp	r1, #0
1000302c:	da3e      	bge.n	100030ac <divmod_u64u64_unsafe>
1000302e:	b500      	push	{lr}
10003030:	43c9      	mvns	r1, r1
10003032:	4240      	negs	r0, r0
10003034:	d100      	bne.n	10003038 <l40_1>
10003036:	3101      	adds	r1, #1

10003038 <l40_1>:
10003038:	f000 f838 	bl	100030ac <divmod_u64u64_unsafe>
1000303c:	43c9      	mvns	r1, r1
1000303e:	4240      	negs	r0, r0
10003040:	d100      	bne.n	10003044 <l41_1>
10003042:	3101      	adds	r1, #1

10003044 <l41_1>:
10003044:	43db      	mvns	r3, r3
10003046:	4252      	negs	r2, r2
10003048:	d100      	bne.n	1000304c <l42_1>
1000304a:	3301      	adds	r3, #1

1000304c <l42_1>:
1000304c:	bd00      	pop	{pc}
1000304e:	2a00      	cmp	r2, #0
10003050:	d1eb      	bne.n	1000302a <divmod_s64s64_unsafe+0x6>
10003052:	2800      	cmp	r0, #0
10003054:	d101      	bne.n	1000305a <l42_1+0xe>
10003056:	2900      	cmp	r1, #0
10003058:	d005      	beq.n	10003066 <l42_1+0x1a>
1000305a:	2000      	movs	r0, #0
1000305c:	0fc9      	lsrs	r1, r1, #31
1000305e:	07c9      	lsls	r1, r1, #31
10003060:	d101      	bne.n	10003066 <l42_1+0x1a>
10003062:	43c0      	mvns	r0, r0
10003064:	0841      	lsrs	r1, r0, #1
10003066:	b500      	push	{lr}
10003068:	f005 f912 	bl	10008290 <____aeabi_ldiv0_veneer>
1000306c:	2200      	movs	r2, #0
1000306e:	2300      	movs	r3, #0
10003070:	bd00      	pop	{pc}
10003072:	b500      	push	{lr}
10003074:	2900      	cmp	r1, #0
10003076:	db0a      	blt.n	1000308e <l44_1+0x2>
10003078:	43db      	mvns	r3, r3
1000307a:	4252      	negs	r2, r2
1000307c:	d100      	bne.n	10003080 <l43_1>
1000307e:	3301      	adds	r3, #1

10003080 <l43_1>:
10003080:	f000 f814 	bl	100030ac <divmod_u64u64_unsafe>
10003084:	43c9      	mvns	r1, r1
10003086:	4240      	negs	r0, r0
10003088:	d100      	bne.n	1000308c <l44_1>
1000308a:	3101      	adds	r1, #1

1000308c <l44_1>:
1000308c:	bd00      	pop	{pc}
1000308e:	43c9      	mvns	r1, r1
10003090:	4240      	negs	r0, r0
10003092:	d100      	bne.n	10003096 <l45_1>
10003094:	3101      	adds	r1, #1

10003096 <l45_1>:
10003096:	43db      	mvns	r3, r3
10003098:	4252      	negs	r2, r2
1000309a:	d100      	bne.n	1000309e <l46_1>
1000309c:	3301      	adds	r3, #1

1000309e <l46_1>:
1000309e:	f000 f805 	bl	100030ac <divmod_u64u64_unsafe>
100030a2:	43db      	mvns	r3, r3
100030a4:	4252      	negs	r2, r2
100030a6:	d100      	bne.n	100030aa <l47_1>
100030a8:	3301      	adds	r3, #1

100030aa <l47_1>:
100030aa:	bd00      	pop	{pc}

100030ac <divmod_u64u64_unsafe>:
100030ac:	2900      	cmp	r1, #0
100030ae:	d123      	bne.n	100030f8 <y64>
100030b0:	2b00      	cmp	r3, #0
100030b2:	d118      	bne.n	100030e6 <udiv0+0x10>
100030b4:	2a00      	cmp	r2, #0
100030b6:	d00c      	beq.n	100030d2 <divmod_u64u64_unsafe+0x26>
100030b8:	46bc      	mov	ip, r7
100030ba:	4f0d      	ldr	r7, [pc, #52]	@ (100030f0 <udiv0+0x1a>)
100030bc:	6638      	str	r0, [r7, #96]	@ 0x60
100030be:	667a      	str	r2, [r7, #100]	@ 0x64
100030c0:	2100      	movs	r1, #0
100030c2:	2300      	movs	r3, #0
100030c4:	e7ff      	b.n	100030c6 <divmod_u64u64_unsafe+0x1a>
100030c6:	e7ff      	b.n	100030c8 <divmod_u64u64_unsafe+0x1c>
100030c8:	e7ff      	b.n	100030ca <divmod_u64u64_unsafe+0x1e>
100030ca:	6f7a      	ldr	r2, [r7, #116]	@ 0x74
100030cc:	6f38      	ldr	r0, [r7, #112]	@ 0x70
100030ce:	4667      	mov	r7, ip
100030d0:	4770      	bx	lr
100030d2:	2800      	cmp	r0, #0
100030d4:	d001      	beq.n	100030da <udiv0+0x4>

100030d6 <udiv0>:
100030d6:	4807      	ldr	r0, [pc, #28]	@ (100030f4 <udiv0+0x1e>)
100030d8:	0001      	movs	r1, r0
100030da:	b500      	push	{lr}
100030dc:	f005 f8d8 	bl	10008290 <____aeabi_ldiv0_veneer>
100030e0:	2200      	movs	r2, #0
100030e2:	2300      	movs	r3, #0
100030e4:	bd00      	pop	{pc}
100030e6:	0002      	movs	r2, r0
100030e8:	000b      	movs	r3, r1
100030ea:	2000      	movs	r0, #0
100030ec:	2100      	movs	r1, #0
100030ee:	4770      	bx	lr
100030f0:	d0000000 	.word	0xd0000000
100030f4:	ffffffff 	.word	0xffffffff

100030f8 <y64>:
100030f8:	2b00      	cmp	r3, #0
100030fa:	d000      	beq.n	100030fe <y64+0x6>
100030fc:	e0bf      	b.n	1000327e <y64_x48>
100030fe:	0c13      	lsrs	r3, r2, #16
10003100:	d128      	bne.n	10003154 <y64_x32>
10003102:	2a00      	cmp	r2, #0
10003104:	d0e7      	beq.n	100030d6 <udiv0>
10003106:	b480      	push	{r7}
10003108:	4f11      	ldr	r7, [pc, #68]	@ (10003150 <y64+0x58>)
1000310a:	6639      	str	r1, [r7, #96]	@ 0x60
1000310c:	667a      	str	r2, [r7, #100]	@ 0x64
1000310e:	e7ff      	b.n	10003110 <y64+0x18>
10003110:	e7ff      	b.n	10003112 <y64+0x1a>
10003112:	b430      	push	{r4, r5}
10003114:	0c04      	lsrs	r4, r0, #16
10003116:	6f7b      	ldr	r3, [r7, #116]	@ 0x74
10003118:	6f39      	ldr	r1, [r7, #112]	@ 0x70
1000311a:	041b      	lsls	r3, r3, #16
1000311c:	4323      	orrs	r3, r4
1000311e:	663b      	str	r3, [r7, #96]	@ 0x60
10003120:	667a      	str	r2, [r7, #100]	@ 0x64
10003122:	e7ff      	b.n	10003124 <y64+0x2c>
10003124:	e7ff      	b.n	10003126 <y64+0x2e>
10003126:	e7ff      	b.n	10003128 <y64+0x30>
10003128:	46c0      	nop			@ (mov r8, r8)
1000312a:	b284      	uxth	r4, r0
1000312c:	6f7b      	ldr	r3, [r7, #116]	@ 0x74
1000312e:	6f3d      	ldr	r5, [r7, #112]	@ 0x70
10003130:	041b      	lsls	r3, r3, #16
10003132:	4323      	orrs	r3, r4
10003134:	663b      	str	r3, [r7, #96]	@ 0x60
10003136:	667a      	str	r2, [r7, #100]	@ 0x64
10003138:	e7ff      	b.n	1000313a <y64+0x42>
1000313a:	e7ff      	b.n	1000313c <y64+0x44>
1000313c:	46c0      	nop			@ (mov r8, r8)
1000313e:	2300      	movs	r3, #0
10003140:	042c      	lsls	r4, r5, #16
10003142:	0c2d      	lsrs	r5, r5, #16
10003144:	6f7a      	ldr	r2, [r7, #116]	@ 0x74
10003146:	6f38      	ldr	r0, [r7, #112]	@ 0x70
10003148:	1900      	adds	r0, r0, r4
1000314a:	4169      	adcs	r1, r5
1000314c:	bcb0      	pop	{r4, r5, r7}
1000314e:	4770      	bx	lr
10003150:	d0000000 	.word	0xd0000000

10003154 <y64_x32>:
10003154:	b5f0      	push	{r4, r5, r6, r7, lr}
10003156:	4694      	mov	ip, r2
10003158:	2500      	movs	r5, #0
1000315a:	0e14      	lsrs	r4, r2, #24
1000315c:	d101      	bne.n	10003162 <y64_x32+0xe>
1000315e:	0212      	lsls	r2, r2, #8
10003160:	3508      	adds	r5, #8
10003162:	0f14      	lsrs	r4, r2, #28
10003164:	d101      	bne.n	1000316a <y64_x32+0x16>
10003166:	0112      	lsls	r2, r2, #4
10003168:	3504      	adds	r5, #4
1000316a:	0f94      	lsrs	r4, r2, #30
1000316c:	d101      	bne.n	10003172 <y64_x32+0x1e>
1000316e:	0092      	lsls	r2, r2, #2
10003170:	3502      	adds	r5, #2
10003172:	0fd4      	lsrs	r4, r2, #31
10003174:	d101      	bne.n	1000317a <y64_x32+0x26>
10003176:	0052      	lsls	r2, r2, #1
10003178:	3501      	adds	r5, #1
1000317a:	0bd4      	lsrs	r4, r2, #15
1000317c:	3401      	adds	r4, #1
1000317e:	4f25      	ldr	r7, [pc, #148]	@ (10003214 <y64_x32+0xc0>)
10003180:	667c      	str	r4, [r7, #100]	@ 0x64
10003182:	4c25      	ldr	r4, [pc, #148]	@ (10003218 <y64_x32+0xc4>)
10003184:	663c      	str	r4, [r7, #96]	@ 0x60
10003186:	0c0e      	lsrs	r6, r1, #16
10003188:	b293      	uxth	r3, r2
1000318a:	e7ff      	b.n	1000318c <y64_x32+0x38>
1000318c:	e7ff      	b.n	1000318e <y64_x32+0x3a>
1000318e:	e7ff      	b.n	10003190 <y64_x32+0x3c>
10003190:	6f3c      	ldr	r4, [r7, #112]	@ 0x70
10003192:	4366      	muls	r6, r4
10003194:	0c36      	lsrs	r6, r6, #16
10003196:	0377      	lsls	r7, r6, #13
10003198:	46be      	mov	lr, r7
1000319a:	4373      	muls	r3, r6
1000319c:	0bdf      	lsrs	r7, r3, #15
1000319e:	045b      	lsls	r3, r3, #17
100031a0:	1ac0      	subs	r0, r0, r3
100031a2:	41b9      	sbcs	r1, r7
100031a4:	0c13      	lsrs	r3, r2, #16
100031a6:	4373      	muls	r3, r6
100031a8:	18db      	adds	r3, r3, r3
100031aa:	1ac9      	subs	r1, r1, r3
100031ac:	08ce      	lsrs	r6, r1, #3
100031ae:	4366      	muls	r6, r4
100031b0:	0c36      	lsrs	r6, r6, #16
100031b2:	44b6      	add	lr, r6
100031b4:	b293      	uxth	r3, r2
100031b6:	4373      	muls	r3, r6
100031b8:	0f1f      	lsrs	r7, r3, #28
100031ba:	011b      	lsls	r3, r3, #4
100031bc:	1ac0      	subs	r0, r0, r3
100031be:	41b9      	sbcs	r1, r7
100031c0:	0c13      	lsrs	r3, r2, #16
100031c2:	4373      	muls	r3, r6
100031c4:	0b1f      	lsrs	r7, r3, #12
100031c6:	051b      	lsls	r3, r3, #20
100031c8:	1ac0      	subs	r0, r0, r3
100031ca:	41b9      	sbcs	r1, r7
100031cc:	0d86      	lsrs	r6, r0, #22
100031ce:	028f      	lsls	r7, r1, #10
100031d0:	433e      	orrs	r6, r7
100031d2:	4366      	muls	r6, r4
100031d4:	0c36      	lsrs	r6, r6, #16
100031d6:	2d09      	cmp	r5, #9
100031d8:	db24      	blt.n	10003224 <last0>
100031da:	0a52      	lsrs	r2, r2, #9
100031dc:	4372      	muls	r2, r6
100031de:	1a80      	subs	r0, r0, r2
100031e0:	0377      	lsls	r7, r6, #13
100031e2:	0a46      	lsrs	r6, r0, #9
100031e4:	4366      	muls	r6, r4
100031e6:	0c36      	lsrs	r6, r6, #16
100031e8:	2316      	movs	r3, #22
100031ea:	1b5b      	subs	r3, r3, r5
100031ec:	40de      	lsrs	r6, r3
100031ee:	40df      	lsrs	r7, r3
100031f0:	19bf      	adds	r7, r7, r6
100031f2:	4664      	mov	r4, ip
100031f4:	4366      	muls	r6, r4
100031f6:	1b82      	subs	r2, r0, r6
100031f8:	4670      	mov	r0, lr
100031fa:	3504      	adds	r5, #4
100031fc:	3306      	adds	r3, #6
100031fe:	0001      	movs	r1, r0
10003200:	40d9      	lsrs	r1, r3
10003202:	40a8      	lsls	r0, r5
10003204:	19c0      	adds	r0, r0, r7
10003206:	d300      	bcc.n	1000320a <y64_x32+0xb6>
10003208:	3101      	adds	r1, #1
1000320a:	42a2      	cmp	r2, r4
1000320c:	d206      	bcs.n	1000321c <y64_x32+0xc8>
1000320e:	2300      	movs	r3, #0
10003210:	bdf0      	pop	{r4, r5, r6, r7, pc}
10003212:	0000      	.short	0x0000
10003214:	d0000000 	.word	0xd0000000
10003218:	ffffffff 	.word	0xffffffff
1000321c:	1b12      	subs	r2, r2, r4
1000321e:	3001      	adds	r0, #1
10003220:	d3f3      	bcc.n	1000320a <y64_x32+0xb6>
10003222:	e7f1      	b.n	10003208 <y64_x32+0xb4>

10003224 <last0>:
10003224:	2709      	movs	r7, #9
10003226:	1b7f      	subs	r7, r7, r5
10003228:	40fe      	lsrs	r6, r7
1000322a:	4664      	mov	r4, ip
1000322c:	b2a2      	uxth	r2, r4
1000322e:	4372      	muls	r2, r6
10003230:	1a80      	subs	r0, r0, r2
10003232:	d200      	bcs.n	10003236 <last0+0x12>
10003234:	3901      	subs	r1, #1
10003236:	0c22      	lsrs	r2, r4, #16
10003238:	4372      	muls	r2, r6
1000323a:	0c13      	lsrs	r3, r2, #16
1000323c:	0412      	lsls	r2, r2, #16
1000323e:	1a82      	subs	r2, r0, r2
10003240:	4199      	sbcs	r1, r3
10003242:	000b      	movs	r3, r1
10003244:	4670      	mov	r0, lr
10003246:	3504      	adds	r5, #4
10003248:	3713      	adds	r7, #19
1000324a:	0001      	movs	r1, r0
1000324c:	40f9      	lsrs	r1, r7
1000324e:	40a8      	lsls	r0, r5
10003250:	1980      	adds	r0, r0, r6
10003252:	d300      	bcc.n	10003256 <last0+0x32>
10003254:	3101      	adds	r1, #1
10003256:	2b00      	cmp	r3, #0
10003258:	d102      	bne.n	10003260 <last0+0x3c>
1000325a:	42a2      	cmp	r2, r4
1000325c:	d20a      	bcs.n	10003274 <last0+0x50>
1000325e:	bdf0      	pop	{r4, r5, r6, r7, pc}
10003260:	3001      	adds	r0, #1
10003262:	d300      	bcc.n	10003266 <last0+0x42>
10003264:	3101      	adds	r1, #1
10003266:	1b12      	subs	r2, r2, r4
10003268:	d2fa      	bcs.n	10003260 <last0+0x3c>
1000326a:	3b01      	subs	r3, #1
1000326c:	d1f8      	bne.n	10003260 <last0+0x3c>
1000326e:	42a2      	cmp	r2, r4
10003270:	d200      	bcs.n	10003274 <last0+0x50>
10003272:	bdf0      	pop	{r4, r5, r6, r7, pc}
10003274:	3001      	adds	r0, #1
10003276:	d300      	bcc.n	1000327a <last0+0x56>
10003278:	3101      	adds	r1, #1
1000327a:	1b12      	subs	r2, r2, r4
1000327c:	e7f7      	b.n	1000326e <last0+0x4a>

1000327e <y64_x48>:
1000327e:	b5f0      	push	{r4, r5, r6, r7, lr}
10003280:	0c1c      	lsrs	r4, r3, #16
10003282:	d000      	beq.n	10003286 <y64_x48+0x8>
10003284:	e080      	b.n	10003388 <y64_x64>
10003286:	b40c      	push	{r2, r3}
10003288:	2500      	movs	r5, #0
1000328a:	0a1c      	lsrs	r4, r3, #8
1000328c:	d104      	bne.n	10003298 <y64_x48+0x1a>
1000328e:	021b      	lsls	r3, r3, #8
10003290:	0e16      	lsrs	r6, r2, #24
10003292:	4333      	orrs	r3, r6
10003294:	0212      	lsls	r2, r2, #8
10003296:	3508      	adds	r5, #8
10003298:	0b1c      	lsrs	r4, r3, #12
1000329a:	d104      	bne.n	100032a6 <y64_x48+0x28>
1000329c:	011b      	lsls	r3, r3, #4
1000329e:	0f16      	lsrs	r6, r2, #28
100032a0:	4333      	orrs	r3, r6
100032a2:	0112      	lsls	r2, r2, #4
100032a4:	3504      	adds	r5, #4
100032a6:	0b9c      	lsrs	r4, r3, #14
100032a8:	d104      	bne.n	100032b4 <y64_x48+0x36>
100032aa:	009b      	lsls	r3, r3, #2
100032ac:	0f96      	lsrs	r6, r2, #30
100032ae:	4333      	orrs	r3, r6
100032b0:	0092      	lsls	r2, r2, #2
100032b2:	3502      	adds	r5, #2
100032b4:	0bdc      	lsrs	r4, r3, #15
100032b6:	d102      	bne.n	100032be <y64_x48+0x40>
100032b8:	1892      	adds	r2, r2, r2
100032ba:	415b      	adcs	r3, r3
100032bc:	3501      	adds	r5, #1
100032be:	001c      	movs	r4, r3
100032c0:	1897      	adds	r7, r2, r2
100032c2:	4164      	adcs	r4, r4
100032c4:	3401      	adds	r4, #1
100032c6:	4f46      	ldr	r7, [pc, #280]	@ (100033e0 <y64_x64+0x58>)
100032c8:	667c      	str	r4, [r7, #100]	@ 0x64
100032ca:	4c46      	ldr	r4, [pc, #280]	@ (100033e4 <y64_x64+0x5c>)
100032cc:	663c      	str	r4, [r7, #96]	@ 0x60
100032ce:	0c0e      	lsrs	r6, r1, #16
100032d0:	e7ff      	b.n	100032d2 <y64_x48+0x54>
100032d2:	e7ff      	b.n	100032d4 <y64_x48+0x56>
100032d4:	e7ff      	b.n	100032d6 <y64_x48+0x58>
100032d6:	46c0      	nop			@ (mov r8, r8)
100032d8:	6f3c      	ldr	r4, [r7, #112]	@ 0x70
100032da:	4366      	muls	r6, r4
100032dc:	0c36      	lsrs	r6, r6, #16
100032de:	0377      	lsls	r7, r6, #13
100032e0:	46be      	mov	lr, r7
100032e2:	b297      	uxth	r7, r2
100032e4:	4377      	muls	r7, r6
100032e6:	1bc0      	subs	r0, r0, r7
100032e8:	d200      	bcs.n	100032ec <y64_x48+0x6e>
100032ea:	3901      	subs	r1, #1
100032ec:	1bc0      	subs	r0, r0, r7
100032ee:	d200      	bcs.n	100032f2 <y64_x48+0x74>
100032f0:	3901      	subs	r1, #1
100032f2:	b29f      	uxth	r7, r3
100032f4:	4377      	muls	r7, r6
100032f6:	1bc9      	subs	r1, r1, r7
100032f8:	1bc9      	subs	r1, r1, r7
100032fa:	0c17      	lsrs	r7, r2, #16
100032fc:	4377      	muls	r7, r6
100032fe:	047e      	lsls	r6, r7, #17
10003300:	0bff      	lsrs	r7, r7, #15
10003302:	1b80      	subs	r0, r0, r6
10003304:	41b9      	sbcs	r1, r7
10003306:	08ce      	lsrs	r6, r1, #3
10003308:	4366      	muls	r6, r4
1000330a:	0c36      	lsrs	r6, r6, #16
1000330c:	2d0c      	cmp	r5, #12
1000330e:	db33      	blt.n	10003378 <last1>
10003310:	44b6      	add	lr, r6
10003312:	0b12      	lsrs	r2, r2, #12
10003314:	051f      	lsls	r7, r3, #20
10003316:	433a      	orrs	r2, r7
10003318:	0b1b      	lsrs	r3, r3, #12
1000331a:	b297      	uxth	r7, r2
1000331c:	4377      	muls	r7, r6
1000331e:	1bc0      	subs	r0, r0, r7
10003320:	d200      	bcs.n	10003324 <y64_x48+0xa6>
10003322:	3901      	subs	r1, #1
10003324:	b29f      	uxth	r7, r3
10003326:	4377      	muls	r7, r6
10003328:	1bc9      	subs	r1, r1, r7
1000332a:	0c17      	lsrs	r7, r2, #16
1000332c:	4377      	muls	r7, r6
1000332e:	043e      	lsls	r6, r7, #16
10003330:	0c3f      	lsrs	r7, r7, #16
10003332:	1b80      	subs	r0, r0, r6
10003334:	41b9      	sbcs	r1, r7
10003336:	0d86      	lsrs	r6, r0, #22
10003338:	028f      	lsls	r7, r1, #10
1000333a:	433e      	orrs	r6, r7
1000333c:	4366      	muls	r6, r4
1000333e:	2729      	movs	r7, #41	@ 0x29
10003340:	1b7f      	subs	r7, r7, r5
10003342:	40fe      	lsrs	r6, r7
10003344:	3d0c      	subs	r5, #12
10003346:	4677      	mov	r7, lr
10003348:	40af      	lsls	r7, r5
1000334a:	19bf      	adds	r7, r7, r6
1000334c:	bc30      	pop	{r4, r5}
1000334e:	b2a2      	uxth	r2, r4
10003350:	b2ab      	uxth	r3, r5
10003352:	4372      	muls	r2, r6
10003354:	4373      	muls	r3, r6
10003356:	1a80      	subs	r0, r0, r2
10003358:	4199      	sbcs	r1, r3
1000335a:	0c22      	lsrs	r2, r4, #16
1000335c:	4372      	muls	r2, r6
1000335e:	0c13      	lsrs	r3, r2, #16
10003360:	0412      	lsls	r2, r2, #16
10003362:	1a80      	subs	r0, r0, r2
10003364:	4199      	sbcs	r1, r3
10003366:	0002      	movs	r2, r0
10003368:	000b      	movs	r3, r1
1000336a:	3701      	adds	r7, #1
1000336c:	1b00      	subs	r0, r0, r4
1000336e:	41a9      	sbcs	r1, r5
10003370:	d2f9      	bcs.n	10003366 <y64_x48+0xe8>
10003372:	1e78      	subs	r0, r7, #1
10003374:	2100      	movs	r1, #0
10003376:	bdf0      	pop	{r4, r5, r6, r7, pc}

10003378 <last1>:
10003378:	270c      	movs	r7, #12
1000337a:	1b7f      	subs	r7, r7, r5
1000337c:	40fe      	lsrs	r6, r7
1000337e:	4677      	mov	r7, lr
10003380:	0b7f      	lsrs	r7, r7, #13
10003382:	40af      	lsls	r7, r5
10003384:	19ff      	adds	r7, r7, r7
10003386:	e7e0      	b.n	1000334a <y64_x48+0xcc>

10003388 <y64_x64>:
10003388:	2400      	movs	r4, #0
1000338a:	1c5d      	adds	r5, r3, #1
1000338c:	d007      	beq.n	1000339e <y64_x64+0x16>
1000338e:	4f14      	ldr	r7, [pc, #80]	@ (100033e0 <y64_x64+0x58>)
10003390:	667d      	str	r5, [r7, #100]	@ 0x64
10003392:	6639      	str	r1, [r7, #96]	@ 0x60
10003394:	e7ff      	b.n	10003396 <y64_x64+0xe>
10003396:	e7ff      	b.n	10003398 <y64_x64+0x10>
10003398:	e7ff      	b.n	1000339a <y64_x64+0x12>
1000339a:	e7ff      	b.n	1000339c <y64_x64+0x14>
1000339c:	6f3c      	ldr	r4, [r7, #112]	@ 0x70
1000339e:	b295      	uxth	r5, r2
100033a0:	b29e      	uxth	r6, r3
100033a2:	4365      	muls	r5, r4
100033a4:	4366      	muls	r6, r4
100033a6:	1b40      	subs	r0, r0, r5
100033a8:	41b1      	sbcs	r1, r6
100033aa:	0c15      	lsrs	r5, r2, #16
100033ac:	0c1e      	lsrs	r6, r3, #16
100033ae:	4365      	muls	r5, r4
100033b0:	4366      	muls	r6, r4
100033b2:	0436      	lsls	r6, r6, #16
100033b4:	0c2f      	lsrs	r7, r5, #16
100033b6:	433e      	orrs	r6, r7
100033b8:	042d      	lsls	r5, r5, #16
100033ba:	1b40      	subs	r0, r0, r5
100033bc:	41b1      	sbcs	r1, r6
100033be:	4299      	cmp	r1, r3
100033c0:	d204      	bcs.n	100033cc <y64_x64+0x44>
100033c2:	0002      	movs	r2, r0
100033c4:	000b      	movs	r3, r1
100033c6:	0020      	movs	r0, r4
100033c8:	2100      	movs	r1, #0
100033ca:	bdf0      	pop	{r4, r5, r6, r7, pc}
100033cc:	d101      	bne.n	100033d2 <y64_x64+0x4a>
100033ce:	4290      	cmp	r0, r2
100033d0:	d3f7      	bcc.n	100033c2 <y64_x64+0x3a>
100033d2:	1a80      	subs	r0, r0, r2
100033d4:	4199      	sbcs	r1, r3
100033d6:	3401      	adds	r4, #1
100033d8:	4299      	cmp	r1, r3
100033da:	d3f2      	bcc.n	100033c2 <y64_x64+0x3a>
100033dc:	e7f6      	b.n	100033cc <y64_x64+0x44>
100033de:	0000      	.short	0x0000
100033e0:	d0000000 	.word	0xd0000000
100033e4:	ffffffff 	.word	0xffffffff

100033e8 <__wrap___aeabi_drsub>:
100033e8:	4048      	eors	r0, r1
100033ea:	4041      	eors	r1, r0
100033ec:	4048      	eors	r0, r1

100033ee <__wrap___aeabi_dsub>:
100033ee:	b418      	push	{r3, r4}
100033f0:	4b1b      	ldr	r3, [pc, #108]	@ (10003460 <__wrap___aeabi_dmul+0x12>)
100033f2:	685b      	ldr	r3, [r3, #4]
100033f4:	46fc      	mov	ip, pc
100033f6:	9301      	str	r3, [sp, #4]
100033f8:	bd08      	pop	{r3, pc}
100033fa:	df04      	.short	0xdf04
100033fc:	1000368f 	.word	0x1000368f

10003400 <__wrap___aeabi_dadd>:
10003400:	b418      	push	{r3, r4}
10003402:	4b17      	ldr	r3, [pc, #92]	@ (10003460 <__wrap___aeabi_dmul+0x12>)
10003404:	681b      	ldr	r3, [r3, #0]
10003406:	46fc      	mov	ip, pc
10003408:	9301      	str	r3, [sp, #4]
1000340a:	bd08      	pop	{r3, pc}
1000340c:	3699df00 	.word	0x3699df00
10003410:	1000      	.short	0x1000

10003412 <__wrap___aeabi_ddiv>:
10003412:	4694      	mov	ip, r2
10003414:	4a13      	ldr	r2, [pc, #76]	@ (10003464 <__wrap___aeabi_dmul+0x16>)
10003416:	6f92      	ldr	r2, [r2, #120]	@ 0x78
10003418:	0892      	lsrs	r2, r2, #2
1000341a:	d209      	bcs.n	10003430 <ddiv_save_state>
1000341c:	4662      	mov	r2, ip

1000341e <ddiv_shim_call>:
1000341e:	b418      	push	{r3, r4}
10003420:	4b0f      	ldr	r3, [pc, #60]	@ (10003460 <__wrap___aeabi_dmul+0x12>)
10003422:	68db      	ldr	r3, [r3, #12]
10003424:	46fc      	mov	ip, pc
10003426:	9301      	str	r3, [sp, #4]
10003428:	bd08      	pop	{r3, pc}
1000342a:	df0c      	.short	0xdf0c
1000342c:	10003951 	.word	0x10003951

10003430 <ddiv_save_state>:
10003430:	4a0c      	ldr	r2, [pc, #48]	@ (10003464 <__wrap___aeabi_dmul+0x16>)
10003432:	b5f0      	push	{r4, r5, r6, r7, lr}
10003434:	6e14      	ldr	r4, [r2, #96]	@ 0x60
10003436:	6e55      	ldr	r5, [r2, #100]	@ 0x64
10003438:	6f57      	ldr	r7, [r2, #116]	@ 0x74
1000343a:	6f16      	ldr	r6, [r2, #112]	@ 0x70
1000343c:	4662      	mov	r2, ip
1000343e:	f7ff ffee 	bl	1000341e <ddiv_shim_call>
10003442:	4a08      	ldr	r2, [pc, #32]	@ (10003464 <__wrap___aeabi_dmul+0x16>)
10003444:	6614      	str	r4, [r2, #96]	@ 0x60
10003446:	6655      	str	r5, [r2, #100]	@ 0x64
10003448:	6757      	str	r7, [r2, #116]	@ 0x74
1000344a:	6716      	str	r6, [r2, #112]	@ 0x70
1000344c:	bdf0      	pop	{r4, r5, r6, r7, pc}

1000344e <__wrap___aeabi_dmul>:
1000344e:	b418      	push	{r3, r4}
10003450:	4b03      	ldr	r3, [pc, #12]	@ (10003460 <__wrap___aeabi_dmul+0x12>)
10003452:	689b      	ldr	r3, [r3, #8]
10003454:	46fc      	mov	ip, pc
10003456:	9301      	str	r3, [sp, #4]
10003458:	bd08      	pop	{r3, pc}
1000345a:	df08      	.short	0xdf08
1000345c:	100037f5 	.word	0x100037f5
10003460:	200018d8 	.word	0x200018d8
10003464:	d0000000 	.word	0xd0000000

10003468 <__wrap___aeabi_cdrcmple>:
10003468:	b5ff      	push	{r0, r1, r2, r3, r4, r5, r6, r7, lr}
1000346a:	4050      	eors	r0, r2
1000346c:	4042      	eors	r2, r0
1000346e:	4050      	eors	r0, r2
10003470:	4059      	eors	r1, r3
10003472:	404b      	eors	r3, r1
10003474:	4059      	eors	r1, r3
10003476:	e000      	b.n	1000347a <__aeabi_dfcmple_guts>

10003478 <__wrap___aeabi_cdcmpeq>:
10003478:	b5ff      	push	{r0, r1, r2, r3, r4, r5, r6, r7, lr}

1000347a <__aeabi_dfcmple_guts>:
1000347a:	4f15      	ldr	r7, [pc, #84]	@ (100034d0 <__aeabi_dfcmple_guts+0x56>)
1000347c:	004c      	lsls	r4, r1, #1
1000347e:	0d64      	lsrs	r4, r4, #21
10003480:	d003      	beq.n	1000348a <__aeabi_dfcmple_guts+0x10>
10003482:	42bc      	cmp	r4, r7
10003484:	d104      	bne.n	10003490 <__aeabi_dfcmple_guts+0x16>
10003486:	030c      	lsls	r4, r1, #12
10003488:	d814      	bhi.n	100034b4 <__aeabi_dfcmple_guts+0x3a>
1000348a:	2000      	movs	r0, #0
1000348c:	0d09      	lsrs	r1, r1, #20
1000348e:	0509      	lsls	r1, r1, #20
10003490:	005c      	lsls	r4, r3, #1
10003492:	0d64      	lsrs	r4, r4, #21
10003494:	d003      	beq.n	1000349e <__aeabi_dfcmple_guts+0x24>
10003496:	42bc      	cmp	r4, r7
10003498:	d104      	bne.n	100034a4 <__aeabi_dfcmple_guts+0x2a>
1000349a:	031c      	lsls	r4, r3, #12
1000349c:	d80a      	bhi.n	100034b4 <__aeabi_dfcmple_guts+0x3a>
1000349e:	2200      	movs	r2, #0
100034a0:	0d1b      	lsrs	r3, r3, #20
100034a2:	051b      	lsls	r3, r3, #20
100034a4:	2601      	movs	r6, #1
100034a6:	404b      	eors	r3, r1
100034a8:	d409      	bmi.n	100034be <__aeabi_dfcmple_guts+0x44>
100034aa:	404b      	eors	r3, r1
100034ac:	d503      	bpl.n	100034b6 <__aeabi_dfcmple_guts+0x3c>
100034ae:	428b      	cmp	r3, r1
100034b0:	d100      	bne.n	100034b4 <__aeabi_dfcmple_guts+0x3a>
100034b2:	4282      	cmp	r2, r0
100034b4:	bdff      	pop	{r0, r1, r2, r3, r4, r5, r6, r7, pc}
100034b6:	4299      	cmp	r1, r3
100034b8:	d1fc      	bne.n	100034b4 <__aeabi_dfcmple_guts+0x3a>
100034ba:	4290      	cmp	r0, r2
100034bc:	bdff      	pop	{r0, r1, r2, r3, r4, r5, r6, r7, pc}
100034be:	430b      	orrs	r3, r1
100034c0:	18db      	adds	r3, r3, r3
100034c2:	4303      	orrs	r3, r0
100034c4:	4313      	orrs	r3, r2
100034c6:	d0f5      	beq.n	100034b4 <__aeabi_dfcmple_guts+0x3a>
100034c8:	43c9      	mvns	r1, r1
100034ca:	1849      	adds	r1, r1, r1
100034cc:	bdff      	pop	{r0, r1, r2, r3, r4, r5, r6, r7, pc}
100034ce:	0000      	.short	0x0000
100034d0:	000007ff 	.word	0x000007ff

100034d4 <__wrap___aeabi_dcmplt>:
100034d4:	b500      	push	{lr}
100034d6:	f7ff ffcf 	bl	10003478 <__wrap___aeabi_cdcmpeq>
100034da:	4180      	sbcs	r0, r0
100034dc:	bd00      	pop	{pc}
100034de:	46c0      	nop			@ (mov r8, r8)

100034e0 <__wrap___aeabi_dcmpge>:
100034e0:	b500      	push	{lr}
100034e2:	f7ff ffc1 	bl	10003468 <__wrap___aeabi_cdrcmple>
100034e6:	d901      	bls.n	100034ec <__wrap___aeabi_dcmpge+0xc>
100034e8:	2000      	movs	r0, #0
100034ea:	bd00      	pop	{pc}
100034ec:	2001      	movs	r0, #1
100034ee:	bd00      	pop	{pc}

100034f0 <__wrap___aeabi_dcmpgt>:
100034f0:	b500      	push	{lr}
100034f2:	f7ff ffb9 	bl	10003468 <__wrap___aeabi_cdrcmple>
100034f6:	4180      	sbcs	r0, r0
100034f8:	bd00      	pop	{pc}

100034fa <__wrap___aeabi_dcmpun>:
100034fa:	2001      	movs	r0, #1
100034fc:	0540      	lsls	r0, r0, #21
100034fe:	004a      	lsls	r2, r1, #1
10003500:	1812      	adds	r2, r2, r0
10003502:	d804      	bhi.n	1000350e <__wrap___aeabi_dcmpun+0x14>
10003504:	005a      	lsls	r2, r3, #1
10003506:	1812      	adds	r2, r2, r0
10003508:	d801      	bhi.n	1000350e <__wrap___aeabi_dcmpun+0x14>
1000350a:	2000      	movs	r0, #0
1000350c:	4770      	bx	lr
1000350e:	2001      	movs	r0, #1
10003510:	4770      	bx	lr
	...

10003514 <__wrap___aeabi_ui2d>:
10003514:	2100      	movs	r1, #0
10003516:	2800      	cmp	r0, #0
10003518:	d105      	bne.n	10003526 <__wrap___aeabi_i2d+0xa>
1000351a:	4770      	bx	lr

1000351c <__wrap___aeabi_i2d>:
1000351c:	17c1      	asrs	r1, r0, #31
1000351e:	4048      	eors	r0, r1
10003520:	1a40      	subs	r0, r0, r1
10003522:	d0fa      	beq.n	1000351a <__wrap___aeabi_ui2d+0x6>
10003524:	07c9      	lsls	r1, r1, #31
10003526:	b513      	push	{r0, r1, r4, lr}
10003528:	4b06      	ldr	r3, [pc, #24]	@ (10003544 <__wrap___aeabi_i2d+0x28>)
1000352a:	681b      	ldr	r3, [r3, #0]
1000352c:	4798      	blx	r3
1000352e:	bc0c      	pop	{r2, r3}
10003530:	1c44      	adds	r4, r0, #1
10003532:	40a2      	lsls	r2, r4
10003534:	0510      	lsls	r0, r2, #20
10003536:	0b12      	lsrs	r2, r2, #12
10003538:	4903      	ldr	r1, [pc, #12]	@ (10003548 <__wrap___aeabi_i2d+0x2c>)
1000353a:	1b09      	subs	r1, r1, r4
1000353c:	0509      	lsls	r1, r1, #20
1000353e:	4319      	orrs	r1, r3
10003540:	4311      	orrs	r1, r2
10003542:	bd10      	pop	{r4, pc}
10003544:	2000267c 	.word	0x2000267c
10003548:	0000041f 	.word	0x0000041f

1000354c <__wrap___aeabi_d2iz>:
1000354c:	b510      	push	{r4, lr}
1000354e:	004c      	lsls	r4, r1, #1
10003550:	0d62      	lsrs	r2, r4, #21
10003552:	2380      	movs	r3, #128	@ 0x80
10003554:	18d2      	adds	r2, r2, r3
10003556:	00db      	lsls	r3, r3, #3
10003558:	1ad2      	subs	r2, r2, r3
1000355a:	055b      	lsls	r3, r3, #21
1000355c:	2a7e      	cmp	r2, #126	@ 0x7e
1000355e:	dd10      	ble.n	10003582 <__wrap___aeabi_d2iz+0x36>
10003560:	3a9e      	subs	r2, #158	@ 0x9e
10003562:	da13      	bge.n	1000358c <__wrap___aeabi_d2iz+0x40>
10003564:	17cc      	asrs	r4, r1, #31
10003566:	0309      	lsls	r1, r1, #12
10003568:	0849      	lsrs	r1, r1, #1
1000356a:	4319      	orrs	r1, r3
1000356c:	4252      	negs	r2, r2
1000356e:	40d1      	lsrs	r1, r2
10003570:	0064      	lsls	r4, r4, #1
10003572:	3401      	adds	r4, #1
10003574:	3215      	adds	r2, #21
10003576:	2a20      	cmp	r2, #32
10003578:	da05      	bge.n	10003586 <__wrap___aeabi_d2iz+0x3a>
1000357a:	40d0      	lsrs	r0, r2
1000357c:	4308      	orrs	r0, r1
1000357e:	4360      	muls	r0, r4
10003580:	bd10      	pop	{r4, pc}
10003582:	2000      	movs	r0, #0
10003584:	bd10      	pop	{r4, pc}
10003586:	4608      	mov	r0, r1
10003588:	4360      	muls	r0, r4
1000358a:	bd10      	pop	{r4, pc}
1000358c:	0fc8      	lsrs	r0, r1, #31
1000358e:	18c0      	adds	r0, r0, r3
10003590:	3801      	subs	r0, #1
10003592:	bd10      	pop	{r4, pc}

10003594 <__wrap___aeabi_d2uiz>:
10003594:	b418      	push	{r3, r4}
10003596:	4b04      	ldr	r3, [pc, #16]	@ (100035a8 <__wrap___aeabi_d2uiz+0x14>)
10003598:	6a5b      	ldr	r3, [r3, #36]	@ 0x24
1000359a:	46fc      	mov	ip, pc
1000359c:	9301      	str	r3, [sp, #4]
1000359e:	bd08      	pop	{r3, pc}
100035a0:	3b01df24 	.word	0x3b01df24
100035a4:	00001000 	.word	0x00001000
100035a8:	200018d8 	.word	0x200018d8

100035ac <__aeabi_double_init>:
100035ac:	2200      	movs	r2, #0
100035ae:	b570      	push	{r4, r5, r6, lr}
100035b0:	4b23      	ldr	r3, [pc, #140]	@ (10003640 <__aeabi_double_init+0x94>)
100035b2:	446b      	add	r3, sp
100035b4:	601a      	str	r2, [r3, #0]
100035b6:	2313      	movs	r3, #19
100035b8:	781d      	ldrb	r5, [r3, #0]
100035ba:	2d01      	cmp	r5, #1
100035bc:	d019      	beq.n	100035f2 <__aeabi_double_init+0x46>
100035be:	dd14      	ble.n	100035ea <__aeabi_double_init+0x3e>
100035c0:	4820      	ldr	r0, [pc, #128]	@ (10003644 <__aeabi_double_init+0x98>)
100035c2:	f7ff fc79 	bl	10002eb8 <rom_data_lookup>
100035c6:	0006      	movs	r6, r0
100035c8:	481f      	ldr	r0, [pc, #124]	@ (10003648 <__aeabi_double_init+0x9c>)
100035ca:	f7ff fc75 	bl	10002eb8 <rom_data_lookup>
100035ce:	4c1f      	ldr	r4, [pc, #124]	@ (1000364c <__aeabi_double_init+0xa0>)
100035d0:	2280      	movs	r2, #128	@ 0x80
100035d2:	0031      	movs	r1, r6
100035d4:	0020      	movs	r0, r4
100035d6:	f000 fbdd 	bl	10003d94 <__wrap___aeabi_memcpy>
100035da:	2d02      	cmp	r5, #2
100035dc:	d02d      	beq.n	1000363a <__aeabi_double_init+0x8e>
100035de:	481c      	ldr	r0, [pc, #112]	@ (10003650 <__aeabi_double_init+0xa4>)
100035e0:	f7ff fc5c 	bl	10002e9c <rom_func_lookup>
100035e4:	4b1b      	ldr	r3, [pc, #108]	@ (10003654 <__aeabi_double_init+0xa8>)
100035e6:	6018      	str	r0, [r3, #0]
100035e8:	bd70      	pop	{r4, r5, r6, pc}
100035ea:	4b1b      	ldr	r3, [pc, #108]	@ (10003658 <__aeabi_double_init+0xac>)
100035ec:	4c17      	ldr	r4, [pc, #92]	@ (1000364c <__aeabi_double_init+0xa0>)
100035ee:	64a3      	str	r3, [r4, #72]	@ 0x48
100035f0:	e7f5      	b.n	100035de <__aeabi_double_init+0x32>
100035f2:	4b19      	ldr	r3, [pc, #100]	@ (10003658 <__aeabi_double_init+0xac>)
100035f4:	4c15      	ldr	r4, [pc, #84]	@ (1000364c <__aeabi_double_init+0xa0>)
100035f6:	6023      	str	r3, [r4, #0]
100035f8:	6063      	str	r3, [r4, #4]
100035fa:	60a3      	str	r3, [r4, #8]
100035fc:	60e3      	str	r3, [r4, #12]
100035fe:	6123      	str	r3, [r4, #16]
10003600:	6163      	str	r3, [r4, #20]
10003602:	61a3      	str	r3, [r4, #24]
10003604:	61e3      	str	r3, [r4, #28]
10003606:	6223      	str	r3, [r4, #32]
10003608:	6263      	str	r3, [r4, #36]	@ 0x24
1000360a:	62a3      	str	r3, [r4, #40]	@ 0x28
1000360c:	62e3      	str	r3, [r4, #44]	@ 0x2c
1000360e:	6323      	str	r3, [r4, #48]	@ 0x30
10003610:	6363      	str	r3, [r4, #52]	@ 0x34
10003612:	63a3      	str	r3, [r4, #56]	@ 0x38
10003614:	63e3      	str	r3, [r4, #60]	@ 0x3c
10003616:	6423      	str	r3, [r4, #64]	@ 0x40
10003618:	6463      	str	r3, [r4, #68]	@ 0x44
1000361a:	64a3      	str	r3, [r4, #72]	@ 0x48
1000361c:	64e3      	str	r3, [r4, #76]	@ 0x4c
1000361e:	6523      	str	r3, [r4, #80]	@ 0x50
10003620:	6563      	str	r3, [r4, #84]	@ 0x54
10003622:	65a3      	str	r3, [r4, #88]	@ 0x58
10003624:	65e3      	str	r3, [r4, #92]	@ 0x5c
10003626:	6623      	str	r3, [r4, #96]	@ 0x60
10003628:	6663      	str	r3, [r4, #100]	@ 0x64
1000362a:	66a3      	str	r3, [r4, #104]	@ 0x68
1000362c:	66e3      	str	r3, [r4, #108]	@ 0x6c
1000362e:	6723      	str	r3, [r4, #112]	@ 0x70
10003630:	6763      	str	r3, [r4, #116]	@ 0x74
10003632:	67a3      	str	r3, [r4, #120]	@ 0x78
10003634:	67e3      	str	r3, [r4, #124]	@ 0x7c
10003636:	64a3      	str	r3, [r4, #72]	@ 0x48
10003638:	e7d1      	b.n	100035de <__aeabi_double_init+0x32>
1000363a:	4b07      	ldr	r3, [pc, #28]	@ (10003658 <__aeabi_double_init+0xac>)
1000363c:	64a3      	str	r3, [r4, #72]	@ 0x48
1000363e:	e7ce      	b.n	100035de <__aeabi_double_init+0x32>
10003640:	ffffeed8 	.word	0xffffeed8
10003644:	00004453 	.word	0x00004453
10003648:	00004653 	.word	0x00004653
1000364c:	200018d8 	.word	0x200018d8
10003650:	0000334c 	.word	0x0000334c
10003654:	2000267c 	.word	0x2000267c
10003658:	1000365d 	.word	0x1000365d

1000365c <double_table_shim_on_use_helper>:
1000365c:	b507      	push	{r0, r1, r2, lr}
1000365e:	4660      	mov	r0, ip
10003660:	8801      	ldrh	r1, [r0, #0]
10003662:	0a0a      	lsrs	r2, r1, #8
10003664:	3002      	adds	r0, #2
10003666:	2adf      	cmp	r2, #223	@ 0xdf
10003668:	d1fa      	bne.n	10003660 <double_table_shim_on_use_helper+0x4>
1000366a:	b2c9      	uxtb	r1, r1
1000366c:	0882      	lsrs	r2, r0, #2
1000366e:	d304      	bcc.n	1000367a <double_table_shim_on_use_helper+0x1e>
10003670:	8802      	ldrh	r2, [r0, #0]
10003672:	8840      	ldrh	r0, [r0, #2]
10003674:	0400      	lsls	r0, r0, #16
10003676:	4310      	orrs	r0, r2
10003678:	e000      	b.n	1000367c <double_table_shim_on_use_helper+0x20>
1000367a:	6800      	ldr	r0, [r0, #0]
1000367c:	4a01      	ldr	r2, [pc, #4]	@ (10003684 <double_table_shim_on_use_helper+0x28>)
1000367e:	5050      	str	r0, [r2, r1]
10003680:	9003      	str	r0, [sp, #12]
10003682:	bd07      	pop	{r0, r1, r2, pc}
10003684:	200018d8 	.word	0x200018d8

10003688 <drsub_shim>:
10003688:	b40f      	push	{r0, r1, r2, r3}
1000368a:	bc03      	pop	{r0, r1}
1000368c:	bc0c      	pop	{r2, r3}

1000368e <dsub_shim>:
1000368e:	b5f0      	push	{r4, r5, r6, r7, lr}
10003690:	2401      	movs	r4, #1
10003692:	07e4      	lsls	r4, r4, #31
10003694:	4063      	eors	r3, r4
10003696:	e000      	b.n	1000369a <da_entry>

10003698 <dadd_shim>:
10003698:	b5f0      	push	{r4, r5, r6, r7, lr}

1000369a <da_entry>:
1000369a:	0d0c      	lsrs	r4, r1, #20
1000369c:	0fcf      	lsrs	r7, r1, #31
1000369e:	1e66      	subs	r6, r4, #1
100036a0:	0536      	lsls	r6, r6, #20
100036a2:	1b89      	subs	r1, r1, r6
100036a4:	0564      	lsls	r4, r4, #21
100036a6:	d303      	bcc.n	100036b0 <l8_1>
100036a8:	43c9      	mvns	r1, r1
100036aa:	4240      	negs	r0, r0
100036ac:	d300      	bcc.n	100036b0 <l8_1>
100036ae:	3101      	adds	r1, #1

100036b0 <l8_1>:
100036b0:	0d64      	lsrs	r4, r4, #21
100036b2:	d003      	beq.n	100036bc <l8_2>
100036b4:	1c66      	adds	r6, r4, #1
100036b6:	0af6      	lsrs	r6, r6, #11
100036b8:	d007      	beq.n	100036ca <l8_3>
100036ba:	1be4      	subs	r4, r4, r7

100036bc <l8_2>:
100036bc:	2000      	movs	r0, #0
100036be:	007f      	lsls	r7, r7, #1
100036c0:	1c79      	adds	r1, r7, #1
100036c2:	0789      	lsls	r1, r1, #30
100036c4:	1289      	asrs	r1, r1, #10
100036c6:	3c80      	subs	r4, #128	@ 0x80
100036c8:	0324      	lsls	r4, r4, #12

100036ca <l8_3>:
100036ca:	0d1d      	lsrs	r5, r3, #20
100036cc:	0fdf      	lsrs	r7, r3, #31
100036ce:	1e6e      	subs	r6, r5, #1
100036d0:	0536      	lsls	r6, r6, #20
100036d2:	1b9b      	subs	r3, r3, r6
100036d4:	056d      	lsls	r5, r5, #21
100036d6:	d303      	bcc.n	100036e0 <l9_1>
100036d8:	43db      	mvns	r3, r3
100036da:	4252      	negs	r2, r2
100036dc:	d300      	bcc.n	100036e0 <l9_1>
100036de:	3301      	adds	r3, #1

100036e0 <l9_1>:
100036e0:	0d6d      	lsrs	r5, r5, #21
100036e2:	d003      	beq.n	100036ec <l9_2>
100036e4:	1c6e      	adds	r6, r5, #1
100036e6:	0af6      	lsrs	r6, r6, #11
100036e8:	d007      	beq.n	100036fa <l9_3>
100036ea:	1bed      	subs	r5, r5, r7

100036ec <l9_2>:
100036ec:	2200      	movs	r2, #0
100036ee:	007f      	lsls	r7, r7, #1
100036f0:	1c7b      	adds	r3, r7, #1
100036f2:	079b      	lsls	r3, r3, #30
100036f4:	129b      	asrs	r3, r3, #10
100036f6:	3d80      	subs	r5, #128	@ 0x80
100036f8:	032d      	lsls	r5, r5, #12

100036fa <l9_3>:
100036fa:	1b2f      	subs	r7, r5, r4
100036fc:	1b66      	subs	r6, r4, r5
100036fe:	d458      	bmi.n	100037b2 <da_ygtx>
10003700:	46a4      	mov	ip, r4
10003702:	2e20      	cmp	r6, #32
10003704:	da46      	bge.n	10003794 <da_xrgty>
10003706:	3720      	adds	r7, #32
10003708:	0014      	movs	r4, r2
1000370a:	40bc      	lsls	r4, r7

1000370c <da_xgty0>:
1000370c:	001d      	movs	r5, r3
1000370e:	40bd      	lsls	r5, r7
10003710:	40f2      	lsrs	r2, r6
10003712:	4133      	asrs	r3, r6
10003714:	432a      	orrs	r2, r5

10003716 <da_add>:
10003716:	1880      	adds	r0, r0, r2
10003718:	4159      	adcs	r1, r3

1000371a <da_pack>:
1000371a:	0fcb      	lsrs	r3, r1, #31
1000371c:	d005      	beq.n	1000372a <da_pack+0x10>
1000371e:	43c9      	mvns	r1, r1
10003720:	43c0      	mvns	r0, r0
10003722:	2200      	movs	r2, #0
10003724:	4264      	negs	r4, r4
10003726:	4150      	adcs	r0, r2
10003728:	4151      	adcs	r1, r2
1000372a:	4662      	mov	r2, ip
1000372c:	0d4d      	lsrs	r5, r1, #21
1000372e:	d128      	bne.n	10003782 <da_0>
10003730:	0d0d      	lsrs	r5, r1, #20
10003732:	d107      	bne.n	10003744 <da_1>
10003734:	2800      	cmp	r0, #0
10003736:	d01f      	beq.n	10003778 <da_5>

10003738 <da_2>:
10003738:	1924      	adds	r4, r4, r4
1000373a:	4140      	adcs	r0, r0
1000373c:	4149      	adcs	r1, r1
1000373e:	3a01      	subs	r2, #1
10003740:	0d0d      	lsrs	r5, r1, #20
10003742:	d0f9      	beq.n	10003738 <da_2>

10003744 <da_1>:
10003744:	0064      	lsls	r4, r4, #1
10003746:	d306      	bcc.n	10003756 <da_3>

10003748 <da_4>:
10003748:	3001      	adds	r0, #1
1000374a:	d300      	bcc.n	1000374e <da_4+0x6>
1000374c:	3101      	adds	r1, #1
1000374e:	2c00      	cmp	r4, #0
10003750:	d101      	bne.n	10003756 <da_3>
10003752:	0840      	lsrs	r0, r0, #1
10003754:	0040      	lsls	r0, r0, #1

10003756 <da_3>:
10003756:	3a01      	subs	r2, #1
10003758:	d40b      	bmi.n	10003772 <da_6>
1000375a:	1c94      	adds	r4, r2, #2
1000375c:	0ae4      	lsrs	r4, r4, #11
1000375e:	d104      	bne.n	1000376a <da_7>
10003760:	0512      	lsls	r2, r2, #20
10003762:	4411      	add	r1, r2
10003764:	07db      	lsls	r3, r3, #31
10003766:	4419      	add	r1, r3
10003768:	bdf0      	pop	{r4, r5, r6, r7, pc}

1000376a <da_7>:
1000376a:	07d9      	lsls	r1, r3, #31
1000376c:	4b20      	ldr	r3, [pc, #128]	@ (100037f0 <da_xmgty+0x4>)
1000376e:	4319      	orrs	r1, r3
10003770:	e000      	b.n	10003774 <da_6+0x2>

10003772 <da_6>:
10003772:	07d9      	lsls	r1, r3, #31
10003774:	2000      	movs	r0, #0
10003776:	bdf0      	pop	{r4, r5, r6, r7, pc}

10003778 <da_5>:
10003778:	2900      	cmp	r1, #0
1000377a:	d1dd      	bne.n	10003738 <da_2>
1000377c:	2c00      	cmp	r4, #0
1000377e:	d1db      	bne.n	10003738 <da_2>
10003780:	bdf0      	pop	{r4, r5, r6, r7, pc}

10003782 <da_0>:
10003782:	3201      	adds	r2, #1
10003784:	07c6      	lsls	r6, r0, #31
10003786:	0840      	lsrs	r0, r0, #1
10003788:	07cd      	lsls	r5, r1, #31
1000378a:	4328      	orrs	r0, r5
1000378c:	0849      	lsrs	r1, r1, #1
1000378e:	2e00      	cmp	r6, #0
10003790:	d0e1      	beq.n	10003756 <da_3>
10003792:	e7d9      	b.n	10003748 <da_4>

10003794 <da_xrgty>:
10003794:	2e3c      	cmp	r6, #60	@ 0x3c
10003796:	da29      	bge.n	100037ec <da_xmgty>
10003798:	3e20      	subs	r6, #32
1000379a:	3740      	adds	r7, #64	@ 0x40
1000379c:	0014      	movs	r4, r2
1000379e:	40bc      	lsls	r4, r7
100037a0:	d000      	beq.n	100037a4 <da_xrgty+0x10>
100037a2:	2401      	movs	r4, #1
100037a4:	40f2      	lsrs	r2, r6
100037a6:	4314      	orrs	r4, r2
100037a8:	001a      	movs	r2, r3
100037aa:	40bb      	lsls	r3, r7
100037ac:	431c      	orrs	r4, r3
100037ae:	17d3      	asrs	r3, r2, #31
100037b0:	e7ac      	b.n	1000370c <da_xgty0>

100037b2 <da_ygtx>:
100037b2:	46ac      	mov	ip, r5
100037b4:	2f20      	cmp	r7, #32
100037b6:	da08      	bge.n	100037ca <da_yrgtx>
100037b8:	3620      	adds	r6, #32
100037ba:	0004      	movs	r4, r0
100037bc:	40b4      	lsls	r4, r6

100037be <da_ygtx0>:
100037be:	000d      	movs	r5, r1
100037c0:	40b5      	lsls	r5, r6
100037c2:	40f8      	lsrs	r0, r7
100037c4:	4139      	asrs	r1, r7
100037c6:	4328      	orrs	r0, r5
100037c8:	e7a5      	b.n	10003716 <da_add>

100037ca <da_yrgtx>:
100037ca:	2f3c      	cmp	r7, #60	@ 0x3c
100037cc:	da0c      	bge.n	100037e8 <da_ymgtx>
100037ce:	3f20      	subs	r7, #32
100037d0:	3640      	adds	r6, #64	@ 0x40
100037d2:	0004      	movs	r4, r0
100037d4:	40b4      	lsls	r4, r6
100037d6:	d000      	beq.n	100037da <da_yrgtx+0x10>
100037d8:	2401      	movs	r4, #1
100037da:	40f8      	lsrs	r0, r7
100037dc:	4304      	orrs	r4, r0
100037de:	0008      	movs	r0, r1
100037e0:	40b1      	lsls	r1, r6
100037e2:	430c      	orrs	r4, r1
100037e4:	17c1      	asrs	r1, r0, #31
100037e6:	e7ea      	b.n	100037be <da_ygtx0>

100037e8 <da_ymgtx>:
100037e8:	0010      	movs	r0, r2
100037ea:	0019      	movs	r1, r3

100037ec <da_xmgty>:
100037ec:	2400      	movs	r4, #0
100037ee:	e794      	b.n	1000371a <da_pack>
100037f0:	7ff00000 	.word	0x7ff00000

100037f4 <dmul_shim>:
100037f4:	b5f0      	push	{r4, r5, r6, r7, lr}
100037f6:	0d0c      	lsrs	r4, r1, #20
100037f8:	1e66      	subs	r6, r4, #1
100037fa:	0536      	lsls	r6, r6, #20
100037fc:	1b89      	subs	r1, r1, r6
100037fe:	0ae6      	lsrs	r6, r4, #11
10003800:	0564      	lsls	r4, r4, #21
10003802:	0d64      	lsrs	r4, r4, #21
10003804:	d002      	beq.n	1000380c <l12_1>
10003806:	1c65      	adds	r5, r4, #1
10003808:	0aed      	lsrs	r5, r5, #11
1000380a:	d004      	beq.n	10003816 <l12_2>

1000380c <l12_1>:
1000380c:	2000      	movs	r0, #0
1000380e:	2101      	movs	r1, #1
10003810:	0509      	lsls	r1, r1, #20
10003812:	3c80      	subs	r4, #128	@ 0x80
10003814:	0324      	lsls	r4, r4, #12

10003816 <l12_2>:
10003816:	46a4      	mov	ip, r4
10003818:	0d1c      	lsrs	r4, r3, #20
1000381a:	1e67      	subs	r7, r4, #1
1000381c:	053f      	lsls	r7, r7, #20
1000381e:	1bdb      	subs	r3, r3, r7
10003820:	0ae7      	lsrs	r7, r4, #11
10003822:	0564      	lsls	r4, r4, #21
10003824:	0d64      	lsrs	r4, r4, #21
10003826:	d002      	beq.n	1000382e <l13_1>
10003828:	1c65      	adds	r5, r4, #1
1000382a:	0aed      	lsrs	r5, r5, #11
1000382c:	d004      	beq.n	10003838 <l13_2>

1000382e <l13_1>:
1000382e:	2200      	movs	r2, #0
10003830:	2301      	movs	r3, #1
10003832:	051b      	lsls	r3, r3, #20
10003834:	3c80      	subs	r4, #128	@ 0x80
10003836:	0324      	lsls	r4, r4, #12

10003838 <l13_2>:
10003838:	4077      	eors	r7, r6
1000383a:	4464      	add	r4, ip
1000383c:	b497      	push	{r0, r1, r2, r4, r7}
1000383e:	b284      	uxth	r4, r0
10003840:	b296      	uxth	r6, r2
10003842:	4374      	muls	r4, r6
10003844:	0c07      	lsrs	r7, r0, #16
10003846:	437e      	muls	r6, r7
10003848:	0c15      	lsrs	r5, r2, #16
1000384a:	436f      	muls	r7, r5
1000384c:	b280      	uxth	r0, r0
1000384e:	4368      	muls	r0, r5
10003850:	1836      	adds	r6, r6, r0
10003852:	d302      	bcc.n	1000385a <l14_1>
10003854:	2001      	movs	r0, #1
10003856:	0400      	lsls	r0, r0, #16
10003858:	183f      	adds	r7, r7, r0

1000385a <l14_1>:
1000385a:	0430      	lsls	r0, r6, #16
1000385c:	0c35      	lsrs	r5, r6, #16
1000385e:	1900      	adds	r0, r0, r4
10003860:	417d      	adcs	r5, r7
10003862:	4684      	mov	ip, r0
10003864:	b288      	uxth	r0, r1
10003866:	b29a      	uxth	r2, r3
10003868:	4350      	muls	r0, r2
1000386a:	0c0c      	lsrs	r4, r1, #16
1000386c:	4362      	muls	r2, r4
1000386e:	0c1f      	lsrs	r7, r3, #16
10003870:	437c      	muls	r4, r7
10003872:	b28e      	uxth	r6, r1
10003874:	437e      	muls	r6, r7
10003876:	1992      	adds	r2, r2, r6
10003878:	d302      	bcc.n	10003880 <l15_1>
1000387a:	2601      	movs	r6, #1
1000387c:	0436      	lsls	r6, r6, #16
1000387e:	19a4      	adds	r4, r4, r6

10003880 <l15_1>:
10003880:	0416      	lsls	r6, r2, #16
10003882:	0c17      	lsrs	r7, r2, #16
10003884:	1836      	adds	r6, r6, r0
10003886:	4167      	adcs	r7, r4
10003888:	bc01      	pop	{r0}
1000388a:	b281      	uxth	r1, r0
1000388c:	b29a      	uxth	r2, r3
1000388e:	4351      	muls	r1, r2
10003890:	0c04      	lsrs	r4, r0, #16
10003892:	4362      	muls	r2, r4
10003894:	0c1b      	lsrs	r3, r3, #16
10003896:	435c      	muls	r4, r3
10003898:	b280      	uxth	r0, r0
1000389a:	4358      	muls	r0, r3
1000389c:	1812      	adds	r2, r2, r0
1000389e:	d302      	bcc.n	100038a6 <l16_1>
100038a0:	2001      	movs	r0, #1
100038a2:	0400      	lsls	r0, r0, #16
100038a4:	1824      	adds	r4, r4, r0

100038a6 <l16_1>:
100038a6:	0410      	lsls	r0, r2, #16
100038a8:	0c13      	lsrs	r3, r2, #16
100038aa:	1840      	adds	r0, r0, r1
100038ac:	4163      	adcs	r3, r4
100038ae:	182d      	adds	r5, r5, r0
100038b0:	415e      	adcs	r6, r3
100038b2:	2000      	movs	r0, #0
100038b4:	4147      	adcs	r7, r0
100038b6:	bc06      	pop	{r1, r2}
100038b8:	b288      	uxth	r0, r1
100038ba:	b293      	uxth	r3, r2
100038bc:	4358      	muls	r0, r3
100038be:	0c0c      	lsrs	r4, r1, #16
100038c0:	4363      	muls	r3, r4
100038c2:	0c12      	lsrs	r2, r2, #16
100038c4:	4354      	muls	r4, r2
100038c6:	b289      	uxth	r1, r1
100038c8:	4351      	muls	r1, r2
100038ca:	185b      	adds	r3, r3, r1
100038cc:	d302      	bcc.n	100038d4 <l17_1>
100038ce:	2101      	movs	r1, #1
100038d0:	0409      	lsls	r1, r1, #16
100038d2:	1864      	adds	r4, r4, r1

100038d4 <l17_1>:
100038d4:	0419      	lsls	r1, r3, #16
100038d6:	0c1a      	lsrs	r2, r3, #16
100038d8:	1809      	adds	r1, r1, r0
100038da:	4162      	adcs	r2, r4
100038dc:	186d      	adds	r5, r5, r1
100038de:	4156      	adcs	r6, r2
100038e0:	2000      	movs	r0, #0
100038e2:	4147      	adcs	r7, r0
100038e4:	bc18      	pop	{r3, r4}
100038e6:	02f9      	lsls	r1, r7, #11
100038e8:	0d72      	lsrs	r2, r6, #21
100038ea:	4311      	orrs	r1, r2
100038ec:	02f0      	lsls	r0, r6, #11
100038ee:	0d6a      	lsrs	r2, r5, #21
100038f0:	4310      	orrs	r0, r2
100038f2:	02ed      	lsls	r5, r5, #11
100038f4:	0d0a      	lsrs	r2, r1, #20
100038f6:	d103      	bne.n	10003900 <l17_1+0x2c>
100038f8:	196d      	adds	r5, r5, r5
100038fa:	4140      	adcs	r0, r0
100038fc:	4149      	adcs	r1, r1
100038fe:	3b01      	subs	r3, #1
10003900:	4e12      	ldr	r6, [pc, #72]	@ (1000394c <dm_1+0xa>)
10003902:	1b9b      	subs	r3, r3, r6
10003904:	0076      	lsls	r6, r6, #1
10003906:	42b3      	cmp	r3, r6
10003908:	d20e      	bcs.n	10003928 <dm_0>
1000390a:	006d      	lsls	r5, r5, #1
1000390c:	d307      	bcc.n	1000391e <l17_1+0x4a>
1000390e:	3001      	adds	r0, #1
10003910:	2600      	movs	r6, #0
10003912:	4171      	adcs	r1, r6
10003914:	4666      	mov	r6, ip
10003916:	4335      	orrs	r5, r6
10003918:	d101      	bne.n	1000391e <l17_1+0x4a>
1000391a:	0840      	lsrs	r0, r0, #1
1000391c:	0040      	lsls	r0, r0, #1
1000391e:	051b      	lsls	r3, r3, #20
10003920:	18c9      	adds	r1, r1, r3

10003922 <dm_2>:
10003922:	07e4      	lsls	r4, r4, #31
10003924:	4421      	add	r1, r4
10003926:	bdf0      	pop	{r4, r5, r6, r7, pc}

10003928 <dm_0>:
10003928:	da0b      	bge.n	10003942 <dm_1>
1000392a:	3301      	adds	r3, #1
1000392c:	d106      	bne.n	1000393c <dm_0+0x14>
1000392e:	3001      	adds	r0, #1
10003930:	d104      	bne.n	1000393c <dm_0+0x14>
10003932:	3101      	adds	r1, #1
10003934:	0d4f      	lsrs	r7, r1, #21
10003936:	d001      	beq.n	1000393c <dm_0+0x14>
10003938:	0849      	lsrs	r1, r1, #1
1000393a:	e7f2      	b.n	10003922 <dm_2>
1000393c:	07e1      	lsls	r1, r4, #31
1000393e:	2000      	movs	r0, #0
10003940:	bdf0      	pop	{r4, r5, r6, r7, pc}

10003942 <dm_1>:
10003942:	3601      	adds	r6, #1
10003944:	0531      	lsls	r1, r6, #20
10003946:	2000      	movs	r0, #0
10003948:	e7eb      	b.n	10003922 <dm_2>
1000394a:	0000      	.short	0x0000
1000394c:	000003ff 	.word	0x000003ff

10003950 <ddiv_shim>:
10003950:	b5f0      	push	{r4, r5, r6, r7, lr}

10003952 <ddiv0>:
10003952:	0d1c      	lsrs	r4, r3, #20
10003954:	1e67      	subs	r7, r4, #1
10003956:	053f      	lsls	r7, r7, #20
10003958:	1bdb      	subs	r3, r3, r7
1000395a:	0ae7      	lsrs	r7, r4, #11
1000395c:	0564      	lsls	r4, r4, #21
1000395e:	0d64      	lsrs	r4, r4, #21
10003960:	d002      	beq.n	10003968 <l20_1>
10003962:	1c66      	adds	r6, r4, #1
10003964:	0af6      	lsrs	r6, r6, #11
10003966:	d004      	beq.n	10003972 <l20_2>

10003968 <l20_1>:
10003968:	2200      	movs	r2, #0
1000396a:	2301      	movs	r3, #1
1000396c:	051b      	lsls	r3, r3, #20
1000396e:	3c80      	subs	r4, #128	@ 0x80
10003970:	0324      	lsls	r4, r4, #12

10003972 <l20_2>:
10003972:	25d0      	movs	r5, #208	@ 0xd0
10003974:	062d      	lsls	r5, r5, #24
10003976:	2600      	movs	r6, #0
10003978:	43f6      	mvns	r6, r6
1000397a:	662e      	str	r6, [r5, #96]	@ 0x60
1000397c:	091e      	lsrs	r6, r3, #4
1000397e:	666e      	str	r6, [r5, #100]	@ 0x64
10003980:	0fce      	lsrs	r6, r1, #31
10003982:	19f6      	adds	r6, r6, r7
10003984:	46b4      	mov	ip, r6
10003986:	0049      	lsls	r1, r1, #1
10003988:	0d4f      	lsrs	r7, r1, #21
1000398a:	d002      	beq.n	10003992 <l20_2+0x20>
1000398c:	1c7e      	adds	r6, r7, #1
1000398e:	0af6      	lsrs	r6, r6, #11
10003990:	d003      	beq.n	1000399a <l20_2+0x28>
10003992:	2000      	movs	r0, #0
10003994:	2100      	movs	r1, #0
10003996:	3f40      	subs	r7, #64	@ 0x40
10003998:	033f      	lsls	r7, r7, #12
1000399a:	1b3e      	subs	r6, r7, r4
1000399c:	00b6      	lsls	r6, r6, #2
1000399e:	44b4      	add	ip, r6
100039a0:	3f01      	subs	r7, #1
100039a2:	057f      	lsls	r7, r7, #21
100039a4:	1bc9      	subs	r1, r1, r7
100039a6:	0849      	lsrs	r1, r1, #1
100039a8:	6f2e      	ldr	r6, [r5, #112]	@ 0x70
100039aa:	3601      	adds	r6, #1
100039ac:	0876      	lsrs	r6, r6, #1
100039ae:	029c      	lsls	r4, r3, #10
100039b0:	0d95      	lsrs	r5, r2, #22
100039b2:	4325      	orrs	r5, r4
100039b4:	4375      	muls	r5, r6
100039b6:	13ed      	asrs	r5, r5, #15
100039b8:	4375      	muls	r5, r6
100039ba:	13ad      	asrs	r5, r5, #14
100039bc:	3501      	adds	r5, #1
100039be:	106d      	asrs	r5, r5, #1
100039c0:	03f6      	lsls	r6, r6, #15
100039c2:	1b76      	subs	r6, r6, r5
100039c4:	b40c      	push	{r2, r3}
100039c6:	02cc      	lsls	r4, r1, #11
100039c8:	0d45      	lsrs	r5, r0, #21
100039ca:	432c      	orrs	r4, r5
100039cc:	b2a2      	uxth	r2, r4
100039ce:	b2b3      	uxth	r3, r6
100039d0:	435a      	muls	r2, r3
100039d2:	0c27      	lsrs	r7, r4, #16
100039d4:	437b      	muls	r3, r7
100039d6:	0c35      	lsrs	r5, r6, #16
100039d8:	436f      	muls	r7, r5
100039da:	b2a4      	uxth	r4, r4
100039dc:	436c      	muls	r4, r5
100039de:	191b      	adds	r3, r3, r4
100039e0:	d302      	bcc.n	100039e8 <l21_1>
100039e2:	2401      	movs	r4, #1
100039e4:	0424      	lsls	r4, r4, #16
100039e6:	193f      	adds	r7, r7, r4

100039e8 <l21_1>:
100039e8:	041c      	lsls	r4, r3, #16
100039ea:	0c1d      	lsrs	r5, r3, #16
100039ec:	18a4      	adds	r4, r4, r2
100039ee:	417d      	adcs	r5, r7
100039f0:	1924      	adds	r4, r4, r4
100039f2:	416d      	adcs	r5, r5
100039f4:	9a00      	ldr	r2, [sp, #0]
100039f6:	b291      	uxth	r1, r2
100039f8:	b2ac      	uxth	r4, r5
100039fa:	4361      	muls	r1, r4
100039fc:	0c17      	lsrs	r7, r2, #16
100039fe:	437c      	muls	r4, r7
10003a00:	0c2b      	lsrs	r3, r5, #16
10003a02:	435f      	muls	r7, r3
10003a04:	b292      	uxth	r2, r2
10003a06:	435a      	muls	r2, r3
10003a08:	18a4      	adds	r4, r4, r2
10003a0a:	d302      	bcc.n	10003a12 <l22_1>
10003a0c:	2201      	movs	r2, #1
10003a0e:	0412      	lsls	r2, r2, #16
10003a10:	18bf      	adds	r7, r7, r2

10003a12 <l22_1>:
10003a12:	0422      	lsls	r2, r4, #16
10003a14:	0c23      	lsrs	r3, r4, #16
10003a16:	1852      	adds	r2, r2, r1
10003a18:	417b      	adcs	r3, r7
10003a1a:	9c01      	ldr	r4, [sp, #4]
10003a1c:	436c      	muls	r4, r5
10003a1e:	191b      	adds	r3, r3, r4
10003a20:	0e52      	lsrs	r2, r2, #25
10003a22:	01d9      	lsls	r1, r3, #7
10003a24:	430a      	orrs	r2, r1
10003a26:	0144      	lsls	r4, r0, #5
10003a28:	1aa0      	subs	r0, r4, r2
10003a2a:	b281      	uxth	r1, r0
10003a2c:	b2b2      	uxth	r2, r6
10003a2e:	4351      	muls	r1, r2
10003a30:	1403      	asrs	r3, r0, #16
10003a32:	435a      	muls	r2, r3
10003a34:	0c36      	lsrs	r6, r6, #16
10003a36:	4373      	muls	r3, r6
10003a38:	b287      	uxth	r7, r0
10003a3a:	4377      	muls	r7, r6
10003a3c:	17d6      	asrs	r6, r2, #31
10003a3e:	19d2      	adds	r2, r2, r7
10003a40:	2700      	movs	r7, #0
10003a42:	417e      	adcs	r6, r7
10003a44:	0436      	lsls	r6, r6, #16
10003a46:	199b      	adds	r3, r3, r6
10003a48:	0417      	lsls	r7, r2, #16
10003a4a:	0c16      	lsrs	r6, r2, #16
10003a4c:	187f      	adds	r7, r7, r1
10003a4e:	415e      	adcs	r6, r3
10003a50:	1673      	asrs	r3, r6, #25
10003a52:	18ed      	adds	r5, r5, r3
10003a54:	01f3      	lsls	r3, r6, #7
10003a56:	2600      	movs	r6, #0
10003a58:	3380      	adds	r3, #128	@ 0x80
10003a5a:	4175      	adcs	r5, r6
10003a5c:	0fa9      	lsrs	r1, r5, #30
10003a5e:	d106      	bne.n	10003a6e <dd_0>
10003a60:	0064      	lsls	r4, r4, #1
10003a62:	0a69      	lsrs	r1, r5, #9
10003a64:	05e8      	lsls	r0, r5, #23
10003a66:	0a5b      	lsrs	r3, r3, #9
10003a68:	4318      	orrs	r0, r3
10003a6a:	d209      	bcs.n	10003a80 <dd_1>
10003a6c:	e02f      	b.n	10003ace <dd_2>

10003a6e <dd_0>:
10003a6e:	2204      	movs	r2, #4
10003a70:	4494      	add	ip, r2
10003a72:	3380      	adds	r3, #128	@ 0x80
10003a74:	4175      	adcs	r5, r6
10003a76:	0aa9      	lsrs	r1, r5, #10
10003a78:	05a8      	lsls	r0, r5, #22
10003a7a:	0a9b      	lsrs	r3, r3, #10
10003a7c:	4318      	orrs	r0, r3
10003a7e:	d326      	bcc.n	10003ace <dd_2>

10003a80 <dd_1>:
10003a80:	4140      	adcs	r0, r0
10003a82:	4149      	adcs	r1, r1
10003a84:	0424      	lsls	r4, r4, #16
10003a86:	9a00      	ldr	r2, [sp, #0]
10003a88:	9b01      	ldr	r3, [sp, #4]
10003a8a:	000d      	movs	r5, r1
10003a8c:	4355      	muls	r5, r2
10003a8e:	1b64      	subs	r4, r4, r5
10003a90:	4343      	muls	r3, r0
10003a92:	1ae4      	subs	r4, r4, r3
10003a94:	b295      	uxth	r5, r2
10003a96:	b286      	uxth	r6, r0
10003a98:	4375      	muls	r5, r6
10003a9a:	0c17      	lsrs	r7, r2, #16
10003a9c:	437e      	muls	r6, r7
10003a9e:	0c03      	lsrs	r3, r0, #16
10003aa0:	435f      	muls	r7, r3
10003aa2:	b292      	uxth	r2, r2
10003aa4:	435a      	muls	r2, r3
10003aa6:	18b6      	adds	r6, r6, r2
10003aa8:	d302      	bcc.n	10003ab0 <l24_1>
10003aaa:	2201      	movs	r2, #1
10003aac:	0412      	lsls	r2, r2, #16
10003aae:	18bf      	adds	r7, r7, r2

10003ab0 <l24_1>:
10003ab0:	0432      	lsls	r2, r6, #16
10003ab2:	0c33      	lsrs	r3, r6, #16
10003ab4:	1952      	adds	r2, r2, r5
10003ab6:	417b      	adcs	r3, r7
10003ab8:	4252      	negs	r2, r2
10003aba:	419c      	sbcs	r4, r3
10003abc:	2c00      	cmp	r4, #0
10003abe:	d402      	bmi.n	10003ac6 <l24_1+0x16>
10003ac0:	2200      	movs	r2, #0
10003ac2:	3001      	adds	r0, #1
10003ac4:	4151      	adcs	r1, r2
10003ac6:	0840      	lsrs	r0, r0, #1
10003ac8:	07ca      	lsls	r2, r1, #31
10003aca:	4310      	orrs	r0, r2
10003acc:	0849      	lsrs	r1, r1, #1

10003ace <dd_2>:
10003ace:	b002      	add	sp, #8
10003ad0:	4662      	mov	r2, ip
10003ad2:	07d7      	lsls	r7, r2, #31
10003ad4:	1092      	asrs	r2, r2, #2
10003ad6:	4b08      	ldr	r3, [pc, #32]	@ (10003af8 <dd_4+0x6>)
10003ad8:	18d2      	adds	r2, r2, r3
10003ada:	4b08      	ldr	r3, [pc, #32]	@ (10003afc <dd_4+0xa>)
10003adc:	429a      	cmp	r2, r3
10003ade:	d203      	bcs.n	10003ae8 <dd_3>
10003ae0:	0512      	lsls	r2, r2, #20
10003ae2:	1889      	adds	r1, r1, r2

10003ae4 <dd_5>:
10003ae4:	19c9      	adds	r1, r1, r7
10003ae6:	bdf0      	pop	{r4, r5, r6, r7, pc}

10003ae8 <dd_3>:
10003ae8:	2000      	movs	r0, #0
10003aea:	2a00      	cmp	r2, #0
10003aec:	dc01      	bgt.n	10003af2 <dd_4>
10003aee:	0039      	movs	r1, r7
10003af0:	bdf0      	pop	{r4, r5, r6, r7, pc}

10003af2 <dd_4>:
10003af2:	3301      	adds	r3, #1
10003af4:	0519      	lsls	r1, r3, #20
10003af6:	e7f5      	b.n	10003ae4 <dd_5>
10003af8:	000003fd 	.word	0x000003fd
10003afc:	000007fe 	.word	0x000007fe

10003b00 <double2uint_shim>:
10003b00:	2200      	movs	r2, #0

10003b02 <double2ufix_shim>:
10003b02:	b500      	push	{lr}
10003b04:	3220      	adds	r2, #32
10003b06:	f000 f804 	bl	10003b12 <double2ufix64_shim>
10003b0a:	0008      	movs	r0, r1
10003b0c:	bd00      	pop	{pc}
	...

10003b10 <double2uint64_shim>:
10003b10:	2200      	movs	r2, #0

10003b12 <double2ufix64_shim>:
10003b12:	150b      	asrs	r3, r1, #20
10003b14:	d40a      	bmi.n	10003b2c <ret_dzero>

10003b16 <d2fix>:
10003b16:	b510      	push	{r4, lr}
10003b18:	4694      	mov	ip, r2
10003b1a:	f000 f831 	bl	10003b80 <dunpacks>
10003b1e:	1414      	asrs	r4, r2, #16
10003b20:	3401      	adds	r4, #1
10003b22:	da00      	bge.n	10003b26 <d2fix+0x10>
10003b24:	2100      	movs	r1, #0
10003b26:	17cb      	asrs	r3, r1, #31
10003b28:	4c14      	ldr	r4, [pc, #80]	@ (10003b7c <d2fix_a+0x4a>)
10003b2a:	4720      	bx	r4

10003b2c <ret_dzero>:
10003b2c:	2000      	movs	r0, #0
10003b2e:	2100      	movs	r1, #0
10003b30:	4770      	bx	lr

10003b32 <d2fix_a>:
10003b32:	4462      	add	r2, ip
10003b34:	3a34      	subs	r2, #52	@ 0x34
10003b36:	d40c      	bmi.n	10003b52 <d2fix_a+0x20>
10003b38:	2a0c      	cmp	r2, #12
10003b3a:	da07      	bge.n	10003b4c <d2fix_a+0x1a>
10003b3c:	0004      	movs	r4, r0
10003b3e:	4091      	lsls	r1, r2
10003b40:	4090      	lsls	r0, r2
10003b42:	4252      	negs	r2, r2
10003b44:	3220      	adds	r2, #32
10003b46:	40d4      	lsrs	r4, r2
10003b48:	4321      	orrs	r1, r4
10003b4a:	bd10      	pop	{r4, pc}
10003b4c:	43d8      	mvns	r0, r3
10003b4e:	43d9      	mvns	r1, r3
10003b50:	bd10      	pop	{r4, pc}
10003b52:	3220      	adds	r2, #32
10003b54:	d407      	bmi.n	10003b66 <d2fix_a+0x34>
10003b56:	460c      	mov	r4, r1
10003b58:	4094      	lsls	r4, r2
10003b5a:	4252      	negs	r2, r2
10003b5c:	3220      	adds	r2, #32
10003b5e:	4111      	asrs	r1, r2
10003b60:	40d0      	lsrs	r0, r2
10003b62:	4320      	orrs	r0, r4
10003b64:	bd10      	pop	{r4, pc}
10003b66:	0008      	movs	r0, r1
10003b68:	17c9      	asrs	r1, r1, #31
10003b6a:	3220      	adds	r2, #32
10003b6c:	d403      	bmi.n	10003b76 <d2fix_a+0x44>
10003b6e:	4252      	negs	r2, r2
10003b70:	3220      	adds	r2, #32
10003b72:	4110      	asrs	r0, r2
10003b74:	bd10      	pop	{r4, pc}
10003b76:	0018      	movs	r0, r3
10003b78:	0019      	movs	r1, r3
10003b7a:	bd10      	pop	{r4, pc}
10003b7c:	10003b33 	.word	0x10003b33

10003b80 <dunpacks>:
10003b80:	0d0a      	lsrs	r2, r1, #20
10003b82:	0fcc      	lsrs	r4, r1, #31
10003b84:	1e53      	subs	r3, r2, #1
10003b86:	051b      	lsls	r3, r3, #20
10003b88:	1ac9      	subs	r1, r1, r3
10003b8a:	0552      	lsls	r2, r2, #21
10003b8c:	d303      	bcc.n	10003b96 <l60_1>
10003b8e:	43c9      	mvns	r1, r1
10003b90:	4240      	negs	r0, r0
10003b92:	d300      	bcc.n	10003b96 <l60_1>
10003b94:	3101      	adds	r1, #1

10003b96 <l60_1>:
10003b96:	0d52      	lsrs	r2, r2, #21
10003b98:	d003      	beq.n	10003ba2 <l60_2>
10003b9a:	1c53      	adds	r3, r2, #1
10003b9c:	0adb      	lsrs	r3, r3, #11
10003b9e:	d007      	beq.n	10003bb0 <l60_3>
10003ba0:	1b12      	subs	r2, r2, r4

10003ba2 <l60_2>:
10003ba2:	2000      	movs	r0, #0
10003ba4:	0064      	lsls	r4, r4, #1
10003ba6:	1c61      	adds	r1, r4, #1
10003ba8:	0789      	lsls	r1, r1, #30
10003baa:	1289      	asrs	r1, r1, #10
10003bac:	3a80      	subs	r2, #128	@ 0x80
10003bae:	0312      	lsls	r2, r2, #12

10003bb0 <l60_3>:
10003bb0:	4b01      	ldr	r3, [pc, #4]	@ (10003bb8 <l60_3+0x8>)
10003bb2:	1ad2      	subs	r2, r2, r3
10003bb4:	4770      	bx	lr
10003bb6:	0000      	.short	0x0000
10003bb8:	000003ff 	.word	0x000003ff

10003bbc <__wrap___aeabi_lmul>:
10003bbc:	4351      	muls	r1, r2
10003bbe:	4343      	muls	r3, r0
10003bc0:	18c9      	adds	r1, r1, r3
10003bc2:	468c      	mov	ip, r1
10003bc4:	0c11      	lsrs	r1, r2, #16
10003bc6:	b283      	uxth	r3, r0
10003bc8:	434b      	muls	r3, r1
10003bca:	b410      	push	{r4}
10003bcc:	0c04      	lsrs	r4, r0, #16
10003bce:	4361      	muls	r1, r4
10003bd0:	b292      	uxth	r2, r2
10003bd2:	b280      	uxth	r0, r0
10003bd4:	4350      	muls	r0, r2
10003bd6:	4362      	muls	r2, r4
10003bd8:	041c      	lsls	r4, r3, #16
10003bda:	0c1b      	lsrs	r3, r3, #16
10003bdc:	1900      	adds	r0, r0, r4
10003bde:	bc10      	pop	{r4}
10003be0:	4159      	adcs	r1, r3
10003be2:	0413      	lsls	r3, r2, #16
10003be4:	0c12      	lsrs	r2, r2, #16
10003be6:	18c0      	adds	r0, r0, r3
10003be8:	4151      	adcs	r1, r2
10003bea:	4461      	add	r1, ip
10003bec:	4770      	bx	lr
	...

10003bf0 <__wrap___aeabi_frsub>:
10003bf0:	4048      	eors	r0, r1
10003bf2:	4041      	eors	r1, r0
10003bf4:	4048      	eors	r0, r1

10003bf6 <__wrap___aeabi_fsub>:
10003bf6:	4b0e      	ldr	r3, [pc, #56]	@ (10003c30 <__wrap___aeabi_fmul+0x6>)
10003bf8:	685b      	ldr	r3, [r3, #4]
10003bfa:	4718      	bx	r3

10003bfc <__wrap___aeabi_fadd>:
10003bfc:	4b0c      	ldr	r3, [pc, #48]	@ (10003c30 <__wrap___aeabi_fmul+0x6>)
10003bfe:	681b      	ldr	r3, [r3, #0]
10003c00:	4718      	bx	r3

10003c02 <__wrap___aeabi_fdiv>:
10003c02:	4a0c      	ldr	r2, [pc, #48]	@ (10003c34 <__wrap___aeabi_fmul+0xa>)
10003c04:	6f93      	ldr	r3, [r2, #120]	@ 0x78
10003c06:	089b      	lsrs	r3, r3, #2
10003c08:	d202      	bcs.n	10003c10 <fdiv_save_state>

10003c0a <fdiv_shim_call>:
10003c0a:	4b09      	ldr	r3, [pc, #36]	@ (10003c30 <__wrap___aeabi_fmul+0x6>)
10003c0c:	68db      	ldr	r3, [r3, #12]
10003c0e:	4718      	bx	r3

10003c10 <fdiv_save_state>:
10003c10:	b5f0      	push	{r4, r5, r6, r7, lr}
10003c12:	6e14      	ldr	r4, [r2, #96]	@ 0x60
10003c14:	6e55      	ldr	r5, [r2, #100]	@ 0x64
10003c16:	6f57      	ldr	r7, [r2, #116]	@ 0x74
10003c18:	6f16      	ldr	r6, [r2, #112]	@ 0x70
10003c1a:	f7ff fff6 	bl	10003c0a <fdiv_shim_call>
10003c1e:	4a05      	ldr	r2, [pc, #20]	@ (10003c34 <__wrap___aeabi_fmul+0xa>)
10003c20:	6614      	str	r4, [r2, #96]	@ 0x60
10003c22:	6655      	str	r5, [r2, #100]	@ 0x64
10003c24:	6757      	str	r7, [r2, #116]	@ 0x74
10003c26:	6716      	str	r6, [r2, #112]	@ 0x70
10003c28:	bdf0      	pop	{r4, r5, r6, r7, pc}

10003c2a <__wrap___aeabi_fmul>:
10003c2a:	4b01      	ldr	r3, [pc, #4]	@ (10003c30 <__wrap___aeabi_fmul+0x6>)
10003c2c:	689b      	ldr	r3, [r3, #8]
10003c2e:	4718      	bx	r3
10003c30:	200019d8 	.word	0x200019d8
10003c34:	d0000000 	.word	0xd0000000

10003c38 <__wrap___aeabi_ui2f>:
10003c38:	1a49      	subs	r1, r1, r1
10003c3a:	2800      	cmp	r0, #0
10003c3c:	d108      	bne.n	10003c50 <__aeabi_i2f_main>
10003c3e:	4608      	mov	r0, r1
10003c40:	4770      	bx	lr
	...

10003c44 <__wrap___aeabi_i2f>:
10003c44:	0fc1      	lsrs	r1, r0, #31
10003c46:	07c9      	lsls	r1, r1, #31
10003c48:	d500      	bpl.n	10003c4c <__wrap___aeabi_i2f+0x8>
10003c4a:	4240      	negs	r0, r0
10003c4c:	2800      	cmp	r0, #0
10003c4e:	d017      	beq.n	10003c80 <__aeabi_i2f_main+0x30>

10003c50 <__aeabi_i2f_main>:
10003c50:	46f4      	mov	ip, lr
10003c52:	b403      	push	{r0, r1}
10003c54:	4b0b      	ldr	r3, [pc, #44]	@ (10003c84 <__aeabi_i2f_main+0x34>)
10003c56:	681b      	ldr	r3, [r3, #0]
10003c58:	4798      	blx	r3
10003c5a:	bc06      	pop	{r1, r2}
10003c5c:	4081      	lsls	r1, r0
10003c5e:	389e      	subs	r0, #158	@ 0x9e
10003c60:	4240      	negs	r0, r0
10003c62:	3180      	adds	r1, #128	@ 0x80
10003c64:	d207      	bcs.n	10003c76 <__aeabi_i2f_main+0x26>
10003c66:	060b      	lsls	r3, r1, #24
10003c68:	d007      	beq.n	10003c7a <__aeabi_i2f_main+0x2a>
10003c6a:	0049      	lsls	r1, r1, #1
10003c6c:	0a49      	lsrs	r1, r1, #9
10003c6e:	05c0      	lsls	r0, r0, #23
10003c70:	4310      	orrs	r0, r2
10003c72:	4308      	orrs	r0, r1
10003c74:	4760      	bx	ip
10003c76:	3001      	adds	r0, #1
10003c78:	e7f8      	b.n	10003c6c <__aeabi_i2f_main+0x1c>
10003c7a:	0a49      	lsrs	r1, r1, #9
10003c7c:	0289      	lsls	r1, r1, #10
10003c7e:	e7f5      	b.n	10003c6c <__aeabi_i2f_main+0x1c>
10003c80:	4770      	bx	lr
10003c82:	0000      	.short	0x0000
10003c84:	2000267c 	.word	0x2000267c

10003c88 <__wrap___aeabi_f2uiz>:
10003c88:	4b01      	ldr	r3, [pc, #4]	@ (10003c90 <__wrap___aeabi_f2uiz+0x8>)
10003c8a:	6a5b      	ldr	r3, [r3, #36]	@ 0x24
10003c8c:	4718      	bx	r3
10003c8e:	0000      	.short	0x0000
10003c90:	200019d8 	.word	0x200019d8

10003c94 <__aeabi_float_init>:
10003c94:	2200      	movs	r2, #0
10003c96:	b510      	push	{r4, lr}
10003c98:	4b14      	ldr	r3, [pc, #80]	@ (10003cec <__aeabi_float_init+0x58>)
10003c9a:	446b      	add	r3, sp
10003c9c:	601a      	str	r2, [r3, #0]
10003c9e:	2313      	movs	r3, #19
10003ca0:	4813      	ldr	r0, [pc, #76]	@ (10003cf0 <__aeabi_float_init+0x5c>)
10003ca2:	781c      	ldrb	r4, [r3, #0]
10003ca4:	f7ff f908 	bl	10002eb8 <rom_data_lookup>
10003ca8:	0001      	movs	r1, r0
10003caa:	2c01      	cmp	r4, #1
10003cac:	d00a      	beq.n	10003cc4 <__aeabi_float_init+0x30>
10003cae:	dd03      	ble.n	10003cb8 <__aeabi_float_init+0x24>
10003cb0:	2280      	movs	r2, #128	@ 0x80
10003cb2:	4810      	ldr	r0, [pc, #64]	@ (10003cf4 <__aeabi_float_init+0x60>)
10003cb4:	f000 f86e 	bl	10003d94 <__wrap___aeabi_memcpy>
10003cb8:	480f      	ldr	r0, [pc, #60]	@ (10003cf8 <__aeabi_float_init+0x64>)
10003cba:	f7ff f8ef 	bl	10002e9c <rom_func_lookup>
10003cbe:	4b0f      	ldr	r3, [pc, #60]	@ (10003cfc <__aeabi_float_init+0x68>)
10003cc0:	6018      	str	r0, [r3, #0]
10003cc2:	bd10      	pop	{r4, pc}
10003cc4:	4c0b      	ldr	r4, [pc, #44]	@ (10003cf4 <__aeabi_float_init+0x60>)
10003cc6:	2254      	movs	r2, #84	@ 0x54
10003cc8:	0020      	movs	r0, r4
10003cca:	f000 f863 	bl	10003d94 <__wrap___aeabi_memcpy>
10003cce:	4b0c      	ldr	r3, [pc, #48]	@ (10003d00 <__aeabi_float_init+0x6c>)
10003cd0:	6563      	str	r3, [r4, #84]	@ 0x54
10003cd2:	65a3      	str	r3, [r4, #88]	@ 0x58
10003cd4:	65e3      	str	r3, [r4, #92]	@ 0x5c
10003cd6:	6623      	str	r3, [r4, #96]	@ 0x60
10003cd8:	6663      	str	r3, [r4, #100]	@ 0x64
10003cda:	66a3      	str	r3, [r4, #104]	@ 0x68
10003cdc:	66e3      	str	r3, [r4, #108]	@ 0x6c
10003cde:	6723      	str	r3, [r4, #112]	@ 0x70
10003ce0:	6763      	str	r3, [r4, #116]	@ 0x74
10003ce2:	67a3      	str	r3, [r4, #120]	@ 0x78
10003ce4:	67e3      	str	r3, [r4, #124]	@ 0x7c
10003ce6:	6223      	str	r3, [r4, #32]
10003ce8:	61e3      	str	r3, [r4, #28]
10003cea:	e7e5      	b.n	10003cb8 <__aeabi_float_init+0x24>
10003cec:	ffffeed8 	.word	0xffffeed8
10003cf0:	00004653 	.word	0x00004653
10003cf4:	200019d8 	.word	0x200019d8
10003cf8:	0000334c 	.word	0x0000334c
10003cfc:	2000267c 	.word	0x2000267c
10003d00:	10003d05 	.word	0x10003d05

10003d04 <float_table_shim_on_use_helper>:
10003d04:	b507      	push	{r0, r1, r2, lr}
10003d06:	4660      	mov	r0, ip
10003d08:	8801      	ldrh	r1, [r0, #0]
10003d0a:	0a0a      	lsrs	r2, r1, #8
10003d0c:	3002      	adds	r0, #2
10003d0e:	2adf      	cmp	r2, #223	@ 0xdf
10003d10:	d1fa      	bne.n	10003d08 <float_table_shim_on_use_helper+0x4>
10003d12:	b2c9      	uxtb	r1, r1
10003d14:	0882      	lsrs	r2, r0, #2
10003d16:	d304      	bcc.n	10003d22 <float_table_shim_on_use_helper+0x1e>
10003d18:	8802      	ldrh	r2, [r0, #0]
10003d1a:	8840      	ldrh	r0, [r0, #2]
10003d1c:	0400      	lsls	r0, r0, #16
10003d1e:	4310      	orrs	r0, r2
10003d20:	e000      	b.n	10003d24 <float_table_shim_on_use_helper+0x20>
10003d22:	6800      	ldr	r0, [r0, #0]
10003d24:	4a01      	ldr	r2, [pc, #4]	@ (10003d2c <float_table_shim_on_use_helper+0x28>)
10003d26:	5050      	str	r0, [r2, r1]
10003d28:	9003      	str	r0, [sp, #12]
10003d2a:	bd07      	pop	{r0, r1, r2, pc}
10003d2c:	200019d8 	.word	0x200019d8

10003d30 <__wrap_malloc>:
10003d30:	b570      	push	{r4, r5, r6, lr}
10003d32:	2200      	movs	r2, #0
10003d34:	0004      	movs	r4, r0
10003d36:	4b0c      	ldr	r3, [pc, #48]	@ (10003d68 <__wrap_malloc+0x38>)
10003d38:	446b      	add	r3, sp
10003d3a:	601a      	str	r2, [r3, #0]
10003d3c:	4e0b      	ldr	r6, [pc, #44]	@ (10003d6c <__wrap_malloc+0x3c>)
10003d3e:	0030      	movs	r0, r6
10003d40:	f004 fade 	bl	10008300 <__mutex_enter_blocking_veneer>
10003d44:	0020      	movs	r0, r4
10003d46:	f004 f9af 	bl	100080a8 <malloc>
10003d4a:	0005      	movs	r5, r0
10003d4c:	0030      	movs	r0, r6
10003d4e:	f004 fa97 	bl	10008280 <__mutex_exit_veneer>
10003d52:	2d00      	cmp	r5, #0
10003d54:	d005      	beq.n	10003d62 <__wrap_malloc+0x32>
10003d56:	4b06      	ldr	r3, [pc, #24]	@ (10003d70 <__wrap_malloc+0x40>)
10003d58:	192c      	adds	r4, r5, r4
10003d5a:	429c      	cmp	r4, r3
10003d5c:	d801      	bhi.n	10003d62 <__wrap_malloc+0x32>
10003d5e:	0028      	movs	r0, r5
10003d60:	bd70      	pop	{r4, r5, r6, pc}
10003d62:	4804      	ldr	r0, [pc, #16]	@ (10003d74 <__wrap_malloc+0x44>)
10003d64:	f7fd fd5a 	bl	1000181c <panic>
10003d68:	ffffeed8 	.word	0xffffeed8
10003d6c:	20001740 	.word	0x20001740
10003d70:	20040000 	.word	0x20040000
10003d74:	10008464 	.word	0x10008464

10003d78 <__aeabi_mem_init>:
10003d78:	4801      	ldr	r0, [pc, #4]	@ (10003d80 <__aeabi_mem_init+0x8>)
10003d7a:	2104      	movs	r1, #4
10003d7c:	4b01      	ldr	r3, [pc, #4]	@ (10003d84 <__aeabi_mem_init+0xc>)
10003d7e:	4718      	bx	r3
10003d80:	200011b0 	.word	0x200011b0
10003d84:	10002ed5 	.word	0x10002ed5

10003d88 <__wrap_memset>:
10003d88:	4b01      	ldr	r3, [pc, #4]	@ (10003d90 <__wrap_memset+0x8>)
10003d8a:	681b      	ldr	r3, [r3, #0]
10003d8c:	4718      	bx	r3
10003d8e:	0000      	.short	0x0000
10003d90:	200011b0 	.word	0x200011b0

10003d94 <__wrap___aeabi_memcpy>:
10003d94:	4b01      	ldr	r3, [pc, #4]	@ (10003d9c <__wrap___aeabi_memcpy+0x8>)
10003d96:	685b      	ldr	r3, [r3, #4]
10003d98:	4718      	bx	r3
10003d9a:	0000      	.short	0x0000
10003d9c:	200011b0 	.word	0x200011b0

10003da0 <_out_buffer>:
10003da0:	429a      	cmp	r2, r3
10003da2:	d200      	bcs.n	10003da6 <_out_buffer+0x6>
10003da4:	5488      	strb	r0, [r1, r2]
10003da6:	4770      	bx	lr

10003da8 <_out_null>:
10003da8:	4770      	bx	lr
10003daa:	46c0      	nop			@ (mov r8, r8)

10003dac <_out_rev>:
10003dac:	b5f8      	push	{r3, r4, r5, r6, r7, lr}
10003dae:	46de      	mov	lr, fp
10003db0:	4657      	mov	r7, sl
10003db2:	464e      	mov	r6, r9
10003db4:	4645      	mov	r5, r8
10003db6:	b5e0      	push	{r5, r6, r7, lr}
10003db8:	4699      	mov	r9, r3
10003dba:	9b0a      	ldr	r3, [sp, #40]	@ 0x28
10003dbc:	4693      	mov	fp, r2
10003dbe:	469a      	mov	sl, r3
10003dc0:	2200      	movs	r2, #0
10003dc2:	0007      	movs	r7, r0
10003dc4:	4688      	mov	r8, r1
10003dc6:	4b26      	ldr	r3, [pc, #152]	@ (10003e60 <_out_rev+0xb4>)
10003dc8:	9c0b      	ldr	r4, [sp, #44]	@ 0x2c
10003dca:	446b      	add	r3, sp
10003dcc:	601a      	str	r2, [r3, #0]
10003dce:	9b0d      	ldr	r3, [sp, #52]	@ 0x34
10003dd0:	079b      	lsls	r3, r3, #30
10003dd2:	d13b      	bne.n	10003e4c <_out_rev+0xa0>
10003dd4:	9b0c      	ldr	r3, [sp, #48]	@ 0x30
10003dd6:	429c      	cmp	r4, r3
10003dd8:	d23d      	bcs.n	10003e56 <_out_rev+0xaa>
10003dda:	1b1e      	subs	r6, r3, r4
10003ddc:	940b      	str	r4, [sp, #44]	@ 0x2c
10003dde:	465d      	mov	r5, fp
10003de0:	000c      	movs	r4, r1
10003de2:	445e      	add	r6, fp
10003de4:	002a      	movs	r2, r5
10003de6:	464b      	mov	r3, r9
10003de8:	3501      	adds	r5, #1
10003dea:	0021      	movs	r1, r4
10003dec:	2020      	movs	r0, #32
10003dee:	47b8      	blx	r7
10003df0:	42b5      	cmp	r5, r6
10003df2:	d1f7      	bne.n	10003de4 <_out_rev+0x38>
10003df4:	46a0      	mov	r8, r4
10003df6:	9c0b      	ldr	r4, [sp, #44]	@ 0x2c
10003df8:	2c00      	cmp	r4, #0
10003dfa:	d020      	beq.n	10003e3e <_out_rev+0x92>
10003dfc:	4645      	mov	r5, r8
10003dfe:	1936      	adds	r6, r6, r4
10003e00:	4653      	mov	r3, sl
10003e02:	1b32      	subs	r2, r6, r4
10003e04:	3c01      	subs	r4, #1
10003e06:	5d18      	ldrb	r0, [r3, r4]
10003e08:	0029      	movs	r1, r5
10003e0a:	464b      	mov	r3, r9
10003e0c:	47b8      	blx	r7
10003e0e:	2c00      	cmp	r4, #0
10003e10:	d1f6      	bne.n	10003e00 <_out_rev+0x54>
10003e12:	002b      	movs	r3, r5
10003e14:	0035      	movs	r5, r6
10003e16:	4698      	mov	r8, r3
10003e18:	9b0d      	ldr	r3, [sp, #52]	@ 0x34
10003e1a:	079b      	lsls	r3, r3, #30
10003e1c:	d50f      	bpl.n	10003e3e <_out_rev+0x92>
10003e1e:	465b      	mov	r3, fp
10003e20:	1aec      	subs	r4, r5, r3
10003e22:	9b0c      	ldr	r3, [sp, #48]	@ 0x30
10003e24:	42a3      	cmp	r3, r4
10003e26:	d90a      	bls.n	10003e3e <_out_rev+0x92>
10003e28:	4646      	mov	r6, r8
10003e2a:	4698      	mov	r8, r3
10003e2c:	002a      	movs	r2, r5
10003e2e:	464b      	mov	r3, r9
10003e30:	0031      	movs	r1, r6
10003e32:	2020      	movs	r0, #32
10003e34:	3401      	adds	r4, #1
10003e36:	47b8      	blx	r7
10003e38:	3501      	adds	r5, #1
10003e3a:	4544      	cmp	r4, r8
10003e3c:	d3f6      	bcc.n	10003e2c <_out_rev+0x80>
10003e3e:	0028      	movs	r0, r5
10003e40:	bcf0      	pop	{r4, r5, r6, r7}
10003e42:	46bb      	mov	fp, r7
10003e44:	46b2      	mov	sl, r6
10003e46:	46a9      	mov	r9, r5
10003e48:	46a0      	mov	r8, r4
10003e4a:	bdf8      	pop	{r3, r4, r5, r6, r7, pc}
10003e4c:	465e      	mov	r6, fp
10003e4e:	465d      	mov	r5, fp
10003e50:	2c00      	cmp	r4, #0
10003e52:	d1d3      	bne.n	10003dfc <_out_rev+0x50>
10003e54:	e7e0      	b.n	10003e18 <_out_rev+0x6c>
10003e56:	465e      	mov	r6, fp
10003e58:	2c00      	cmp	r4, #0
10003e5a:	d1cf      	bne.n	10003dfc <_out_rev+0x50>
10003e5c:	465d      	mov	r5, fp
10003e5e:	e7ee      	b.n	10003e3e <_out_rev+0x92>
10003e60:	ffffeed8 	.word	0xffffeed8

10003e64 <_ntoa_format>:
10003e64:	b5f0      	push	{r4, r5, r6, r7, lr}
10003e66:	464f      	mov	r7, r9
10003e68:	4646      	mov	r6, r8
10003e6a:	46d6      	mov	lr, sl
10003e6c:	b5c0      	push	{r6, r7, lr}
10003e6e:	b084      	sub	sp, #16
10003e70:	4698      	mov	r8, r3
10003e72:	ab0e      	add	r3, sp, #56	@ 0x38
10003e74:	781b      	ldrb	r3, [r3, #0]
10003e76:	4694      	mov	ip, r2
10003e78:	4699      	mov	r9, r3
10003e7a:	2500      	movs	r5, #0
10003e7c:	4a8f      	ldr	r2, [pc, #572]	@ (100040bc <_ntoa_format+0x258>)
10003e7e:	9c0d      	ldr	r4, [sp, #52]	@ 0x34
10003e80:	9f10      	ldr	r7, [sp, #64]	@ 0x40
10003e82:	9e11      	ldr	r6, [sp, #68]	@ 0x44
10003e84:	9b12      	ldr	r3, [sp, #72]	@ 0x48
10003e86:	446a      	add	r2, sp
10003e88:	6015      	str	r5, [r2, #0]
10003e8a:	079a      	lsls	r2, r3, #30
10003e8c:	d425      	bmi.n	10003eda <_ntoa_format+0x76>
10003e8e:	2e00      	cmp	r6, #0
10003e90:	d165      	bne.n	10003f5e <_ntoa_format+0xfa>
10003e92:	42bc      	cmp	r4, r7
10003e94:	d221      	bcs.n	10003eda <_ntoa_format+0x76>
10003e96:	2201      	movs	r2, #1
10003e98:	401a      	ands	r2, r3
10003e9a:	4692      	mov	sl, r2
10003e9c:	2c20      	cmp	r4, #32
10003e9e:	d100      	bne.n	10003ea2 <_ntoa_format+0x3e>
10003ea0:	e0e9      	b.n	10004076 <_ntoa_format+0x212>
10003ea2:	9a0c      	ldr	r2, [sp, #48]	@ 0x30
10003ea4:	1e55      	subs	r5, r2, #1
10003ea6:	2230      	movs	r2, #48	@ 0x30
10003ea8:	e002      	b.n	10003eb0 <_ntoa_format+0x4c>
10003eaa:	2c20      	cmp	r4, #32
10003eac:	d100      	bne.n	10003eb0 <_ntoa_format+0x4c>
10003eae:	e07b      	b.n	10003fa8 <_ntoa_format+0x144>
10003eb0:	3401      	adds	r4, #1
10003eb2:	552a      	strb	r2, [r5, r4]
10003eb4:	42a7      	cmp	r7, r4
10003eb6:	d8f8      	bhi.n	10003eaa <_ntoa_format+0x46>
10003eb8:	4652      	mov	r2, sl
10003eba:	2a00      	cmp	r2, #0
10003ebc:	d00d      	beq.n	10003eda <_ntoa_format+0x76>
10003ebe:	42b4      	cmp	r4, r6
10003ec0:	d20b      	bcs.n	10003eda <_ntoa_format+0x76>
10003ec2:	9a0c      	ldr	r2, [sp, #48]	@ 0x30
10003ec4:	1e55      	subs	r5, r2, #1
10003ec6:	2230      	movs	r2, #48	@ 0x30
10003ec8:	2c20      	cmp	r4, #32
10003eca:	d102      	bne.n	10003ed2 <_ntoa_format+0x6e>
10003ecc:	e071      	b.n	10003fb2 <_ntoa_format+0x14e>
10003ece:	2c20      	cmp	r4, #32
10003ed0:	d02d      	beq.n	10003f2e <_ntoa_format+0xca>
10003ed2:	3401      	adds	r4, #1
10003ed4:	552a      	strb	r2, [r5, r4]
10003ed6:	42b4      	cmp	r4, r6
10003ed8:	d1f9      	bne.n	10003ece <_ntoa_format+0x6a>
10003eda:	06da      	lsls	r2, r3, #27
10003edc:	d53c      	bpl.n	10003f58 <_ntoa_format+0xf4>
10003ede:	055a      	lsls	r2, r3, #21
10003ee0:	d42e      	bmi.n	10003f40 <_ntoa_format+0xdc>
10003ee2:	2c00      	cmp	r4, #0
10003ee4:	d128      	bne.n	10003f38 <_ntoa_format+0xd4>
10003ee6:	9a0f      	ldr	r2, [sp, #60]	@ 0x3c
10003ee8:	2a10      	cmp	r2, #16
10003eea:	d100      	bne.n	10003eee <_ntoa_format+0x8a>
10003eec:	e0b6      	b.n	1000405c <_ntoa_format+0x1f8>
10003eee:	2a02      	cmp	r2, #2
10003ef0:	d100      	bne.n	10003ef4 <_ntoa_format+0x90>
10003ef2:	e0bc      	b.n	1000406e <_ntoa_format+0x20a>
10003ef4:	2230      	movs	r2, #48	@ 0x30
10003ef6:	9c0c      	ldr	r4, [sp, #48]	@ 0x30
10003ef8:	7022      	strb	r2, [r4, #0]
10003efa:	2401      	movs	r4, #1
10003efc:	464a      	mov	r2, r9
10003efe:	2a00      	cmp	r2, #0
10003f00:	d165      	bne.n	10003fce <_ntoa_format+0x16a>
10003f02:	075a      	lsls	r2, r3, #29
10003f04:	d400      	bmi.n	10003f08 <_ntoa_format+0xa4>
10003f06:	e099      	b.n	1000403c <_ntoa_format+0x1d8>
10003f08:	222b      	movs	r2, #43	@ 0x2b
10003f0a:	9d0c      	ldr	r5, [sp, #48]	@ 0x30
10003f0c:	552a      	strb	r2, [r5, r4]
10003f0e:	3401      	adds	r4, #1
10003f10:	9303      	str	r3, [sp, #12]
10003f12:	9b0c      	ldr	r3, [sp, #48]	@ 0x30
10003f14:	4662      	mov	r2, ip
10003f16:	9300      	str	r3, [sp, #0]
10003f18:	9602      	str	r6, [sp, #8]
10003f1a:	4643      	mov	r3, r8
10003f1c:	9401      	str	r4, [sp, #4]
10003f1e:	f7ff ff45 	bl	10003dac <_out_rev>
10003f22:	b004      	add	sp, #16
10003f24:	bce0      	pop	{r5, r6, r7}
10003f26:	46ba      	mov	sl, r7
10003f28:	46b1      	mov	r9, r6
10003f2a:	46a8      	mov	r8, r5
10003f2c:	bdf0      	pop	{r4, r5, r6, r7, pc}
10003f2e:	2420      	movs	r4, #32
10003f30:	06da      	lsls	r2, r3, #27
10003f32:	d5ed      	bpl.n	10003f10 <_ntoa_format+0xac>
10003f34:	055a      	lsls	r2, r3, #21
10003f36:	d403      	bmi.n	10003f40 <_ntoa_format+0xdc>
10003f38:	42a7      	cmp	r7, r4
10003f3a:	d066      	beq.n	1000400a <_ntoa_format+0x1a6>
10003f3c:	42b4      	cmp	r4, r6
10003f3e:	d064      	beq.n	1000400a <_ntoa_format+0x1a6>
10003f40:	9a0f      	ldr	r2, [sp, #60]	@ 0x3c
10003f42:	2a10      	cmp	r2, #16
10003f44:	d071      	beq.n	1000402a <_ntoa_format+0x1c6>
10003f46:	2a02      	cmp	r2, #2
10003f48:	d057      	beq.n	10003ffa <_ntoa_format+0x196>
10003f4a:	2c20      	cmp	r4, #32
10003f4c:	d0e0      	beq.n	10003f10 <_ntoa_format+0xac>
10003f4e:	0022      	movs	r2, r4
10003f50:	3401      	adds	r4, #1
10003f52:	2530      	movs	r5, #48	@ 0x30
10003f54:	9f0c      	ldr	r7, [sp, #48]	@ 0x30
10003f56:	54bd      	strb	r5, [r7, r2]
10003f58:	2c20      	cmp	r4, #32
10003f5a:	d0d9      	beq.n	10003f10 <_ntoa_format+0xac>
10003f5c:	e7ce      	b.n	10003efc <_ntoa_format+0x98>
10003f5e:	2201      	movs	r2, #1
10003f60:	0015      	movs	r5, r2
10003f62:	401d      	ands	r5, r3
10003f64:	46aa      	mov	sl, r5
10003f66:	421a      	tst	r2, r3
10003f68:	d036      	beq.n	10003fd8 <_ntoa_format+0x174>
10003f6a:	464a      	mov	r2, r9
10003f6c:	2a00      	cmp	r2, #0
10003f6e:	d14a      	bne.n	10004006 <_ntoa_format+0x1a2>
10003f70:	320c      	adds	r2, #12
10003f72:	421a      	tst	r2, r3
10003f74:	d147      	bne.n	10004006 <_ntoa_format+0x1a2>
10003f76:	42bc      	cmp	r4, r7
10003f78:	d2a1      	bcs.n	10003ebe <_ntoa_format+0x5a>
10003f7a:	2c20      	cmp	r4, #32
10003f7c:	d191      	bne.n	10003ea2 <_ntoa_format+0x3e>
10003f7e:	2e20      	cmp	r6, #32
10003f80:	d817      	bhi.n	10003fb2 <_ntoa_format+0x14e>
10003f82:	2420      	movs	r4, #32
10003f84:	06da      	lsls	r2, r3, #27
10003f86:	d5c3      	bpl.n	10003f10 <_ntoa_format+0xac>
10003f88:	055a      	lsls	r2, r3, #21
10003f8a:	d41b      	bmi.n	10003fc4 <_ntoa_format+0x160>
10003f8c:	2f20      	cmp	r7, #32
10003f8e:	d001      	beq.n	10003f94 <_ntoa_format+0x130>
10003f90:	2e20      	cmp	r6, #32
10003f92:	d1d5      	bne.n	10003f40 <_ntoa_format+0xdc>
10003f94:	221f      	movs	r2, #31
10003f96:	9d0f      	ldr	r5, [sp, #60]	@ 0x3c
10003f98:	2d10      	cmp	r5, #16
10003f9a:	d06f      	beq.n	1000407c <_ntoa_format+0x218>
10003f9c:	2d02      	cmp	r5, #2
10003f9e:	d1d8      	bne.n	10003f52 <_ntoa_format+0xee>
10003fa0:	2562      	movs	r5, #98	@ 0x62
10003fa2:	9f0c      	ldr	r7, [sp, #48]	@ 0x30
10003fa4:	54bd      	strb	r5, [r7, r2]
10003fa6:	e7d0      	b.n	10003f4a <_ntoa_format+0xe6>
10003fa8:	4652      	mov	r2, sl
10003faa:	2a00      	cmp	r2, #0
10003fac:	d079      	beq.n	100040a2 <_ntoa_format+0x23e>
10003fae:	2e20      	cmp	r6, #32
10003fb0:	d9bd      	bls.n	10003f2e <_ntoa_format+0xca>
10003fb2:	2420      	movs	r4, #32
10003fb4:	06da      	lsls	r2, r3, #27
10003fb6:	d5ab      	bpl.n	10003f10 <_ntoa_format+0xac>
10003fb8:	055a      	lsls	r2, r3, #21
10003fba:	d403      	bmi.n	10003fc4 <_ntoa_format+0x160>
10003fbc:	2f20      	cmp	r7, #32
10003fbe:	d0e9      	beq.n	10003f94 <_ntoa_format+0x130>
10003fc0:	2e20      	cmp	r6, #32
10003fc2:	d0e7      	beq.n	10003f94 <_ntoa_format+0x130>
10003fc4:	9a0f      	ldr	r2, [sp, #60]	@ 0x3c
10003fc6:	2a10      	cmp	r2, #16
10003fc8:	d1a2      	bne.n	10003f10 <_ntoa_format+0xac>
10003fca:	2420      	movs	r4, #32
10003fcc:	e7a0      	b.n	10003f10 <_ntoa_format+0xac>
10003fce:	222d      	movs	r2, #45	@ 0x2d
10003fd0:	9d0c      	ldr	r5, [sp, #48]	@ 0x30
10003fd2:	552a      	strb	r2, [r5, r4]
10003fd4:	3401      	adds	r4, #1
10003fd6:	e79b      	b.n	10003f10 <_ntoa_format+0xac>
10003fd8:	42bc      	cmp	r4, r7
10003fda:	d300      	bcc.n	10003fde <_ntoa_format+0x17a>
10003fdc:	e77d      	b.n	10003eda <_ntoa_format+0x76>
10003fde:	2c20      	cmp	r4, #32
10003fe0:	d000      	beq.n	10003fe4 <_ntoa_format+0x180>
10003fe2:	e75e      	b.n	10003ea2 <_ntoa_format+0x3e>
10003fe4:	06da      	lsls	r2, r3, #27
10003fe6:	d5f0      	bpl.n	10003fca <_ntoa_format+0x166>
10003fe8:	055a      	lsls	r2, r3, #21
10003fea:	d4ee      	bmi.n	10003fca <_ntoa_format+0x166>
10003fec:	2f20      	cmp	r7, #32
10003fee:	d062      	beq.n	100040b6 <_ntoa_format+0x252>
10003ff0:	2e20      	cmp	r6, #32
10003ff2:	d1ea      	bne.n	10003fca <_ntoa_format+0x166>
10003ff4:	0034      	movs	r4, r6
10003ff6:	221f      	movs	r2, #31
10003ff8:	e7cd      	b.n	10003f96 <_ntoa_format+0x132>
10003ffa:	2c20      	cmp	r4, #32
10003ffc:	d100      	bne.n	10004000 <_ntoa_format+0x19c>
10003ffe:	e787      	b.n	10003f10 <_ntoa_format+0xac>
10004000:	0022      	movs	r2, r4
10004002:	3401      	adds	r4, #1
10004004:	e7cc      	b.n	10003fa0 <_ntoa_format+0x13c>
10004006:	3e01      	subs	r6, #1
10004008:	e7b5      	b.n	10003f76 <_ntoa_format+0x112>
1000400a:	1e62      	subs	r2, r4, #1
1000400c:	2c01      	cmp	r4, #1
1000400e:	d1c2      	bne.n	10003f96 <_ntoa_format+0x132>
10004010:	9a0f      	ldr	r2, [sp, #60]	@ 0x3c
10004012:	2a10      	cmp	r2, #16
10004014:	d000      	beq.n	10004018 <_ntoa_format+0x1b4>
10004016:	e76a      	b.n	10003eee <_ntoa_format+0x8a>
10004018:	069a      	lsls	r2, r3, #26
1000401a:	d53b      	bpl.n	10004094 <_ntoa_format+0x230>
1000401c:	2258      	movs	r2, #88	@ 0x58
1000401e:	9c0c      	ldr	r4, [sp, #48]	@ 0x30
10004020:	7022      	strb	r2, [r4, #0]
10004022:	3a28      	subs	r2, #40	@ 0x28
10004024:	7062      	strb	r2, [r4, #1]
10004026:	2402      	movs	r4, #2
10004028:	e768      	b.n	10003efc <_ntoa_format+0x98>
1000402a:	069a      	lsls	r2, r3, #26
1000402c:	d40e      	bmi.n	1000404c <_ntoa_format+0x1e8>
1000402e:	2c20      	cmp	r4, #32
10004030:	d0cb      	beq.n	10003fca <_ntoa_format+0x166>
10004032:	2278      	movs	r2, #120	@ 0x78
10004034:	9d0c      	ldr	r5, [sp, #48]	@ 0x30
10004036:	552a      	strb	r2, [r5, r4]
10004038:	3401      	adds	r4, #1
1000403a:	e786      	b.n	10003f4a <_ntoa_format+0xe6>
1000403c:	071a      	lsls	r2, r3, #28
1000403e:	d400      	bmi.n	10004042 <_ntoa_format+0x1de>
10004040:	e766      	b.n	10003f10 <_ntoa_format+0xac>
10004042:	2220      	movs	r2, #32
10004044:	9d0c      	ldr	r5, [sp, #48]	@ 0x30
10004046:	552a      	strb	r2, [r5, r4]
10004048:	3401      	adds	r4, #1
1000404a:	e761      	b.n	10003f10 <_ntoa_format+0xac>
1000404c:	2c20      	cmp	r4, #32
1000404e:	d0bc      	beq.n	10003fca <_ntoa_format+0x166>
10004050:	2558      	movs	r5, #88	@ 0x58
10004052:	9a0c      	ldr	r2, [sp, #48]	@ 0x30
10004054:	1912      	adds	r2, r2, r4
10004056:	7015      	strb	r5, [r2, #0]
10004058:	3401      	adds	r4, #1
1000405a:	e776      	b.n	10003f4a <_ntoa_format+0xe6>
1000405c:	069a      	lsls	r2, r3, #26
1000405e:	d508      	bpl.n	10004072 <_ntoa_format+0x20e>
10004060:	2258      	movs	r2, #88	@ 0x58
10004062:	9c0c      	ldr	r4, [sp, #48]	@ 0x30
10004064:	7022      	strb	r2, [r4, #0]
10004066:	2230      	movs	r2, #48	@ 0x30
10004068:	7062      	strb	r2, [r4, #1]
1000406a:	2402      	movs	r4, #2
1000406c:	e746      	b.n	10003efc <_ntoa_format+0x98>
1000406e:	3260      	adds	r2, #96	@ 0x60
10004070:	e7f7      	b.n	10004062 <_ntoa_format+0x1fe>
10004072:	2278      	movs	r2, #120	@ 0x78
10004074:	e7f5      	b.n	10004062 <_ntoa_format+0x1fe>
10004076:	2a00      	cmp	r2, #0
10004078:	d183      	bne.n	10003f82 <_ntoa_format+0x11e>
1000407a:	e7b3      	b.n	10003fe4 <_ntoa_format+0x180>
1000407c:	1ea2      	subs	r2, r4, #2
1000407e:	3c01      	subs	r4, #1
10004080:	069d      	lsls	r5, r3, #26
10004082:	d403      	bmi.n	1000408c <_ntoa_format+0x228>
10004084:	2578      	movs	r5, #120	@ 0x78
10004086:	9f0c      	ldr	r7, [sp, #48]	@ 0x30
10004088:	54bd      	strb	r5, [r7, r2]
1000408a:	e760      	b.n	10003f4e <_ntoa_format+0xea>
1000408c:	2558      	movs	r5, #88	@ 0x58
1000408e:	9f0c      	ldr	r7, [sp, #48]	@ 0x30
10004090:	54bd      	strb	r5, [r7, r2]
10004092:	e75c      	b.n	10003f4e <_ntoa_format+0xea>
10004094:	2278      	movs	r2, #120	@ 0x78
10004096:	9c0c      	ldr	r4, [sp, #48]	@ 0x30
10004098:	7022      	strb	r2, [r4, #0]
1000409a:	3a48      	subs	r2, #72	@ 0x48
1000409c:	7062      	strb	r2, [r4, #1]
1000409e:	2402      	movs	r4, #2
100040a0:	e72c      	b.n	10003efc <_ntoa_format+0x98>
100040a2:	06da      	lsls	r2, r3, #27
100040a4:	d400      	bmi.n	100040a8 <_ntoa_format+0x244>
100040a6:	e733      	b.n	10003f10 <_ntoa_format+0xac>
100040a8:	055a      	lsls	r2, r3, #21
100040aa:	d48b      	bmi.n	10003fc4 <_ntoa_format+0x160>
100040ac:	2f20      	cmp	r7, #32
100040ae:	d000      	beq.n	100040b2 <_ntoa_format+0x24e>
100040b0:	e744      	b.n	10003f3c <_ntoa_format+0xd8>
100040b2:	221f      	movs	r2, #31
100040b4:	e76f      	b.n	10003f96 <_ntoa_format+0x132>
100040b6:	003c      	movs	r4, r7
100040b8:	221f      	movs	r2, #31
100040ba:	e76c      	b.n	10003f96 <_ntoa_format+0x132>
100040bc:	ffffeed8 	.word	0xffffeed8

100040c0 <_out_char>:
100040c0:	2200      	movs	r2, #0
100040c2:	b510      	push	{r4, lr}
100040c4:	4b04      	ldr	r3, [pc, #16]	@ (100040d8 <_out_char+0x18>)
100040c6:	446b      	add	r3, sp
100040c8:	601a      	str	r2, [r3, #0]
100040ca:	2800      	cmp	r0, #0
100040cc:	d100      	bne.n	100040d0 <_out_char+0x10>
100040ce:	bd10      	pop	{r4, pc}
100040d0:	f001 fbfa 	bl	100058c8 <__wrap_putchar>
100040d4:	e7fb      	b.n	100040ce <_out_char+0xe>
100040d6:	46c0      	nop			@ (mov r8, r8)
100040d8:	ffffeed8 	.word	0xffffeed8

100040dc <_out_fct>:
100040dc:	000b      	movs	r3, r1
100040de:	2100      	movs	r1, #0
100040e0:	b510      	push	{r4, lr}
100040e2:	4a04      	ldr	r2, [pc, #16]	@ (100040f4 <_out_fct+0x18>)
100040e4:	446a      	add	r2, sp
100040e6:	6011      	str	r1, [r2, #0]
100040e8:	2800      	cmp	r0, #0
100040ea:	d002      	beq.n	100040f2 <_out_fct+0x16>
100040ec:	6859      	ldr	r1, [r3, #4]
100040ee:	681b      	ldr	r3, [r3, #0]
100040f0:	4798      	blx	r3
100040f2:	bd10      	pop	{r4, pc}
100040f4:	ffffeed8 	.word	0xffffeed8

100040f8 <_etoa>:
100040f8:	b5f0      	push	{r4, r5, r6, r7, lr}
100040fa:	4657      	mov	r7, sl
100040fc:	464e      	mov	r6, r9
100040fe:	4645      	mov	r5, r8
10004100:	46de      	mov	lr, fp
10004102:	4690      	mov	r8, r2
10004104:	4682      	mov	sl, r0
10004106:	2200      	movs	r2, #0
10004108:	4689      	mov	r9, r1
1000410a:	b5e0      	push	{r5, r6, r7, lr}
1000410c:	b099      	sub	sp, #100	@ 0x64
1000410e:	9308      	str	r3, [sp, #32]
10004110:	4b79      	ldr	r3, [pc, #484]	@ (100042f8 <_etoa+0x200>)
10004112:	446b      	add	r3, sp
10004114:	601a      	str	r2, [r3, #0]
10004116:	9a22      	ldr	r2, [sp, #136]	@ 0x88
10004118:	9b23      	ldr	r3, [sp, #140]	@ 0x8c
1000411a:	0010      	movs	r0, r2
1000411c:	0019      	movs	r1, r3
1000411e:	f7ff f9ec 	bl	100034fa <__wrap___aeabi_dcmpun>
10004122:	2800      	cmp	r0, #0
10004124:	d000      	beq.n	10004128 <_etoa+0x30>
10004126:	e0cd      	b.n	100042c4 <_etoa+0x1cc>
10004128:	9822      	ldr	r0, [sp, #136]	@ 0x88
1000412a:	9923      	ldr	r1, [sp, #140]	@ 0x8c
1000412c:	2201      	movs	r2, #1
1000412e:	4b73      	ldr	r3, [pc, #460]	@ (100042fc <_etoa+0x204>)
10004130:	4252      	negs	r2, r2
10004132:	f7ff f9dd 	bl	100034f0 <__wrap___aeabi_dcmpgt>
10004136:	2800      	cmp	r0, #0
10004138:	d000      	beq.n	1000413c <_etoa+0x44>
1000413a:	e0c3      	b.n	100042c4 <_etoa+0x1cc>
1000413c:	9822      	ldr	r0, [sp, #136]	@ 0x88
1000413e:	9923      	ldr	r1, [sp, #140]	@ 0x8c
10004140:	2201      	movs	r2, #1
10004142:	4b6f      	ldr	r3, [pc, #444]	@ (10004300 <_etoa+0x208>)
10004144:	4252      	negs	r2, r2
10004146:	f7ff f9c5 	bl	100034d4 <__wrap___aeabi_dcmplt>
1000414a:	2800      	cmp	r0, #0
1000414c:	d000      	beq.n	10004150 <_etoa+0x58>
1000414e:	e0b9      	b.n	100042c4 <_etoa+0x1cc>
10004150:	9822      	ldr	r0, [sp, #136]	@ 0x88
10004152:	9923      	ldr	r1, [sp, #140]	@ 0x8c
10004154:	2200      	movs	r2, #0
10004156:	2300      	movs	r3, #0
10004158:	f7ff f9bc 	bl	100034d4 <__wrap___aeabi_dcmplt>
1000415c:	2800      	cmp	r0, #0
1000415e:	d000      	beq.n	10004162 <_etoa+0x6a>
10004160:	e1c6      	b.n	100044f0 <_etoa+0x3f8>
10004162:	9e22      	ldr	r6, [sp, #136]	@ 0x88
10004164:	9f23      	ldr	r7, [sp, #140]	@ 0x8c
10004166:	2380      	movs	r3, #128	@ 0x80
10004168:	9a26      	ldr	r2, [sp, #152]	@ 0x98
1000416a:	00db      	lsls	r3, r3, #3
1000416c:	401a      	ands	r2, r3
1000416e:	920d      	str	r2, [sp, #52]	@ 0x34
10004170:	9a26      	ldr	r2, [sp, #152]	@ 0x98
10004172:	421a      	tst	r2, r3
10004174:	d101      	bne.n	1000417a <_etoa+0x82>
10004176:	2306      	movs	r3, #6
10004178:	9324      	str	r3, [sp, #144]	@ 0x90
1000417a:	2380      	movs	r3, #128	@ 0x80
1000417c:	9a26      	ldr	r2, [sp, #152]	@ 0x98
1000417e:	011b      	lsls	r3, r3, #4
10004180:	401a      	ands	r2, r3
10004182:	003b      	movs	r3, r7
10004184:	4693      	mov	fp, r2
10004186:	9609      	str	r6, [sp, #36]	@ 0x24
10004188:	4333      	orrs	r3, r6
1000418a:	d000      	beq.n	1000418e <_etoa+0x96>
1000418c:	e0bc      	b.n	10004308 <_etoa+0x210>
1000418e:	2a00      	cmp	r2, #0
10004190:	d000      	beq.n	10004194 <_etoa+0x9c>
10004192:	e197      	b.n	100044c4 <_etoa+0x3cc>
10004194:	2300      	movs	r3, #0
10004196:	2400      	movs	r4, #0
10004198:	930a      	str	r3, [sp, #40]	@ 0x28
1000419a:	940b      	str	r4, [sp, #44]	@ 0x2c
1000419c:	2300      	movs	r3, #0
1000419e:	2504      	movs	r5, #4
100041a0:	9309      	str	r3, [sp, #36]	@ 0x24
100041a2:	9b25      	ldr	r3, [sp, #148]	@ 0x94
100041a4:	2400      	movs	r4, #0
100041a6:	42ab      	cmp	r3, r5
100041a8:	d900      	bls.n	100041ac <_etoa+0xb4>
100041aa:	1b5c      	subs	r4, r3, r5
100041ac:	2302      	movs	r3, #2
100041ae:	9a26      	ldr	r2, [sp, #152]	@ 0x98
100041b0:	401a      	ands	r2, r3
100041b2:	920c      	str	r2, [sp, #48]	@ 0x30
100041b4:	9a26      	ldr	r2, [sp, #152]	@ 0x98
100041b6:	4213      	tst	r3, r2
100041b8:	d003      	beq.n	100041c2 <_etoa+0xca>
100041ba:	426b      	negs	r3, r5
100041bc:	416b      	adcs	r3, r5
100041be:	425b      	negs	r3, r3
100041c0:	401c      	ands	r4, r3
100041c2:	9b09      	ldr	r3, [sp, #36]	@ 0x24
100041c4:	2b00      	cmp	r3, #0
100041c6:	d007      	beq.n	100041d8 <_etoa+0xe0>
100041c8:	9a0a      	ldr	r2, [sp, #40]	@ 0x28
100041ca:	9b0b      	ldr	r3, [sp, #44]	@ 0x2c
100041cc:	0030      	movs	r0, r6
100041ce:	0039      	movs	r1, r7
100041d0:	f7ff f91f 	bl	10003412 <__wrap___aeabi_ddiv>
100041d4:	0006      	movs	r6, r0
100041d6:	000f      	movs	r7, r1
100041d8:	9822      	ldr	r0, [sp, #136]	@ 0x88
100041da:	9923      	ldr	r1, [sp, #140]	@ 0x8c
100041dc:	2200      	movs	r2, #0
100041de:	2300      	movs	r3, #0
100041e0:	f7ff f978 	bl	100034d4 <__wrap___aeabi_dcmplt>
100041e4:	2800      	cmp	r0, #0
100041e6:	d003      	beq.n	100041f0 <_etoa+0xf8>
100041e8:	2180      	movs	r1, #128	@ 0x80
100041ea:	0609      	lsls	r1, r1, #24
100041ec:	187b      	adds	r3, r7, r1
100041ee:	001f      	movs	r7, r3
100041f0:	9a26      	ldr	r2, [sp, #152]	@ 0x98
100041f2:	4b44      	ldr	r3, [pc, #272]	@ (10004304 <_etoa+0x20c>)
100041f4:	9600      	str	r6, [sp, #0]
100041f6:	9701      	str	r7, [sp, #4]
100041f8:	4013      	ands	r3, r2
100041fa:	9e08      	ldr	r6, [sp, #32]
100041fc:	9304      	str	r3, [sp, #16]
100041fe:	9b24      	ldr	r3, [sp, #144]	@ 0x90
10004200:	9403      	str	r4, [sp, #12]
10004202:	9302      	str	r3, [sp, #8]
10004204:	4642      	mov	r2, r8
10004206:	0033      	movs	r3, r6
10004208:	4649      	mov	r1, r9
1000420a:	4650      	mov	r0, sl
1000420c:	f000 f9aa 	bl	10004564 <_ftoa>
10004210:	0004      	movs	r4, r0
10004212:	2d00      	cmp	r5, #0
10004214:	d067      	beq.n	100042e6 <_etoa+0x1ee>
10004216:	2020      	movs	r0, #32
10004218:	9a26      	ldr	r2, [sp, #152]	@ 0x98
1000421a:	4649      	mov	r1, r9
1000421c:	4002      	ands	r2, r0
1000421e:	0013      	movs	r3, r2
10004220:	425a      	negs	r2, r3
10004222:	4153      	adcs	r3, r2
10004224:	425b      	negs	r3, r3
10004226:	1c62      	adds	r2, r4, #1
10004228:	4018      	ands	r0, r3
1000422a:	920a      	str	r2, [sp, #40]	@ 0x28
1000422c:	0033      	movs	r3, r6
1000422e:	0022      	movs	r2, r4
10004230:	3045      	adds	r0, #69	@ 0x45
10004232:	47d0      	blx	sl
10004234:	9a09      	ldr	r2, [sp, #36]	@ 0x24
10004236:	1e6f      	subs	r7, r5, #1
10004238:	17d3      	asrs	r3, r2, #31
1000423a:	18d4      	adds	r4, r2, r3
1000423c:	405c      	eors	r4, r3
1000423e:	0fd3      	lsrs	r3, r2, #31
10004240:	469b      	mov	fp, r3
10004242:	2500      	movs	r5, #0
10004244:	e001      	b.n	1000424a <_etoa+0x152>
10004246:	2d20      	cmp	r5, #32
10004248:	d013      	beq.n	10004272 <_etoa+0x17a>
1000424a:	aa08      	add	r2, sp, #32
1000424c:	4694      	mov	ip, r2
1000424e:	231f      	movs	r3, #31
10004250:	0020      	movs	r0, r4
10004252:	4463      	add	r3, ip
10004254:	210a      	movs	r1, #10
10004256:	3501      	adds	r5, #1
10004258:	195e      	adds	r6, r3, r5
1000425a:	f7fe fe8d 	bl	10002f78 <__wrap___aeabi_uidiv>
1000425e:	3130      	adds	r1, #48	@ 0x30
10004260:	7031      	strb	r1, [r6, #0]
10004262:	0020      	movs	r0, r4
10004264:	210a      	movs	r1, #10
10004266:	f7fe fe87 	bl	10002f78 <__wrap___aeabi_uidiv>
1000426a:	0026      	movs	r6, r4
1000426c:	0004      	movs	r4, r0
1000426e:	2e09      	cmp	r6, #9
10004270:	d8e9      	bhi.n	10004246 <_etoa+0x14e>
10004272:	2305      	movs	r3, #5
10004274:	9306      	str	r3, [sp, #24]
10004276:	2300      	movs	r3, #0
10004278:	9304      	str	r3, [sp, #16]
1000427a:	330a      	adds	r3, #10
1000427c:	9303      	str	r3, [sp, #12]
1000427e:	465b      	mov	r3, fp
10004280:	9e08      	ldr	r6, [sp, #32]
10004282:	9302      	str	r3, [sp, #8]
10004284:	ab10      	add	r3, sp, #64	@ 0x40
10004286:	9a0a      	ldr	r2, [sp, #40]	@ 0x28
10004288:	9300      	str	r3, [sp, #0]
1000428a:	4649      	mov	r1, r9
1000428c:	0033      	movs	r3, r6
1000428e:	4650      	mov	r0, sl
10004290:	9705      	str	r7, [sp, #20]
10004292:	9501      	str	r5, [sp, #4]
10004294:	f7ff fde6 	bl	10003e64 <_ntoa_format>
10004298:	9a0c      	ldr	r2, [sp, #48]	@ 0x30
1000429a:	0004      	movs	r4, r0
1000429c:	2a00      	cmp	r2, #0
1000429e:	d022      	beq.n	100042e6 <_etoa+0x1ee>
100042a0:	4642      	mov	r2, r8
100042a2:	1a85      	subs	r5, r0, r2
100042a4:	9a25      	ldr	r2, [sp, #148]	@ 0x94
100042a6:	42aa      	cmp	r2, r5
100042a8:	d91d      	bls.n	100042e6 <_etoa+0x1ee>
100042aa:	46b0      	mov	r8, r6
100042ac:	4657      	mov	r7, sl
100042ae:	0016      	movs	r6, r2
100042b0:	0022      	movs	r2, r4
100042b2:	4643      	mov	r3, r8
100042b4:	4649      	mov	r1, r9
100042b6:	2020      	movs	r0, #32
100042b8:	3501      	adds	r5, #1
100042ba:	47b8      	blx	r7
100042bc:	3401      	adds	r4, #1
100042be:	42ae      	cmp	r6, r5
100042c0:	d8f6      	bhi.n	100042b0 <_etoa+0x1b8>
100042c2:	e010      	b.n	100042e6 <_etoa+0x1ee>
100042c4:	9b26      	ldr	r3, [sp, #152]	@ 0x98
100042c6:	4642      	mov	r2, r8
100042c8:	9304      	str	r3, [sp, #16]
100042ca:	9b25      	ldr	r3, [sp, #148]	@ 0x94
100042cc:	4649      	mov	r1, r9
100042ce:	9303      	str	r3, [sp, #12]
100042d0:	9b24      	ldr	r3, [sp, #144]	@ 0x90
100042d2:	4650      	mov	r0, sl
100042d4:	9302      	str	r3, [sp, #8]
100042d6:	9b22      	ldr	r3, [sp, #136]	@ 0x88
100042d8:	9c23      	ldr	r4, [sp, #140]	@ 0x8c
100042da:	9300      	str	r3, [sp, #0]
100042dc:	9401      	str	r4, [sp, #4]
100042de:	9b08      	ldr	r3, [sp, #32]
100042e0:	f000 f940 	bl	10004564 <_ftoa>
100042e4:	0004      	movs	r4, r0
100042e6:	0020      	movs	r0, r4
100042e8:	b019      	add	sp, #100	@ 0x64
100042ea:	bcf0      	pop	{r4, r5, r6, r7}
100042ec:	46bb      	mov	fp, r7
100042ee:	46b2      	mov	sl, r6
100042f0:	46a9      	mov	r9, r5
100042f2:	46a0      	mov	r8, r4
100042f4:	bdf0      	pop	{r4, r5, r6, r7, pc}
100042f6:	46c0      	nop			@ (mov r8, r8)
100042f8:	ffffeed8 	.word	0xffffeed8
100042fc:	7fefffff 	.word	0x7fefffff
10004300:	ffefffff 	.word	0xffefffff
10004304:	fffff7ff 	.word	0xfffff7ff
10004308:	4b7f      	ldr	r3, [pc, #508]	@ (10004508 <_etoa+0x410>)
1000430a:	0078      	lsls	r0, r7, #1
1000430c:	469c      	mov	ip, r3
1000430e:	0d40      	lsrs	r0, r0, #21
10004310:	4460      	add	r0, ip
10004312:	f7ff f903 	bl	1000351c <__wrap___aeabi_i2d>
10004316:	4a7d      	ldr	r2, [pc, #500]	@ (1000450c <_etoa+0x414>)
10004318:	4b7d      	ldr	r3, [pc, #500]	@ (10004510 <_etoa+0x418>)
1000431a:	f7ff f898 	bl	1000344e <__wrap___aeabi_dmul>
1000431e:	4a7d      	ldr	r2, [pc, #500]	@ (10004514 <_etoa+0x41c>)
10004320:	4b7d      	ldr	r3, [pc, #500]	@ (10004518 <_etoa+0x420>)
10004322:	f7ff f86d 	bl	10003400 <__wrap___aeabi_dadd>
10004326:	4a7d      	ldr	r2, [pc, #500]	@ (1000451c <_etoa+0x424>)
10004328:	033b      	lsls	r3, r7, #12
1000432a:	0b1b      	lsrs	r3, r3, #12
1000432c:	431a      	orrs	r2, r3
1000432e:	0004      	movs	r4, r0
10004330:	000d      	movs	r5, r1
10004332:	9809      	ldr	r0, [sp, #36]	@ 0x24
10004334:	0011      	movs	r1, r2
10004336:	4b7a      	ldr	r3, [pc, #488]	@ (10004520 <_etoa+0x428>)
10004338:	2200      	movs	r2, #0
1000433a:	f7ff f858 	bl	100033ee <__wrap___aeabi_dsub>
1000433e:	4a79      	ldr	r2, [pc, #484]	@ (10004524 <_etoa+0x42c>)
10004340:	4b79      	ldr	r3, [pc, #484]	@ (10004528 <_etoa+0x430>)
10004342:	f7ff f884 	bl	1000344e <__wrap___aeabi_dmul>
10004346:	0002      	movs	r2, r0
10004348:	000b      	movs	r3, r1
1000434a:	0020      	movs	r0, r4
1000434c:	0029      	movs	r1, r5
1000434e:	f7ff f857 	bl	10003400 <__wrap___aeabi_dadd>
10004352:	f7ff f8fb 	bl	1000354c <__wrap___aeabi_d2iz>
10004356:	9009      	str	r0, [sp, #36]	@ 0x24
10004358:	f7ff f8e0 	bl	1000351c <__wrap___aeabi_i2d>
1000435c:	4a73      	ldr	r2, [pc, #460]	@ (1000452c <_etoa+0x434>)
1000435e:	4b74      	ldr	r3, [pc, #464]	@ (10004530 <_etoa+0x438>)
10004360:	0004      	movs	r4, r0
10004362:	000d      	movs	r5, r1
10004364:	f7ff f873 	bl	1000344e <__wrap___aeabi_dmul>
10004368:	2200      	movs	r2, #0
1000436a:	4b72      	ldr	r3, [pc, #456]	@ (10004534 <_etoa+0x43c>)
1000436c:	f7ff f848 	bl	10003400 <__wrap___aeabi_dadd>
10004370:	f7ff f8ec 	bl	1000354c <__wrap___aeabi_d2iz>
10004374:	4a70      	ldr	r2, [pc, #448]	@ (10004538 <_etoa+0x440>)
10004376:	4b71      	ldr	r3, [pc, #452]	@ (1000453c <_etoa+0x444>)
10004378:	0029      	movs	r1, r5
1000437a:	900c      	str	r0, [sp, #48]	@ 0x30
1000437c:	0020      	movs	r0, r4
1000437e:	f7ff f866 	bl	1000344e <__wrap___aeabi_dmul>
10004382:	0004      	movs	r4, r0
10004384:	980c      	ldr	r0, [sp, #48]	@ 0x30
10004386:	000d      	movs	r5, r1
10004388:	f7ff f8c8 	bl	1000351c <__wrap___aeabi_i2d>
1000438c:	4a6c      	ldr	r2, [pc, #432]	@ (10004540 <_etoa+0x448>)
1000438e:	4b6d      	ldr	r3, [pc, #436]	@ (10004544 <_etoa+0x44c>)
10004390:	f7ff f85d 	bl	1000344e <__wrap___aeabi_dmul>
10004394:	0002      	movs	r2, r0
10004396:	000b      	movs	r3, r1
10004398:	0020      	movs	r0, r4
1000439a:	0029      	movs	r1, r5
1000439c:	f7ff f827 	bl	100033ee <__wrap___aeabi_dsub>
100043a0:	0004      	movs	r4, r0
100043a2:	000d      	movs	r5, r1
100043a4:	0002      	movs	r2, r0
100043a6:	000b      	movs	r3, r1
100043a8:	940a      	str	r4, [sp, #40]	@ 0x28
100043aa:	950b      	str	r5, [sp, #44]	@ 0x2c
100043ac:	f7ff f84f 	bl	1000344e <__wrap___aeabi_dmul>
100043b0:	0004      	movs	r4, r0
100043b2:	000d      	movs	r5, r1
100043b4:	980a      	ldr	r0, [sp, #40]	@ 0x28
100043b6:	990b      	ldr	r1, [sp, #44]	@ 0x2c
100043b8:	0002      	movs	r2, r0
100043ba:	000b      	movs	r3, r1
100043bc:	f7ff f820 	bl	10003400 <__wrap___aeabi_dadd>
100043c0:	2200      	movs	r2, #0
100043c2:	900e      	str	r0, [sp, #56]	@ 0x38
100043c4:	910f      	str	r1, [sp, #60]	@ 0x3c
100043c6:	4b60      	ldr	r3, [pc, #384]	@ (10004548 <_etoa+0x450>)
100043c8:	0020      	movs	r0, r4
100043ca:	0029      	movs	r1, r5
100043cc:	f7ff f821 	bl	10003412 <__wrap___aeabi_ddiv>
100043d0:	2200      	movs	r2, #0
100043d2:	4b5e      	ldr	r3, [pc, #376]	@ (1000454c <_etoa+0x454>)
100043d4:	f7ff f814 	bl	10003400 <__wrap___aeabi_dadd>
100043d8:	0002      	movs	r2, r0
100043da:	000b      	movs	r3, r1
100043dc:	0020      	movs	r0, r4
100043de:	0029      	movs	r1, r5
100043e0:	f7ff f817 	bl	10003412 <__wrap___aeabi_ddiv>
100043e4:	2200      	movs	r2, #0
100043e6:	4b5a      	ldr	r3, [pc, #360]	@ (10004550 <_etoa+0x458>)
100043e8:	f7ff f80a 	bl	10003400 <__wrap___aeabi_dadd>
100043ec:	0002      	movs	r2, r0
100043ee:	000b      	movs	r3, r1
100043f0:	0020      	movs	r0, r4
100043f2:	0029      	movs	r1, r5
100043f4:	f7ff f80d 	bl	10003412 <__wrap___aeabi_ddiv>
100043f8:	9a0a      	ldr	r2, [sp, #40]	@ 0x28
100043fa:	9b0b      	ldr	r3, [sp, #44]	@ 0x2c
100043fc:	000d      	movs	r5, r1
100043fe:	2180      	movs	r1, #128	@ 0x80
10004400:	0004      	movs	r4, r0
10004402:	05c9      	lsls	r1, r1, #23
10004404:	2000      	movs	r0, #0
10004406:	f7fe fff2 	bl	100033ee <__wrap___aeabi_dsub>
1000440a:	0002      	movs	r2, r0
1000440c:	000b      	movs	r3, r1
1000440e:	0020      	movs	r0, r4
10004410:	0029      	movs	r1, r5
10004412:	f7fe fff5 	bl	10003400 <__wrap___aeabi_dadd>
10004416:	0002      	movs	r2, r0
10004418:	000b      	movs	r3, r1
1000441a:	980e      	ldr	r0, [sp, #56]	@ 0x38
1000441c:	990f      	ldr	r1, [sp, #60]	@ 0x3c
1000441e:	f7fe fff8 	bl	10003412 <__wrap___aeabi_ddiv>
10004422:	2200      	movs	r2, #0
10004424:	4b3d      	ldr	r3, [pc, #244]	@ (1000451c <_etoa+0x424>)
10004426:	f7fe ffeb 	bl	10003400 <__wrap___aeabi_dadd>
1000442a:	4b4a      	ldr	r3, [pc, #296]	@ (10004554 <_etoa+0x45c>)
1000442c:	9c0c      	ldr	r4, [sp, #48]	@ 0x30
1000442e:	469c      	mov	ip, r3
10004430:	4464      	add	r4, ip
10004432:	0523      	lsls	r3, r4, #20
10004434:	2200      	movs	r2, #0
10004436:	f7ff f80a 	bl	1000344e <__wrap___aeabi_dmul>
1000443a:	0004      	movs	r4, r0
1000443c:	000d      	movs	r5, r1
1000443e:	0002      	movs	r2, r0
10004440:	000b      	movs	r3, r1
10004442:	0030      	movs	r0, r6
10004444:	0039      	movs	r1, r7
10004446:	940a      	str	r4, [sp, #40]	@ 0x28
10004448:	950b      	str	r5, [sp, #44]	@ 0x2c
1000444a:	f7ff f843 	bl	100034d4 <__wrap___aeabi_dcmplt>
1000444e:	2800      	cmp	r0, #0
10004450:	d129      	bne.n	100044a6 <_etoa+0x3ae>
10004452:	0023      	movs	r3, r4
10004454:	002a      	movs	r2, r5
10004456:	25c6      	movs	r5, #198	@ 0xc6
10004458:	9909      	ldr	r1, [sp, #36]	@ 0x24
1000445a:	3163      	adds	r1, #99	@ 0x63
1000445c:	428d      	cmp	r5, r1
1000445e:	41ad      	sbcs	r5, r5
10004460:	4659      	mov	r1, fp
10004462:	426d      	negs	r5, r5
10004464:	3504      	adds	r5, #4
10004466:	2900      	cmp	r1, #0
10004468:	d100      	bne.n	1000446c <_etoa+0x374>
1000446a:	e69a      	b.n	100041a2 <_etoa+0xaa>
1000446c:	4313      	orrs	r3, r2
1000446e:	d02f      	beq.n	100044d0 <_etoa+0x3d8>
10004470:	0030      	movs	r0, r6
10004472:	0039      	movs	r1, r7
10004474:	4a38      	ldr	r2, [pc, #224]	@ (10004558 <_etoa+0x460>)
10004476:	4b39      	ldr	r3, [pc, #228]	@ (1000455c <_etoa+0x464>)
10004478:	f7ff f832 	bl	100034e0 <__wrap___aeabi_dcmpge>
1000447c:	2800      	cmp	r0, #0
1000447e:	d007      	beq.n	10004490 <_etoa+0x398>
10004480:	2200      	movs	r2, #0
10004482:	0030      	movs	r0, r6
10004484:	0039      	movs	r1, r7
10004486:	4b36      	ldr	r3, [pc, #216]	@ (10004560 <_etoa+0x468>)
10004488:	f7ff f824 	bl	100034d4 <__wrap___aeabi_dcmplt>
1000448c:	2800      	cmp	r0, #0
1000448e:	d11f      	bne.n	100044d0 <_etoa+0x3d8>
10004490:	9b24      	ldr	r3, [sp, #144]	@ 0x90
10004492:	2b00      	cmp	r3, #0
10004494:	d100      	bne.n	10004498 <_etoa+0x3a0>
10004496:	e684      	b.n	100041a2 <_etoa+0xaa>
10004498:	9b0d      	ldr	r3, [sp, #52]	@ 0x34
1000449a:	1e5a      	subs	r2, r3, #1
1000449c:	4193      	sbcs	r3, r2
1000449e:	9a24      	ldr	r2, [sp, #144]	@ 0x90
100044a0:	1ad3      	subs	r3, r2, r3
100044a2:	9324      	str	r3, [sp, #144]	@ 0x90
100044a4:	e67d      	b.n	100041a2 <_etoa+0xaa>
100044a6:	9b09      	ldr	r3, [sp, #36]	@ 0x24
100044a8:	2200      	movs	r2, #0
100044aa:	3b01      	subs	r3, #1
100044ac:	9309      	str	r3, [sp, #36]	@ 0x24
100044ae:	0020      	movs	r0, r4
100044b0:	4b26      	ldr	r3, [pc, #152]	@ (1000454c <_etoa+0x454>)
100044b2:	0029      	movs	r1, r5
100044b4:	f7fe ffad 	bl	10003412 <__wrap___aeabi_ddiv>
100044b8:	000a      	movs	r2, r1
100044ba:	0001      	movs	r1, r0
100044bc:	0003      	movs	r3, r0
100044be:	910a      	str	r1, [sp, #40]	@ 0x28
100044c0:	920b      	str	r2, [sp, #44]	@ 0x2c
100044c2:	e7c8      	b.n	10004456 <_etoa+0x35e>
100044c4:	2300      	movs	r3, #0
100044c6:	2400      	movs	r4, #0
100044c8:	930a      	str	r3, [sp, #40]	@ 0x28
100044ca:	940b      	str	r4, [sp, #44]	@ 0x2c
100044cc:	2300      	movs	r3, #0
100044ce:	9309      	str	r3, [sp, #36]	@ 0x24
100044d0:	9a24      	ldr	r2, [sp, #144]	@ 0x90
100044d2:	9b09      	ldr	r3, [sp, #36]	@ 0x24
100044d4:	429a      	cmp	r2, r3
100044d6:	dd14      	ble.n	10004502 <_etoa+0x40a>
100044d8:	1ad3      	subs	r3, r2, r3
100044da:	3b01      	subs	r3, #1
100044dc:	9324      	str	r3, [sp, #144]	@ 0x90
100044de:	2380      	movs	r3, #128	@ 0x80
100044e0:	9a26      	ldr	r2, [sp, #152]	@ 0x98
100044e2:	00db      	lsls	r3, r3, #3
100044e4:	431a      	orrs	r2, r3
100044e6:	2300      	movs	r3, #0
100044e8:	2500      	movs	r5, #0
100044ea:	9226      	str	r2, [sp, #152]	@ 0x98
100044ec:	9309      	str	r3, [sp, #36]	@ 0x24
100044ee:	e658      	b.n	100041a2 <_etoa+0xaa>
100044f0:	2280      	movs	r2, #128	@ 0x80
100044f2:	0612      	lsls	r2, r2, #24
100044f4:	4694      	mov	ip, r2
100044f6:	9b22      	ldr	r3, [sp, #136]	@ 0x88
100044f8:	001e      	movs	r6, r3
100044fa:	9b23      	ldr	r3, [sp, #140]	@ 0x8c
100044fc:	4463      	add	r3, ip
100044fe:	001f      	movs	r7, r3
10004500:	e631      	b.n	10004166 <_etoa+0x6e>
10004502:	2300      	movs	r3, #0
10004504:	9324      	str	r3, [sp, #144]	@ 0x90
10004506:	e7ea      	b.n	100044de <_etoa+0x3e6>
10004508:	fffffc01 	.word	0xfffffc01
1000450c:	509f79fb 	.word	0x509f79fb
10004510:	3fd34413 	.word	0x3fd34413
10004514:	8b60c8b3 	.word	0x8b60c8b3
10004518:	3fc68a28 	.word	0x3fc68a28
1000451c:	3ff00000 	.word	0x3ff00000
10004520:	3ff80000 	.word	0x3ff80000
10004524:	636f4361 	.word	0x636f4361
10004528:	3fd287a7 	.word	0x3fd287a7
1000452c:	0979a371 	.word	0x0979a371
10004530:	400a934f 	.word	0x400a934f
10004534:	3fe00000 	.word	0x3fe00000
10004538:	bbb55516 	.word	0xbbb55516
1000453c:	40026bb1 	.word	0x40026bb1
10004540:	fefa39ef 	.word	0xfefa39ef
10004544:	3fe62e42 	.word	0x3fe62e42
10004548:	402c0000 	.word	0x402c0000
1000454c:	40240000 	.word	0x40240000
10004550:	40180000 	.word	0x40180000
10004554:	000003ff 	.word	0x000003ff
10004558:	eb1c432d 	.word	0xeb1c432d
1000455c:	3f1a36e2 	.word	0x3f1a36e2
10004560:	412e8480 	.word	0x412e8480

10004564 <_ftoa>:
10004564:	b5f0      	push	{r4, r5, r6, r7, lr}
10004566:	46de      	mov	lr, fp
10004568:	464e      	mov	r6, r9
1000456a:	4645      	mov	r5, r8
1000456c:	4657      	mov	r7, sl
1000456e:	4690      	mov	r8, r2
10004570:	4699      	mov	r9, r3
10004572:	2200      	movs	r2, #0
10004574:	468b      	mov	fp, r1
10004576:	b5e0      	push	{r5, r6, r7, lr}
10004578:	4bc6      	ldr	r3, [pc, #792]	@ (10004894 <_ftoa+0x330>)
1000457a:	b095      	sub	sp, #84	@ 0x54
1000457c:	9d20      	ldr	r5, [sp, #128]	@ 0x80
1000457e:	446b      	add	r3, sp
10004580:	900a      	str	r0, [sp, #40]	@ 0x28
10004582:	601a      	str	r2, [r3, #0]
10004584:	9a1e      	ldr	r2, [sp, #120]	@ 0x78
10004586:	9b1f      	ldr	r3, [sp, #124]	@ 0x7c
10004588:	0010      	movs	r0, r2
1000458a:	0019      	movs	r1, r3
1000458c:	f7fe ffb5 	bl	100034fa <__wrap___aeabi_dcmpun>
10004590:	2800      	cmp	r0, #0
10004592:	d000      	beq.n	10004596 <_ftoa+0x32>
10004594:	e1b2      	b.n	100048fc <_ftoa+0x398>
10004596:	981e      	ldr	r0, [sp, #120]	@ 0x78
10004598:	991f      	ldr	r1, [sp, #124]	@ 0x7c
1000459a:	2201      	movs	r2, #1
1000459c:	4bbe      	ldr	r3, [pc, #760]	@ (10004898 <_ftoa+0x334>)
1000459e:	4252      	negs	r2, r2
100045a0:	f7fe ff98 	bl	100034d4 <__wrap___aeabi_dcmplt>
100045a4:	2800      	cmp	r0, #0
100045a6:	d000      	beq.n	100045aa <_ftoa+0x46>
100045a8:	e137      	b.n	1000481a <_ftoa+0x2b6>
100045aa:	981e      	ldr	r0, [sp, #120]	@ 0x78
100045ac:	991f      	ldr	r1, [sp, #124]	@ 0x7c
100045ae:	2201      	movs	r2, #1
100045b0:	4bba      	ldr	r3, [pc, #744]	@ (1000489c <_ftoa+0x338>)
100045b2:	4252      	negs	r2, r2
100045b4:	f7fe ff9c 	bl	100034f0 <__wrap___aeabi_dcmpgt>
100045b8:	2800      	cmp	r0, #0
100045ba:	d000      	beq.n	100045be <_ftoa+0x5a>
100045bc:	e0a7      	b.n	1000470e <_ftoa+0x1aa>
100045be:	981e      	ldr	r0, [sp, #120]	@ 0x78
100045c0:	991f      	ldr	r1, [sp, #124]	@ 0x7c
100045c2:	2200      	movs	r2, #0
100045c4:	4bb6      	ldr	r3, [pc, #728]	@ (100048a0 <_ftoa+0x33c>)
100045c6:	f7fe ff93 	bl	100034f0 <__wrap___aeabi_dcmpgt>
100045ca:	2800      	cmp	r0, #0
100045cc:	d000      	beq.n	100045d0 <_ftoa+0x6c>
100045ce:	e088      	b.n	100046e2 <_ftoa+0x17e>
100045d0:	981e      	ldr	r0, [sp, #120]	@ 0x78
100045d2:	991f      	ldr	r1, [sp, #124]	@ 0x7c
100045d4:	2200      	movs	r2, #0
100045d6:	4bb3      	ldr	r3, [pc, #716]	@ (100048a4 <_ftoa+0x340>)
100045d8:	f7fe ff7c 	bl	100034d4 <__wrap___aeabi_dcmplt>
100045dc:	2800      	cmp	r0, #0
100045de:	d000      	beq.n	100045e2 <_ftoa+0x7e>
100045e0:	e07f      	b.n	100046e2 <_ftoa+0x17e>
100045e2:	981e      	ldr	r0, [sp, #120]	@ 0x78
100045e4:	991f      	ldr	r1, [sp, #124]	@ 0x7c
100045e6:	2200      	movs	r2, #0
100045e8:	2300      	movs	r3, #0
100045ea:	f7fe ff73 	bl	100034d4 <__wrap___aeabi_dcmplt>
100045ee:	2800      	cmp	r0, #0
100045f0:	d000      	beq.n	100045f4 <_ftoa+0x90>
100045f2:	e0fa      	b.n	100047ea <_ftoa+0x286>
100045f4:	2300      	movs	r3, #0
100045f6:	930b      	str	r3, [sp, #44]	@ 0x2c
100045f8:	2380      	movs	r3, #128	@ 0x80
100045fa:	9c22      	ldr	r4, [sp, #136]	@ 0x88
100045fc:	9a22      	ldr	r2, [sp, #136]	@ 0x88
100045fe:	00db      	lsls	r3, r3, #3
10004600:	401c      	ands	r4, r3
10004602:	421a      	tst	r2, r3
10004604:	d100      	bne.n	10004608 <_ftoa+0xa4>
10004606:	e102      	b.n	1000480e <_ftoa+0x2aa>
10004608:	2d09      	cmp	r5, #9
1000460a:	d800      	bhi.n	1000460e <_ftoa+0xaa>
1000460c:	e17e      	b.n	1000490c <_ftoa+0x3a8>
1000460e:	a906      	add	r1, sp, #24
10004610:	468c      	mov	ip, r1
10004612:	002c      	movs	r4, r5
10004614:	2217      	movs	r2, #23
10004616:	2300      	movs	r3, #0
10004618:	2130      	movs	r1, #48	@ 0x30
1000461a:	3c09      	subs	r4, #9
1000461c:	4462      	add	r2, ip
1000461e:	3301      	adds	r3, #1
10004620:	54d1      	strb	r1, [r2, r3]
10004622:	1aef      	subs	r7, r5, r3
10004624:	2b20      	cmp	r3, #32
10004626:	d100      	bne.n	1000462a <_ftoa+0xc6>
10004628:	e132      	b.n	10004890 <_ftoa+0x32c>
1000462a:	42a3      	cmp	r3, r4
1000462c:	d1f7      	bne.n	1000461e <_ftoa+0xba>
1000462e:	2200      	movs	r2, #0
10004630:	4b9b      	ldr	r3, [pc, #620]	@ (100048a0 <_ftoa+0x33c>)
10004632:	9206      	str	r2, [sp, #24]
10004634:	9307      	str	r3, [sp, #28]
10004636:	981e      	ldr	r0, [sp, #120]	@ 0x78
10004638:	991f      	ldr	r1, [sp, #124]	@ 0x7c
1000463a:	f7fe ff87 	bl	1000354c <__wrap___aeabi_d2iz>
1000463e:	0005      	movs	r5, r0
10004640:	f7fe ff6c 	bl	1000351c <__wrap___aeabi_i2d>
10004644:	0002      	movs	r2, r0
10004646:	000b      	movs	r3, r1
10004648:	981e      	ldr	r0, [sp, #120]	@ 0x78
1000464a:	991f      	ldr	r1, [sp, #124]	@ 0x7c
1000464c:	f7fe fecf 	bl	100033ee <__wrap___aeabi_dsub>
10004650:	9a06      	ldr	r2, [sp, #24]
10004652:	9b07      	ldr	r3, [sp, #28]
10004654:	f7fe fefb 	bl	1000344e <__wrap___aeabi_dmul>
10004658:	9008      	str	r0, [sp, #32]
1000465a:	9109      	str	r1, [sp, #36]	@ 0x24
1000465c:	f7fe ff9a 	bl	10003594 <__wrap___aeabi_d2uiz>
10004660:	0006      	movs	r6, r0
10004662:	f7fe ff57 	bl	10003514 <__wrap___aeabi_ui2d>
10004666:	0002      	movs	r2, r0
10004668:	000b      	movs	r3, r1
1000466a:	9808      	ldr	r0, [sp, #32]
1000466c:	9909      	ldr	r1, [sp, #36]	@ 0x24
1000466e:	f7fe febe 	bl	100033ee <__wrap___aeabi_dsub>
10004672:	2200      	movs	r2, #0
10004674:	4b8c      	ldr	r3, [pc, #560]	@ (100048a8 <_ftoa+0x344>)
10004676:	9008      	str	r0, [sp, #32]
10004678:	9109      	str	r1, [sp, #36]	@ 0x24
1000467a:	f7fe ff39 	bl	100034f0 <__wrap___aeabi_dcmpgt>
1000467e:	2800      	cmp	r0, #0
10004680:	d100      	bne.n	10004684 <_ftoa+0x120>
10004682:	e0d2      	b.n	1000482a <_ftoa+0x2c6>
10004684:	3601      	adds	r6, #1
10004686:	0030      	movs	r0, r6
10004688:	f7fe ff44 	bl	10003514 <__wrap___aeabi_ui2d>
1000468c:	9a06      	ldr	r2, [sp, #24]
1000468e:	9b07      	ldr	r3, [sp, #28]
10004690:	f7fe ff26 	bl	100034e0 <__wrap___aeabi_dcmpge>
10004694:	2800      	cmp	r0, #0
10004696:	d001      	beq.n	1000469c <_ftoa+0x138>
10004698:	2600      	movs	r6, #0
1000469a:	3501      	adds	r5, #1
1000469c:	46aa      	mov	sl, r5
1000469e:	2f00      	cmp	r7, #0
100046a0:	d000      	beq.n	100046a4 <_ftoa+0x140>
100046a2:	e098      	b.n	100047d6 <_ftoa+0x272>
100046a4:	0028      	movs	r0, r5
100046a6:	f7fe ff39 	bl	1000351c <__wrap___aeabi_i2d>
100046aa:	0002      	movs	r2, r0
100046ac:	000b      	movs	r3, r1
100046ae:	981e      	ldr	r0, [sp, #120]	@ 0x78
100046b0:	991f      	ldr	r1, [sp, #124]	@ 0x7c
100046b2:	f7fe fe9c 	bl	100033ee <__wrap___aeabi_dsub>
100046b6:	4b7c      	ldr	r3, [pc, #496]	@ (100048a8 <_ftoa+0x344>)
100046b8:	2200      	movs	r2, #0
100046ba:	0006      	movs	r6, r0
100046bc:	000f      	movs	r7, r1
100046be:	f7fe ff09 	bl	100034d4 <__wrap___aeabi_dcmplt>
100046c2:	ab0c      	add	r3, sp, #48	@ 0x30
100046c4:	469a      	mov	sl, r3
100046c6:	2800      	cmp	r0, #0
100046c8:	d145      	bne.n	10004756 <_ftoa+0x1f2>
100046ca:	2200      	movs	r2, #0
100046cc:	0030      	movs	r0, r6
100046ce:	0039      	movs	r1, r7
100046d0:	4b75      	ldr	r3, [pc, #468]	@ (100048a8 <_ftoa+0x344>)
100046d2:	f7fe ff0d 	bl	100034f0 <__wrap___aeabi_dcmpgt>
100046d6:	2800      	cmp	r0, #0
100046d8:	d13d      	bne.n	10004756 <_ftoa+0x1f2>
100046da:	07eb      	lsls	r3, r5, #31
100046dc:	d53b      	bpl.n	10004756 <_ftoa+0x1f2>
100046de:	3501      	adds	r5, #1
100046e0:	e039      	b.n	10004756 <_ftoa+0x1f2>
100046e2:	9b22      	ldr	r3, [sp, #136]	@ 0x88
100046e4:	4642      	mov	r2, r8
100046e6:	9304      	str	r3, [sp, #16]
100046e8:	9b21      	ldr	r3, [sp, #132]	@ 0x84
100046ea:	4659      	mov	r1, fp
100046ec:	9303      	str	r3, [sp, #12]
100046ee:	980a      	ldr	r0, [sp, #40]	@ 0x28
100046f0:	9b1e      	ldr	r3, [sp, #120]	@ 0x78
100046f2:	9c1f      	ldr	r4, [sp, #124]	@ 0x7c
100046f4:	9502      	str	r5, [sp, #8]
100046f6:	9300      	str	r3, [sp, #0]
100046f8:	9401      	str	r4, [sp, #4]
100046fa:	464b      	mov	r3, r9
100046fc:	f7ff fcfc 	bl	100040f8 <_etoa>
10004700:	b015      	add	sp, #84	@ 0x54
10004702:	bcf0      	pop	{r4, r5, r6, r7}
10004704:	46bb      	mov	fp, r7
10004706:	46b2      	mov	sl, r6
10004708:	46a9      	mov	r9, r5
1000470a:	46a0      	mov	r8, r4
1000470c:	bdf0      	pop	{r4, r5, r6, r7, pc}
1000470e:	9b22      	ldr	r3, [sp, #136]	@ 0x88
10004710:	075b      	lsls	r3, r3, #29
10004712:	d467      	bmi.n	100047e4 <_ftoa+0x280>
10004714:	2203      	movs	r2, #3
10004716:	4b65      	ldr	r3, [pc, #404]	@ (100048ac <_ftoa+0x348>)
10004718:	9922      	ldr	r1, [sp, #136]	@ 0x88
1000471a:	9201      	str	r2, [sp, #4]
1000471c:	9103      	str	r1, [sp, #12]
1000471e:	9921      	ldr	r1, [sp, #132]	@ 0x84
10004720:	9102      	str	r1, [sp, #8]
10004722:	9300      	str	r3, [sp, #0]
10004724:	4642      	mov	r2, r8
10004726:	464b      	mov	r3, r9
10004728:	4659      	mov	r1, fp
1000472a:	980a      	ldr	r0, [sp, #40]	@ 0x28
1000472c:	f7ff fb3e 	bl	10003dac <_out_rev>
10004730:	e7e6      	b.n	10004700 <_ftoa+0x19c>
10004732:	aa06      	add	r2, sp, #24
10004734:	4694      	mov	ip, r2
10004736:	2317      	movs	r3, #23
10004738:	0028      	movs	r0, r5
1000473a:	4463      	add	r3, ip
1000473c:	210a      	movs	r1, #10
1000473e:	3401      	adds	r4, #1
10004740:	191e      	adds	r6, r3, r4
10004742:	f7fe fbf1 	bl	10002f28 <__wrap___aeabi_idiv>
10004746:	3130      	adds	r1, #48	@ 0x30
10004748:	0028      	movs	r0, r5
1000474a:	7031      	strb	r1, [r6, #0]
1000474c:	210a      	movs	r1, #10
1000474e:	f7fe fbeb 	bl	10002f28 <__wrap___aeabi_idiv>
10004752:	1e05      	subs	r5, r0, #0
10004754:	d076      	beq.n	10004844 <_ftoa+0x2e0>
10004756:	2c20      	cmp	r4, #32
10004758:	d1eb      	bne.n	10004732 <_ftoa+0x1ce>
1000475a:	2303      	movs	r3, #3
1000475c:	9a22      	ldr	r2, [sp, #136]	@ 0x88
1000475e:	4013      	ands	r3, r2
10004760:	2b01      	cmp	r3, #1
10004762:	d11d      	bne.n	100047a0 <_ftoa+0x23c>
10004764:	9b21      	ldr	r3, [sp, #132]	@ 0x84
10004766:	2b00      	cmp	r3, #0
10004768:	d01a      	beq.n	100047a0 <_ftoa+0x23c>
1000476a:	9b0b      	ldr	r3, [sp, #44]	@ 0x2c
1000476c:	2b00      	cmp	r3, #0
1000476e:	d000      	beq.n	10004772 <_ftoa+0x20e>
10004770:	e0bd      	b.n	100048ee <_ftoa+0x38a>
10004772:	9a22      	ldr	r2, [sp, #136]	@ 0x88
10004774:	330c      	adds	r3, #12
10004776:	4213      	tst	r3, r2
10004778:	d000      	beq.n	1000477c <_ftoa+0x218>
1000477a:	e0b8      	b.n	100048ee <_ftoa+0x38a>
1000477c:	9b21      	ldr	r3, [sp, #132]	@ 0x84
1000477e:	42a3      	cmp	r3, r4
10004780:	d800      	bhi.n	10004784 <_ftoa+0x220>
10004782:	e09b      	b.n	100048bc <_ftoa+0x358>
10004784:	ab06      	add	r3, sp, #24
10004786:	469c      	mov	ip, r3
10004788:	2217      	movs	r2, #23
1000478a:	2330      	movs	r3, #48	@ 0x30
1000478c:	4462      	add	r2, ip
1000478e:	e004      	b.n	1000479a <_ftoa+0x236>
10004790:	9921      	ldr	r1, [sp, #132]	@ 0x84
10004792:	3401      	adds	r4, #1
10004794:	5513      	strb	r3, [r2, r4]
10004796:	428c      	cmp	r4, r1
10004798:	d059      	beq.n	1000484e <_ftoa+0x2ea>
1000479a:	2c20      	cmp	r4, #32
1000479c:	d1f8      	bne.n	10004790 <_ftoa+0x22c>
1000479e:	2420      	movs	r4, #32
100047a0:	9b22      	ldr	r3, [sp, #136]	@ 0x88
100047a2:	9401      	str	r4, [sp, #4]
100047a4:	9303      	str	r3, [sp, #12]
100047a6:	9b21      	ldr	r3, [sp, #132]	@ 0x84
100047a8:	9302      	str	r3, [sp, #8]
100047aa:	4653      	mov	r3, sl
100047ac:	e7b9      	b.n	10004722 <_ftoa+0x1be>
100047ae:	aa06      	add	r2, sp, #24
100047b0:	4694      	mov	ip, r2
100047b2:	2317      	movs	r3, #23
100047b4:	210a      	movs	r1, #10
100047b6:	4463      	add	r3, ip
100047b8:	0030      	movs	r0, r6
100047ba:	3401      	adds	r4, #1
100047bc:	191d      	adds	r5, r3, r4
100047be:	f7fe fbdb 	bl	10002f78 <__wrap___aeabi_uidiv>
100047c2:	3130      	adds	r1, #48	@ 0x30
100047c4:	7029      	strb	r1, [r5, #0]
100047c6:	0030      	movs	r0, r6
100047c8:	210a      	movs	r1, #10
100047ca:	3f01      	subs	r7, #1
100047cc:	f7fe fbd4 	bl	10002f78 <__wrap___aeabi_uidiv>
100047d0:	2e09      	cmp	r6, #9
100047d2:	d946      	bls.n	10004862 <_ftoa+0x2fe>
100047d4:	0006      	movs	r6, r0
100047d6:	2c20      	cmp	r4, #32
100047d8:	d1e9      	bne.n	100047ae <_ftoa+0x24a>
100047da:	4655      	mov	r5, sl
100047dc:	ab0c      	add	r3, sp, #48	@ 0x30
100047de:	2420      	movs	r4, #32
100047e0:	469a      	mov	sl, r3
100047e2:	e7b8      	b.n	10004756 <_ftoa+0x1f2>
100047e4:	2204      	movs	r2, #4
100047e6:	4b32      	ldr	r3, [pc, #200]	@ (100048b0 <_ftoa+0x34c>)
100047e8:	e796      	b.n	10004718 <_ftoa+0x1b4>
100047ea:	9a1e      	ldr	r2, [sp, #120]	@ 0x78
100047ec:	9b1f      	ldr	r3, [sp, #124]	@ 0x7c
100047ee:	2000      	movs	r0, #0
100047f0:	2100      	movs	r1, #0
100047f2:	f7fe fdfc 	bl	100033ee <__wrap___aeabi_dsub>
100047f6:	2301      	movs	r3, #1
100047f8:	930b      	str	r3, [sp, #44]	@ 0x2c
100047fa:	2380      	movs	r3, #128	@ 0x80
100047fc:	9c22      	ldr	r4, [sp, #136]	@ 0x88
100047fe:	9a22      	ldr	r2, [sp, #136]	@ 0x88
10004800:	00db      	lsls	r3, r3, #3
10004802:	901e      	str	r0, [sp, #120]	@ 0x78
10004804:	911f      	str	r1, [sp, #124]	@ 0x7c
10004806:	401c      	ands	r4, r3
10004808:	421a      	tst	r2, r3
1000480a:	d000      	beq.n	1000480e <_ftoa+0x2aa>
1000480c:	e6fc      	b.n	10004608 <_ftoa+0xa4>
1000480e:	2200      	movs	r2, #0
10004810:	4b28      	ldr	r3, [pc, #160]	@ (100048b4 <_ftoa+0x350>)
10004812:	2706      	movs	r7, #6
10004814:	9206      	str	r2, [sp, #24]
10004816:	9307      	str	r3, [sp, #28]
10004818:	e70d      	b.n	10004636 <_ftoa+0xd2>
1000481a:	9b22      	ldr	r3, [sp, #136]	@ 0x88
1000481c:	9303      	str	r3, [sp, #12]
1000481e:	9b21      	ldr	r3, [sp, #132]	@ 0x84
10004820:	9302      	str	r3, [sp, #8]
10004822:	2304      	movs	r3, #4
10004824:	9301      	str	r3, [sp, #4]
10004826:	4b24      	ldr	r3, [pc, #144]	@ (100048b8 <_ftoa+0x354>)
10004828:	e77b      	b.n	10004722 <_ftoa+0x1be>
1000482a:	2200      	movs	r2, #0
1000482c:	9808      	ldr	r0, [sp, #32]
1000482e:	9909      	ldr	r1, [sp, #36]	@ 0x24
10004830:	4b1d      	ldr	r3, [pc, #116]	@ (100048a8 <_ftoa+0x344>)
10004832:	f7fe fe4f 	bl	100034d4 <__wrap___aeabi_dcmplt>
10004836:	2800      	cmp	r0, #0
10004838:	d000      	beq.n	1000483c <_ftoa+0x2d8>
1000483a:	e72f      	b.n	1000469c <_ftoa+0x138>
1000483c:	2e00      	cmp	r6, #0
1000483e:	d151      	bne.n	100048e4 <_ftoa+0x380>
10004840:	3601      	adds	r6, #1
10004842:	e72b      	b.n	1000469c <_ftoa+0x138>
10004844:	2303      	movs	r3, #3
10004846:	9a22      	ldr	r2, [sp, #136]	@ 0x88
10004848:	4013      	ands	r3, r2
1000484a:	2b01      	cmp	r3, #1
1000484c:	d068      	beq.n	10004920 <_ftoa+0x3bc>
1000484e:	2c20      	cmp	r4, #32
10004850:	d0a6      	beq.n	100047a0 <_ftoa+0x23c>
10004852:	9b0b      	ldr	r3, [sp, #44]	@ 0x2c
10004854:	2b00      	cmp	r3, #0
10004856:	d034      	beq.n	100048c2 <_ftoa+0x35e>
10004858:	232d      	movs	r3, #45	@ 0x2d
1000485a:	4652      	mov	r2, sl
1000485c:	5513      	strb	r3, [r2, r4]
1000485e:	3401      	adds	r4, #1
10004860:	e79e      	b.n	100047a0 <_ftoa+0x23c>
10004862:	4655      	mov	r5, sl
10004864:	2c20      	cmp	r4, #32
10004866:	d0b9      	beq.n	100047dc <_ftoa+0x278>
10004868:	2330      	movs	r3, #48	@ 0x30
1000486a:	193a      	adds	r2, r7, r4
1000486c:	2f00      	cmp	r7, #0
1000486e:	d008      	beq.n	10004882 <_ftoa+0x31e>
10004870:	2017      	movs	r0, #23
10004872:	a906      	add	r1, sp, #24
10004874:	3401      	adds	r4, #1
10004876:	1809      	adds	r1, r1, r0
10004878:	550b      	strb	r3, [r1, r4]
1000487a:	2c20      	cmp	r4, #32
1000487c:	d0ae      	beq.n	100047dc <_ftoa+0x278>
1000487e:	4294      	cmp	r4, r2
10004880:	d1f6      	bne.n	10004870 <_ftoa+0x30c>
10004882:	ab0c      	add	r3, sp, #48	@ 0x30
10004884:	469a      	mov	sl, r3
10004886:	232e      	movs	r3, #46	@ 0x2e
10004888:	4652      	mov	r2, sl
1000488a:	5513      	strb	r3, [r2, r4]
1000488c:	3401      	adds	r4, #1
1000488e:	e762      	b.n	10004756 <_ftoa+0x1f2>
10004890:	2420      	movs	r4, #32
10004892:	e6cc      	b.n	1000462e <_ftoa+0xca>
10004894:	ffffeed8 	.word	0xffffeed8
10004898:	ffefffff 	.word	0xffefffff
1000489c:	7fefffff 	.word	0x7fefffff
100048a0:	41cdcd65 	.word	0x41cdcd65
100048a4:	c1cdcd65 	.word	0xc1cdcd65
100048a8:	3fe00000 	.word	0x3fe00000
100048ac:	100084ac 	.word	0x100084ac
100048b0:	100084a4 	.word	0x100084a4
100048b4:	412e8480 	.word	0x412e8480
100048b8:	100084b4 	.word	0x100084b4
100048bc:	2c20      	cmp	r4, #32
100048be:	d100      	bne.n	100048c2 <_ftoa+0x35e>
100048c0:	e76e      	b.n	100047a0 <_ftoa+0x23c>
100048c2:	9b22      	ldr	r3, [sp, #136]	@ 0x88
100048c4:	075b      	lsls	r3, r3, #29
100048c6:	d408      	bmi.n	100048da <_ftoa+0x376>
100048c8:	9b22      	ldr	r3, [sp, #136]	@ 0x88
100048ca:	071b      	lsls	r3, r3, #28
100048cc:	d400      	bmi.n	100048d0 <_ftoa+0x36c>
100048ce:	e767      	b.n	100047a0 <_ftoa+0x23c>
100048d0:	2320      	movs	r3, #32
100048d2:	4652      	mov	r2, sl
100048d4:	5513      	strb	r3, [r2, r4]
100048d6:	3401      	adds	r4, #1
100048d8:	e762      	b.n	100047a0 <_ftoa+0x23c>
100048da:	232b      	movs	r3, #43	@ 0x2b
100048dc:	4652      	mov	r2, sl
100048de:	5513      	strb	r3, [r2, r4]
100048e0:	3401      	adds	r4, #1
100048e2:	e75d      	b.n	100047a0 <_ftoa+0x23c>
100048e4:	07f3      	lsls	r3, r6, #31
100048e6:	d400      	bmi.n	100048ea <_ftoa+0x386>
100048e8:	e6d8      	b.n	1000469c <_ftoa+0x138>
100048ea:	3601      	adds	r6, #1
100048ec:	e6d6      	b.n	1000469c <_ftoa+0x138>
100048ee:	9b21      	ldr	r3, [sp, #132]	@ 0x84
100048f0:	3b01      	subs	r3, #1
100048f2:	9321      	str	r3, [sp, #132]	@ 0x84
100048f4:	42a3      	cmp	r3, r4
100048f6:	d900      	bls.n	100048fa <_ftoa+0x396>
100048f8:	e744      	b.n	10004784 <_ftoa+0x220>
100048fa:	e7a8      	b.n	1000484e <_ftoa+0x2ea>
100048fc:	9b22      	ldr	r3, [sp, #136]	@ 0x88
100048fe:	9303      	str	r3, [sp, #12]
10004900:	9b21      	ldr	r3, [sp, #132]	@ 0x84
10004902:	9302      	str	r3, [sp, #8]
10004904:	2303      	movs	r3, #3
10004906:	9301      	str	r3, [sp, #4]
10004908:	4b07      	ldr	r3, [pc, #28]	@ (10004928 <_ftoa+0x3c4>)
1000490a:	e70a      	b.n	10004722 <_ftoa+0x1be>
1000490c:	4b07      	ldr	r3, [pc, #28]	@ (1000492c <_ftoa+0x3c8>)
1000490e:	00ea      	lsls	r2, r5, #3
10004910:	189b      	adds	r3, r3, r2
10004912:	685c      	ldr	r4, [r3, #4]
10004914:	681b      	ldr	r3, [r3, #0]
10004916:	002f      	movs	r7, r5
10004918:	9306      	str	r3, [sp, #24]
1000491a:	9407      	str	r4, [sp, #28]
1000491c:	2400      	movs	r4, #0
1000491e:	e68a      	b.n	10004636 <_ftoa+0xd2>
10004920:	9b21      	ldr	r3, [sp, #132]	@ 0x84
10004922:	2b00      	cmp	r3, #0
10004924:	d093      	beq.n	1000484e <_ftoa+0x2ea>
10004926:	e720      	b.n	1000476a <_ftoa+0x206>
10004928:	100084b0 	.word	0x100084b0
1000492c:	1000bc38 	.word	0x1000bc38

10004930 <_vsnprintf>:
10004930:	b5f0      	push	{r4, r5, r6, r7, lr}
10004932:	46de      	mov	lr, fp
10004934:	4657      	mov	r7, sl
10004936:	464e      	mov	r6, r9
10004938:	4645      	mov	r5, r8
1000493a:	4691      	mov	r9, r2
1000493c:	b5e0      	push	{r5, r6, r7, lr}
1000493e:	2200      	movs	r2, #0
10004940:	001f      	movs	r7, r3
10004942:	4682      	mov	sl, r0
10004944:	468b      	mov	fp, r1
10004946:	4bcc      	ldr	r3, [pc, #816]	@ (10004c78 <_vsnprintf+0x348>)
10004948:	b0a5      	sub	sp, #148	@ 0x94
1000494a:	446b      	add	r3, sp
1000494c:	601a      	str	r2, [r3, #0]
1000494e:	9b2e      	ldr	r3, [sp, #184]	@ 0xb8
10004950:	4aca      	ldr	r2, [pc, #808]	@ (10004c7c <_vsnprintf+0x34c>)
10004952:	930d      	str	r3, [sp, #52]	@ 0x34
10004954:	4bca      	ldr	r3, [pc, #808]	@ (10004c80 <_vsnprintf+0x350>)
10004956:	601a      	str	r2, [r3, #0]
10004958:	2900      	cmp	r1, #0
1000495a:	d100      	bne.n	1000495e <_vsnprintf+0x2e>
1000495c:	e22b      	b.n	10004db6 <_vsnprintf+0x486>
1000495e:	2300      	movs	r3, #0
10004960:	7838      	ldrb	r0, [r7, #0]
10004962:	4698      	mov	r8, r3
10004964:	2800      	cmp	r0, #0
10004966:	d100      	bne.n	1000496a <_vsnprintf+0x3a>
10004968:	e22d      	b.n	10004dc6 <_vsnprintf+0x496>
1000496a:	4bc6      	ldr	r3, [pc, #792]	@ (10004c84 <_vsnprintf+0x354>)
1000496c:	4644      	mov	r4, r8
1000496e:	930c      	str	r3, [sp, #48]	@ 0x30
10004970:	4bc5      	ldr	r3, [pc, #788]	@ (10004c88 <_vsnprintf+0x358>)
10004972:	4655      	mov	r5, sl
10004974:	464e      	mov	r6, r9
10004976:	930e      	str	r3, [sp, #56]	@ 0x38
10004978:	e00a      	b.n	10004990 <_vsnprintf+0x60>
1000497a:	1c63      	adds	r3, r4, #1
1000497c:	4698      	mov	r8, r3
1000497e:	0022      	movs	r2, r4
10004980:	0033      	movs	r3, r6
10004982:	4659      	mov	r1, fp
10004984:	47a8      	blx	r5
10004986:	4644      	mov	r4, r8
10004988:	7838      	ldrb	r0, [r7, #0]
1000498a:	2800      	cmp	r0, #0
1000498c:	d100      	bne.n	10004990 <_vsnprintf+0x60>
1000498e:	e087      	b.n	10004aa0 <_vsnprintf+0x170>
10004990:	3701      	adds	r7, #1
10004992:	2825      	cmp	r0, #37	@ 0x25
10004994:	d1f1      	bne.n	1000497a <_vsnprintf+0x4a>
10004996:	2308      	movs	r3, #8
10004998:	469a      	mov	sl, r3
1000499a:	3b04      	subs	r3, #4
1000499c:	4699      	mov	r9, r3
1000499e:	3b02      	subs	r3, #2
100049a0:	4698      	mov	r8, r3
100049a2:	3b01      	subs	r3, #1
100049a4:	2200      	movs	r2, #0
100049a6:	469c      	mov	ip, r3
100049a8:	940b      	str	r4, [sp, #44]	@ 0x2c
100049aa:	7838      	ldrb	r0, [r7, #0]
100049ac:	1c79      	adds	r1, r7, #1
100049ae:	0003      	movs	r3, r0
100049b0:	3b20      	subs	r3, #32
100049b2:	b2db      	uxtb	r3, r3
100049b4:	2b10      	cmp	r3, #16
100049b6:	d803      	bhi.n	100049c0 <_vsnprintf+0x90>
100049b8:	9c0c      	ldr	r4, [sp, #48]	@ 0x30
100049ba:	009b      	lsls	r3, r3, #2
100049bc:	58e3      	ldr	r3, [r4, r3]
100049be:	469f      	mov	pc, r3
100049c0:	0003      	movs	r3, r0
100049c2:	3b30      	subs	r3, #48	@ 0x30
100049c4:	9c0b      	ldr	r4, [sp, #44]	@ 0x2c
100049c6:	920b      	str	r2, [sp, #44]	@ 0x2c
100049c8:	2b09      	cmp	r3, #9
100049ca:	d93a      	bls.n	10004a42 <_vsnprintf+0x112>
100049cc:	2300      	movs	r3, #0
100049ce:	4698      	mov	r8, r3
100049d0:	282a      	cmp	r0, #42	@ 0x2a
100049d2:	d100      	bne.n	100049d6 <_vsnprintf+0xa6>
100049d4:	e0dd      	b.n	10004b92 <_vsnprintf+0x262>
100049d6:	2300      	movs	r3, #0
100049d8:	469a      	mov	sl, r3
100049da:	282e      	cmp	r0, #46	@ 0x2e
100049dc:	d04b      	beq.n	10004a76 <_vsnprintf+0x146>
100049de:	0003      	movs	r3, r0
100049e0:	3b68      	subs	r3, #104	@ 0x68
100049e2:	b2db      	uxtb	r3, r3
100049e4:	2b12      	cmp	r3, #18
100049e6:	d81e      	bhi.n	10004a26 <_vsnprintf+0xf6>
100049e8:	9a0e      	ldr	r2, [sp, #56]	@ 0x38
100049ea:	009b      	lsls	r3, r3, #2
100049ec:	58d3      	ldr	r3, [r2, r3]
100049ee:	469f      	mov	pc, r3
100049f0:	4663      	mov	r3, ip
100049f2:	000f      	movs	r7, r1
100049f4:	431a      	orrs	r2, r3
100049f6:	e7d8      	b.n	100049aa <_vsnprintf+0x7a>
100049f8:	4643      	mov	r3, r8
100049fa:	000f      	movs	r7, r1
100049fc:	431a      	orrs	r2, r3
100049fe:	e7d4      	b.n	100049aa <_vsnprintf+0x7a>
10004a00:	464b      	mov	r3, r9
10004a02:	000f      	movs	r7, r1
10004a04:	431a      	orrs	r2, r3
10004a06:	e7d0      	b.n	100049aa <_vsnprintf+0x7a>
10004a08:	2310      	movs	r3, #16
10004a0a:	000f      	movs	r7, r1
10004a0c:	431a      	orrs	r2, r3
10004a0e:	e7cc      	b.n	100049aa <_vsnprintf+0x7a>
10004a10:	4653      	mov	r3, sl
10004a12:	000f      	movs	r7, r1
10004a14:	431a      	orrs	r2, r3
10004a16:	e7c8      	b.n	100049aa <_vsnprintf+0x7a>
10004a18:	2380      	movs	r3, #128	@ 0x80
10004a1a:	005b      	lsls	r3, r3, #1
10004a1c:	9a0b      	ldr	r2, [sp, #44]	@ 0x2c
10004a1e:	7878      	ldrb	r0, [r7, #1]
10004a20:	431a      	orrs	r2, r3
10004a22:	920b      	str	r2, [sp, #44]	@ 0x2c
10004a24:	3101      	adds	r1, #1
10004a26:	000f      	movs	r7, r1
10004a28:	2867      	cmp	r0, #103	@ 0x67
10004a2a:	d84f      	bhi.n	10004acc <_vsnprintf+0x19c>
10004a2c:	2824      	cmp	r0, #36	@ 0x24
10004a2e:	d9a4      	bls.n	1000497a <_vsnprintf+0x4a>
10004a30:	0003      	movs	r3, r0
10004a32:	3b25      	subs	r3, #37	@ 0x25
10004a34:	b2db      	uxtb	r3, r3
10004a36:	2b42      	cmp	r3, #66	@ 0x42
10004a38:	d89f      	bhi.n	1000497a <_vsnprintf+0x4a>
10004a3a:	4994      	ldr	r1, [pc, #592]	@ (10004c8c <_vsnprintf+0x35c>)
10004a3c:	009b      	lsls	r3, r3, #2
10004a3e:	58cb      	ldr	r3, [r1, r3]
10004a40:	469f      	mov	pc, r3
10004a42:	2300      	movs	r3, #0
10004a44:	4698      	mov	r8, r3
10004a46:	9b0b      	ldr	r3, [sp, #44]	@ 0x2c
10004a48:	4647      	mov	r7, r8
10004a4a:	469c      	mov	ip, r3
10004a4c:	e000      	b.n	10004a50 <_vsnprintf+0x120>
10004a4e:	3101      	adds	r1, #1
10004a50:	00bb      	lsls	r3, r7, #2
10004a52:	19db      	adds	r3, r3, r7
10004a54:	005b      	lsls	r3, r3, #1
10004a56:	181f      	adds	r7, r3, r0
10004a58:	7808      	ldrb	r0, [r1, #0]
10004a5a:	3f30      	subs	r7, #48	@ 0x30
10004a5c:	0003      	movs	r3, r0
10004a5e:	3b30      	subs	r3, #48	@ 0x30
10004a60:	2b09      	cmp	r3, #9
10004a62:	d9f4      	bls.n	10004a4e <_vsnprintf+0x11e>
10004a64:	4663      	mov	r3, ip
10004a66:	930b      	str	r3, [sp, #44]	@ 0x2c
10004a68:	2300      	movs	r3, #0
10004a6a:	46b8      	mov	r8, r7
10004a6c:	469a      	mov	sl, r3
10004a6e:	000f      	movs	r7, r1
10004a70:	3101      	adds	r1, #1
10004a72:	282e      	cmp	r0, #46	@ 0x2e
10004a74:	d1b3      	bne.n	100049de <_vsnprintf+0xae>
10004a76:	2080      	movs	r0, #128	@ 0x80
10004a78:	9a0b      	ldr	r2, [sp, #44]	@ 0x2c
10004a7a:	00c0      	lsls	r0, r0, #3
10004a7c:	4302      	orrs	r2, r0
10004a7e:	920b      	str	r2, [sp, #44]	@ 0x2c
10004a80:	2230      	movs	r2, #48	@ 0x30
10004a82:	4252      	negs	r2, r2
10004a84:	4694      	mov	ip, r2
10004a86:	7878      	ldrb	r0, [r7, #1]
10004a88:	000b      	movs	r3, r1
10004a8a:	4484      	add	ip, r0
10004a8c:	4662      	mov	r2, ip
10004a8e:	2a09      	cmp	r2, #9
10004a90:	d800      	bhi.n	10004a94 <_vsnprintf+0x164>
10004a92:	e1ac      	b.n	10004dee <_vsnprintf+0x4be>
10004a94:	282a      	cmp	r0, #42	@ 0x2a
10004a96:	d100      	bne.n	10004a9a <_vsnprintf+0x16a>
10004a98:	e1bb      	b.n	10004e12 <_vsnprintf+0x4e2>
10004a9a:	000f      	movs	r7, r1
10004a9c:	3101      	adds	r1, #1
10004a9e:	e79e      	b.n	100049de <_vsnprintf+0xae>
10004aa0:	46a0      	mov	r8, r4
10004aa2:	46aa      	mov	sl, r5
10004aa4:	46b1      	mov	r9, r6
10004aa6:	45c8      	cmp	r8, r9
10004aa8:	d303      	bcc.n	10004ab2 <_vsnprintf+0x182>
10004aaa:	2301      	movs	r3, #1
10004aac:	425b      	negs	r3, r3
10004aae:	444b      	add	r3, r9
10004ab0:	4698      	mov	r8, r3
10004ab2:	464b      	mov	r3, r9
10004ab4:	4642      	mov	r2, r8
10004ab6:	4659      	mov	r1, fp
10004ab8:	2000      	movs	r0, #0
10004aba:	47d0      	blx	sl
10004abc:	0020      	movs	r0, r4
10004abe:	b025      	add	sp, #148	@ 0x94
10004ac0:	bcf0      	pop	{r4, r5, r6, r7}
10004ac2:	46bb      	mov	fp, r7
10004ac4:	46b2      	mov	sl, r6
10004ac6:	46a9      	mov	r9, r5
10004ac8:	46a0      	mov	r8, r4
10004aca:	bdf0      	pop	{r4, r5, r6, r7, pc}
10004acc:	0001      	movs	r1, r0
10004ace:	3969      	subs	r1, #105	@ 0x69
10004ad0:	b2c9      	uxtb	r1, r1
10004ad2:	290f      	cmp	r1, #15
10004ad4:	d900      	bls.n	10004ad8 <_vsnprintf+0x1a8>
10004ad6:	e750      	b.n	1000497a <_vsnprintf+0x4a>
10004ad8:	2301      	movs	r3, #1
10004ada:	408b      	lsls	r3, r1
10004adc:	469c      	mov	ip, r3
10004ade:	4b6c      	ldr	r3, [pc, #432]	@ (10004c90 <_vsnprintf+0x360>)
10004ae0:	4699      	mov	r9, r3
10004ae2:	4663      	mov	r3, ip
10004ae4:	464a      	mov	r2, r9
10004ae6:	4013      	ands	r3, r2
10004ae8:	930f      	str	r3, [sp, #60]	@ 0x3c
10004aea:	4662      	mov	r2, ip
10004aec:	464b      	mov	r3, r9
10004aee:	421a      	tst	r2, r3
10004af0:	d000      	beq.n	10004af4 <_vsnprintf+0x1c4>
10004af2:	e16a      	b.n	10004dca <_vsnprintf+0x49a>
10004af4:	290a      	cmp	r1, #10
10004af6:	d056      	beq.n	10004ba6 <_vsnprintf+0x276>
10004af8:	2907      	cmp	r1, #7
10004afa:	d000      	beq.n	10004afe <_vsnprintf+0x1ce>
10004afc:	e73d      	b.n	1000497a <_vsnprintf+0x4a>
10004afe:	9b0d      	ldr	r3, [sp, #52]	@ 0x34
10004b00:	cb02      	ldmia	r3!, {r1}
10004b02:	4698      	mov	r8, r3
10004b04:	2900      	cmp	r1, #0
10004b06:	d000      	beq.n	10004b0a <_vsnprintf+0x1da>
10004b08:	e194      	b.n	10004e34 <_vsnprintf+0x504>
10004b0a:	9b0b      	ldr	r3, [sp, #44]	@ 0x2c
10004b0c:	2110      	movs	r1, #16
10004b0e:	001a      	movs	r2, r3
10004b10:	438a      	bics	r2, r1
10004b12:	0010      	movs	r0, r2
10004b14:	3111      	adds	r1, #17
10004b16:	4308      	orrs	r0, r1
10004b18:	4681      	mov	r9, r0
10004b1a:	2080      	movs	r0, #128	@ 0x80
10004b1c:	001a      	movs	r2, r3
10004b1e:	00c0      	lsls	r0, r0, #3
10004b20:	4002      	ands	r2, r0
10004b22:	0011      	movs	r1, r2
10004b24:	4203      	tst	r3, r0
10004b26:	d11c      	bne.n	10004b62 <_vsnprintf+0x232>
10004b28:	ab14      	add	r3, sp, #80	@ 0x50
10004b2a:	469c      	mov	ip, r3
10004b2c:	221f      	movs	r2, #31
10004b2e:	230f      	movs	r3, #15
10004b30:	4462      	add	r2, ip
10004b32:	950d      	str	r5, [sp, #52]	@ 0x34
10004b34:	469c      	mov	ip, r3
10004b36:	0015      	movs	r5, r2
10004b38:	9b0f      	ldr	r3, [sp, #60]	@ 0x3c
10004b3a:	940b      	str	r4, [sp, #44]	@ 0x2c
10004b3c:	e002      	b.n	10004b44 <_vsnprintf+0x214>
10004b3e:	2b20      	cmp	r3, #32
10004b40:	d00c      	beq.n	10004b5c <_vsnprintf+0x22c>
10004b42:	0011      	movs	r1, r2
10004b44:	4664      	mov	r4, ip
10004b46:	400c      	ands	r4, r1
10004b48:	0020      	movs	r0, r4
10004b4a:	3037      	adds	r0, #55	@ 0x37
10004b4c:	2c09      	cmp	r4, #9
10004b4e:	d800      	bhi.n	10004b52 <_vsnprintf+0x222>
10004b50:	3807      	subs	r0, #7
10004b52:	3301      	adds	r3, #1
10004b54:	54e8      	strb	r0, [r5, r3]
10004b56:	090a      	lsrs	r2, r1, #4
10004b58:	290f      	cmp	r1, #15
10004b5a:	d8f0      	bhi.n	10004b3e <_vsnprintf+0x20e>
10004b5c:	9c0b      	ldr	r4, [sp, #44]	@ 0x2c
10004b5e:	9d0d      	ldr	r5, [sp, #52]	@ 0x34
10004b60:	930f      	str	r3, [sp, #60]	@ 0x3c
10004b62:	464b      	mov	r3, r9
10004b64:	2208      	movs	r2, #8
10004b66:	9306      	str	r3, [sp, #24]
10004b68:	4653      	mov	r3, sl
10004b6a:	9205      	str	r2, [sp, #20]
10004b6c:	3208      	adds	r2, #8
10004b6e:	9203      	str	r2, [sp, #12]
10004b70:	2200      	movs	r2, #0
10004b72:	9304      	str	r3, [sp, #16]
10004b74:	9b0f      	ldr	r3, [sp, #60]	@ 0x3c
10004b76:	9202      	str	r2, [sp, #8]
10004b78:	9301      	str	r3, [sp, #4]
10004b7a:	ab1c      	add	r3, sp, #112	@ 0x70
10004b7c:	0022      	movs	r2, r4
10004b7e:	9300      	str	r3, [sp, #0]
10004b80:	4659      	mov	r1, fp
10004b82:	0033      	movs	r3, r6
10004b84:	0028      	movs	r0, r5
10004b86:	f7ff f96d 	bl	10003e64 <_ntoa_format>
10004b8a:	4643      	mov	r3, r8
10004b8c:	0004      	movs	r4, r0
10004b8e:	930d      	str	r3, [sp, #52]	@ 0x34
10004b90:	e6fa      	b.n	10004988 <_vsnprintf+0x58>
10004b92:	9b0d      	ldr	r3, [sp, #52]	@ 0x34
10004b94:	cb04      	ldmia	r3!, {r2}
10004b96:	4690      	mov	r8, r2
10004b98:	2a00      	cmp	r2, #0
10004b9a:	db7b      	blt.n	10004c94 <_vsnprintf+0x364>
10004b9c:	7878      	ldrb	r0, [r7, #1]
10004b9e:	930d      	str	r3, [sp, #52]	@ 0x34
10004ba0:	000f      	movs	r7, r1
10004ba2:	3101      	adds	r1, #1
10004ba4:	e717      	b.n	100049d6 <_vsnprintf+0xa6>
10004ba6:	9b0d      	ldr	r3, [sp, #52]	@ 0x34
10004ba8:	cb02      	ldmia	r3!, {r1}
10004baa:	9314      	str	r3, [sp, #80]	@ 0x50
10004bac:	780b      	ldrb	r3, [r1, #0]
10004bae:	469c      	mov	ip, r3
10004bb0:	0018      	movs	r0, r3
10004bb2:	4653      	mov	r3, sl
10004bb4:	2b00      	cmp	r3, #0
10004bb6:	d100      	bne.n	10004bba <_vsnprintf+0x28a>
10004bb8:	e136      	b.n	10004e28 <_vsnprintf+0x4f8>
10004bba:	2800      	cmp	r0, #0
10004bbc:	d015      	beq.n	10004bea <_vsnprintf+0x2ba>
10004bbe:	4653      	mov	r3, sl
10004bc0:	3b01      	subs	r3, #1
10004bc2:	3301      	adds	r3, #1
10004bc4:	4699      	mov	r9, r3
10004bc6:	940d      	str	r4, [sp, #52]	@ 0x34
10004bc8:	9c0b      	ldr	r4, [sp, #44]	@ 0x2c
10004bca:	4489      	add	r9, r1
10004bcc:	464a      	mov	r2, r9
10004bce:	000b      	movs	r3, r1
10004bd0:	46a1      	mov	r9, r4
10004bd2:	e001      	b.n	10004bd8 <_vsnprintf+0x2a8>
10004bd4:	4293      	cmp	r3, r2
10004bd6:	d003      	beq.n	10004be0 <_vsnprintf+0x2b0>
10004bd8:	785c      	ldrb	r4, [r3, #1]
10004bda:	3301      	adds	r3, #1
10004bdc:	2c00      	cmp	r4, #0
10004bde:	d1f9      	bne.n	10004bd4 <_vsnprintf+0x2a4>
10004be0:	464a      	mov	r2, r9
10004be2:	1a5b      	subs	r3, r3, r1
10004be4:	9c0d      	ldr	r4, [sp, #52]	@ 0x34
10004be6:	920b      	str	r2, [sp, #44]	@ 0x2c
10004be8:	930f      	str	r3, [sp, #60]	@ 0x3c
10004bea:	2380      	movs	r3, #128	@ 0x80
10004bec:	00db      	lsls	r3, r3, #3
10004bee:	4699      	mov	r9, r3
10004bf0:	9a0b      	ldr	r2, [sp, #44]	@ 0x2c
10004bf2:	4013      	ands	r3, r2
10004bf4:	930d      	str	r3, [sp, #52]	@ 0x34
10004bf6:	464b      	mov	r3, r9
10004bf8:	421a      	tst	r2, r3
10004bfa:	d004      	beq.n	10004c06 <_vsnprintf+0x2d6>
10004bfc:	9b0f      	ldr	r3, [sp, #60]	@ 0x3c
10004bfe:	4553      	cmp	r3, sl
10004c00:	d901      	bls.n	10004c06 <_vsnprintf+0x2d6>
10004c02:	4653      	mov	r3, sl
10004c04:	930f      	str	r3, [sp, #60]	@ 0x3c
10004c06:	2302      	movs	r3, #2
10004c08:	4699      	mov	r9, r3
10004c0a:	9a0b      	ldr	r2, [sp, #44]	@ 0x2c
10004c0c:	4013      	ands	r3, r2
10004c0e:	930b      	str	r3, [sp, #44]	@ 0x2c
10004c10:	464b      	mov	r3, r9
10004c12:	4213      	tst	r3, r2
10004c14:	d100      	bne.n	10004c18 <_vsnprintf+0x2e8>
10004c16:	e1f7      	b.n	10005008 <_vsnprintf+0x6d8>
10004c18:	4663      	mov	r3, ip
10004c1a:	2b00      	cmp	r3, #0
10004c1c:	d100      	bne.n	10004c20 <_vsnprintf+0x2f0>
10004c1e:	e1d8      	b.n	10004fd2 <_vsnprintf+0x6a2>
10004c20:	9b0d      	ldr	r3, [sp, #52]	@ 0x34
10004c22:	2b00      	cmp	r3, #0
10004c24:	d100      	bne.n	10004c28 <_vsnprintf+0x2f8>
10004c26:	e184      	b.n	10004f32 <_vsnprintf+0x602>
10004c28:	1b0b      	subs	r3, r1, r4
10004c2a:	46d1      	mov	r9, sl
10004c2c:	0031      	movs	r1, r6
10004c2e:	469a      	mov	sl, r3
10004c30:	003b      	movs	r3, r7
10004c32:	44a1      	add	r9, r4
10004c34:	002e      	movs	r6, r5
10004c36:	465f      	mov	r7, fp
10004c38:	464d      	mov	r5, r9
10004c3a:	0022      	movs	r2, r4
10004c3c:	469b      	mov	fp, r3
10004c3e:	4689      	mov	r9, r1
10004c40:	e009      	b.n	10004c56 <_vsnprintf+0x326>
10004c42:	464b      	mov	r3, r9
10004c44:	0039      	movs	r1, r7
10004c46:	1c54      	adds	r4, r2, #1
10004c48:	47b0      	blx	r6
10004c4a:	4653      	mov	r3, sl
10004c4c:	5d18      	ldrb	r0, [r3, r4]
10004c4e:	2800      	cmp	r0, #0
10004c50:	d100      	bne.n	10004c54 <_vsnprintf+0x324>
10004c52:	e194      	b.n	10004f7e <_vsnprintf+0x64e>
10004c54:	0022      	movs	r2, r4
10004c56:	4295      	cmp	r5, r2
10004c58:	d1f3      	bne.n	10004c42 <_vsnprintf+0x312>
10004c5a:	464b      	mov	r3, r9
10004c5c:	465a      	mov	r2, fp
10004c5e:	46a9      	mov	r9, r5
10004c60:	46bb      	mov	fp, r7
10004c62:	0035      	movs	r5, r6
10004c64:	0017      	movs	r7, r2
10004c66:	001e      	movs	r6, r3
10004c68:	464c      	mov	r4, r9
10004c6a:	9b0b      	ldr	r3, [sp, #44]	@ 0x2c
10004c6c:	2b00      	cmp	r3, #0
10004c6e:	d000      	beq.n	10004c72 <_vsnprintf+0x342>
10004c70:	e1af      	b.n	10004fd2 <_vsnprintf+0x6a2>
10004c72:	9b14      	ldr	r3, [sp, #80]	@ 0x50
10004c74:	930d      	str	r3, [sp, #52]	@ 0x34
10004c76:	e687      	b.n	10004988 <_vsnprintf+0x58>
10004c78:	ffffeed8 	.word	0xffffeed8
10004c7c:	10004931 	.word	0x10004931
10004c80:	20002654 	.word	0x20002654
10004c84:	1000ba98 	.word	0x1000ba98
10004c88:	1000badc 	.word	0x1000badc
10004c8c:	1000bb28 	.word	0x1000bb28
10004c90:	00009041 	.word	0x00009041
10004c94:	9a0b      	ldr	r2, [sp, #44]	@ 0x2c
10004c96:	3828      	subs	r0, #40	@ 0x28
10004c98:	4302      	orrs	r2, r0
10004c9a:	920b      	str	r2, [sp, #44]	@ 0x2c
10004c9c:	4642      	mov	r2, r8
10004c9e:	4252      	negs	r2, r2
10004ca0:	7878      	ldrb	r0, [r7, #1]
10004ca2:	4690      	mov	r8, r2
10004ca4:	000f      	movs	r7, r1
10004ca6:	930d      	str	r3, [sp, #52]	@ 0x34
10004ca8:	3101      	adds	r1, #1
10004caa:	e694      	b.n	100049d6 <_vsnprintf+0xa6>
10004cac:	7878      	ldrb	r0, [r7, #1]
10004cae:	286c      	cmp	r0, #108	@ 0x6c
10004cb0:	d100      	bne.n	10004cb4 <_vsnprintf+0x384>
10004cb2:	e15d      	b.n	10004f70 <_vsnprintf+0x640>
10004cb4:	2380      	movs	r3, #128	@ 0x80
10004cb6:	9a0b      	ldr	r2, [sp, #44]	@ 0x2c
10004cb8:	005b      	lsls	r3, r3, #1
10004cba:	431a      	orrs	r2, r3
10004cbc:	920b      	str	r2, [sp, #44]	@ 0x2c
10004cbe:	3101      	adds	r1, #1
10004cc0:	e6b1      	b.n	10004a26 <_vsnprintf+0xf6>
10004cc2:	2380      	movs	r3, #128	@ 0x80
10004cc4:	009b      	lsls	r3, r3, #2
10004cc6:	e6a9      	b.n	10004a1c <_vsnprintf+0xec>
10004cc8:	7878      	ldrb	r0, [r7, #1]
10004cca:	2868      	cmp	r0, #104	@ 0x68
10004ccc:	d100      	bne.n	10004cd0 <_vsnprintf+0x3a0>
10004cce:	e148      	b.n	10004f62 <_vsnprintf+0x632>
10004cd0:	2380      	movs	r3, #128	@ 0x80
10004cd2:	9a0b      	ldr	r2, [sp, #44]	@ 0x2c
10004cd4:	3101      	adds	r1, #1
10004cd6:	431a      	orrs	r2, r3
10004cd8:	920b      	str	r2, [sp, #44]	@ 0x2c
10004cda:	e6a4      	b.n	10004a26 <_vsnprintf+0xf6>
10004cdc:	2867      	cmp	r0, #103	@ 0x67
10004cde:	d100      	bne.n	10004ce2 <_vsnprintf+0x3b2>
10004ce0:	e0b2      	b.n	10004e48 <_vsnprintf+0x518>
10004ce2:	2847      	cmp	r0, #71	@ 0x47
10004ce4:	d100      	bne.n	10004ce8 <_vsnprintf+0x3b8>
10004ce6:	e11a      	b.n	10004f1e <_vsnprintf+0x5ee>
10004ce8:	2845      	cmp	r0, #69	@ 0x45
10004cea:	d100      	bne.n	10004cee <_vsnprintf+0x3be>
10004cec:	e11c      	b.n	10004f28 <_vsnprintf+0x5f8>
10004cee:	9a0b      	ldr	r2, [sp, #44]	@ 0x2c
10004cf0:	2107      	movs	r1, #7
10004cf2:	9204      	str	r2, [sp, #16]
10004cf4:	4642      	mov	r2, r8
10004cf6:	9b0d      	ldr	r3, [sp, #52]	@ 0x34
10004cf8:	9203      	str	r2, [sp, #12]
10004cfa:	3307      	adds	r3, #7
10004cfc:	4652      	mov	r2, sl
10004cfe:	438b      	bics	r3, r1
10004d00:	0019      	movs	r1, r3
10004d02:	9202      	str	r2, [sp, #8]
10004d04:	c90c      	ldmia	r1!, {r2, r3}
10004d06:	0028      	movs	r0, r5
10004d08:	9200      	str	r2, [sp, #0]
10004d0a:	9301      	str	r3, [sp, #4]
10004d0c:	910d      	str	r1, [sp, #52]	@ 0x34
10004d0e:	0022      	movs	r2, r4
10004d10:	0033      	movs	r3, r6
10004d12:	4659      	mov	r1, fp
10004d14:	f7ff f9f0 	bl	100040f8 <_etoa>
10004d18:	0004      	movs	r4, r0
10004d1a:	e635      	b.n	10004988 <_vsnprintf+0x58>
10004d1c:	2846      	cmp	r0, #70	@ 0x46
10004d1e:	d100      	bne.n	10004d22 <_vsnprintf+0x3f2>
10004d20:	e08d      	b.n	10004e3e <_vsnprintf+0x50e>
10004d22:	9a0b      	ldr	r2, [sp, #44]	@ 0x2c
10004d24:	2107      	movs	r1, #7
10004d26:	9204      	str	r2, [sp, #16]
10004d28:	4642      	mov	r2, r8
10004d2a:	9b0d      	ldr	r3, [sp, #52]	@ 0x34
10004d2c:	9203      	str	r2, [sp, #12]
10004d2e:	3307      	adds	r3, #7
10004d30:	4652      	mov	r2, sl
10004d32:	438b      	bics	r3, r1
10004d34:	0019      	movs	r1, r3
10004d36:	9202      	str	r2, [sp, #8]
10004d38:	c90c      	ldmia	r1!, {r2, r3}
10004d3a:	0028      	movs	r0, r5
10004d3c:	9200      	str	r2, [sp, #0]
10004d3e:	9301      	str	r3, [sp, #4]
10004d40:	910d      	str	r1, [sp, #52]	@ 0x34
10004d42:	0022      	movs	r2, r4
10004d44:	0033      	movs	r3, r6
10004d46:	4659      	mov	r1, fp
10004d48:	f7ff fc0c 	bl	10004564 <_ftoa>
10004d4c:	0004      	movs	r4, r0
10004d4e:	e61b      	b.n	10004988 <_vsnprintf+0x58>
10004d50:	1c63      	adds	r3, r4, #1
10004d52:	4698      	mov	r8, r3
10004d54:	0022      	movs	r2, r4
10004d56:	0033      	movs	r3, r6
10004d58:	4659      	mov	r1, fp
10004d5a:	2025      	movs	r0, #37	@ 0x25
10004d5c:	47a8      	blx	r5
10004d5e:	4644      	mov	r4, r8
10004d60:	e612      	b.n	10004988 <_vsnprintf+0x58>
10004d62:	9b0d      	ldr	r3, [sp, #52]	@ 0x34
10004d64:	3304      	adds	r3, #4
10004d66:	930f      	str	r3, [sp, #60]	@ 0x3c
10004d68:	1c63      	adds	r3, r4, #1
10004d6a:	4699      	mov	r9, r3
10004d6c:	9b0b      	ldr	r3, [sp, #44]	@ 0x2c
10004d6e:	079a      	lsls	r2, r3, #30
10004d70:	d400      	bmi.n	10004d74 <_vsnprintf+0x444>
10004d72:	e10a      	b.n	10004f8a <_vsnprintf+0x65a>
10004d74:	9b0d      	ldr	r3, [sp, #52]	@ 0x34
10004d76:	0022      	movs	r2, r4
10004d78:	7818      	ldrb	r0, [r3, #0]
10004d7a:	4659      	mov	r1, fp
10004d7c:	0033      	movs	r3, r6
10004d7e:	47a8      	blx	r5
10004d80:	4643      	mov	r3, r8
10004d82:	4444      	add	r4, r8
10004d84:	2b01      	cmp	r3, #1
10004d86:	d800      	bhi.n	10004d8a <_vsnprintf+0x45a>
10004d88:	e16f      	b.n	1000506a <_vsnprintf+0x73a>
10004d8a:	46b0      	mov	r8, r6
10004d8c:	002e      	movs	r6, r5
10004d8e:	0025      	movs	r5, r4
10004d90:	464c      	mov	r4, r9
10004d92:	46b9      	mov	r9, r7
10004d94:	465f      	mov	r7, fp
10004d96:	0022      	movs	r2, r4
10004d98:	4643      	mov	r3, r8
10004d9a:	3401      	adds	r4, #1
10004d9c:	0039      	movs	r1, r7
10004d9e:	2020      	movs	r0, #32
10004da0:	47b0      	blx	r6
10004da2:	42ac      	cmp	r4, r5
10004da4:	d1f7      	bne.n	10004d96 <_vsnprintf+0x466>
10004da6:	002c      	movs	r4, r5
10004da8:	46bb      	mov	fp, r7
10004daa:	0035      	movs	r5, r6
10004dac:	464f      	mov	r7, r9
10004dae:	4646      	mov	r6, r8
10004db0:	9b0f      	ldr	r3, [sp, #60]	@ 0x3c
10004db2:	930d      	str	r3, [sp, #52]	@ 0x34
10004db4:	e5e8      	b.n	10004988 <_vsnprintf+0x58>
10004db6:	4bd6      	ldr	r3, [pc, #856]	@ (10005110 <_vsnprintf+0x7e0>)
10004db8:	7838      	ldrb	r0, [r7, #0]
10004dba:	469a      	mov	sl, r3
10004dbc:	2300      	movs	r3, #0
10004dbe:	4698      	mov	r8, r3
10004dc0:	2800      	cmp	r0, #0
10004dc2:	d000      	beq.n	10004dc6 <_vsnprintf+0x496>
10004dc4:	e5d1      	b.n	1000496a <_vsnprintf+0x3a>
10004dc6:	2400      	movs	r4, #0
10004dc8:	e66d      	b.n	10004aa6 <_vsnprintf+0x176>
10004dca:	286f      	cmp	r0, #111	@ 0x6f
10004dcc:	d042      	beq.n	10004e54 <_vsnprintf+0x524>
10004dce:	d800      	bhi.n	10004dd2 <_vsnprintf+0x4a2>
10004dd0:	e1fd      	b.n	100051ce <_vsnprintf+0x89e>
10004dd2:	2310      	movs	r3, #16
10004dd4:	2878      	cmp	r0, #120	@ 0x78
10004dd6:	d100      	bne.n	10004dda <_vsnprintf+0x4aa>
10004dd8:	e09b      	b.n	10004f12 <_vsnprintf+0x5e2>
10004dda:	9a0b      	ldr	r2, [sp, #44]	@ 0x2c
10004ddc:	439a      	bics	r2, r3
10004dde:	920b      	str	r2, [sp, #44]	@ 0x2c
10004de0:	230a      	movs	r3, #10
10004de2:	469c      	mov	ip, r3
10004de4:	2300      	movs	r3, #0
10004de6:	9314      	str	r3, [sp, #80]	@ 0x50
10004de8:	330a      	adds	r3, #10
10004dea:	930f      	str	r3, [sp, #60]	@ 0x3c
10004dec:	e038      	b.n	10004e60 <_vsnprintf+0x530>
10004dee:	4657      	mov	r7, sl
10004df0:	9a0b      	ldr	r2, [sp, #44]	@ 0x2c
10004df2:	00b9      	lsls	r1, r7, #2
10004df4:	19c9      	adds	r1, r1, r7
10004df6:	0049      	lsls	r1, r1, #1
10004df8:	3301      	adds	r3, #1
10004dfa:	180f      	adds	r7, r1, r0
10004dfc:	7818      	ldrb	r0, [r3, #0]
10004dfe:	3f30      	subs	r7, #48	@ 0x30
10004e00:	0001      	movs	r1, r0
10004e02:	3930      	subs	r1, #48	@ 0x30
10004e04:	2909      	cmp	r1, #9
10004e06:	d9f4      	bls.n	10004df2 <_vsnprintf+0x4c2>
10004e08:	46ba      	mov	sl, r7
10004e0a:	920b      	str	r2, [sp, #44]	@ 0x2c
10004e0c:	001f      	movs	r7, r3
10004e0e:	1c59      	adds	r1, r3, #1
10004e10:	e5e5      	b.n	100049de <_vsnprintf+0xae>
10004e12:	9b0d      	ldr	r3, [sp, #52]	@ 0x34
10004e14:	78b8      	ldrb	r0, [r7, #2]
10004e16:	cb04      	ldmia	r3!, {r2}
10004e18:	3702      	adds	r7, #2
10004e1a:	43d1      	mvns	r1, r2
10004e1c:	17c9      	asrs	r1, r1, #31
10004e1e:	400a      	ands	r2, r1
10004e20:	4692      	mov	sl, r2
10004e22:	930d      	str	r3, [sp, #52]	@ 0x34
10004e24:	1c79      	adds	r1, r7, #1
10004e26:	e5da      	b.n	100049de <_vsnprintf+0xae>
10004e28:	2800      	cmp	r0, #0
10004e2a:	d100      	bne.n	10004e2e <_vsnprintf+0x4fe>
10004e2c:	e6dd      	b.n	10004bea <_vsnprintf+0x2ba>
10004e2e:	2302      	movs	r3, #2
10004e30:	425b      	negs	r3, r3
10004e32:	e6c6      	b.n	10004bc2 <_vsnprintf+0x292>
10004e34:	2021      	movs	r0, #33	@ 0x21
10004e36:	9a0b      	ldr	r2, [sp, #44]	@ 0x2c
10004e38:	4302      	orrs	r2, r0
10004e3a:	4691      	mov	r9, r2
10004e3c:	e674      	b.n	10004b28 <_vsnprintf+0x1f8>
10004e3e:	2320      	movs	r3, #32
10004e40:	9a0b      	ldr	r2, [sp, #44]	@ 0x2c
10004e42:	431a      	orrs	r2, r3
10004e44:	920b      	str	r2, [sp, #44]	@ 0x2c
10004e46:	e76c      	b.n	10004d22 <_vsnprintf+0x3f2>
10004e48:	2380      	movs	r3, #128	@ 0x80
10004e4a:	9a0b      	ldr	r2, [sp, #44]	@ 0x2c
10004e4c:	011b      	lsls	r3, r3, #4
10004e4e:	431a      	orrs	r2, r3
10004e50:	920b      	str	r2, [sp, #44]	@ 0x2c
10004e52:	e74c      	b.n	10004cee <_vsnprintf+0x3be>
10004e54:	2308      	movs	r3, #8
10004e56:	469c      	mov	ip, r3
10004e58:	2300      	movs	r3, #0
10004e5a:	9314      	str	r3, [sp, #80]	@ 0x50
10004e5c:	3308      	adds	r3, #8
10004e5e:	930f      	str	r3, [sp, #60]	@ 0x3c
10004e60:	980b      	ldr	r0, [sp, #44]	@ 0x2c
10004e62:	2380      	movs	r3, #128	@ 0x80
10004e64:	0002      	movs	r2, r0
10004e66:	00db      	lsls	r3, r3, #3
10004e68:	401a      	ands	r2, r3
10004e6a:	0011      	movs	r1, r2
10004e6c:	0002      	movs	r2, r0
10004e6e:	4218      	tst	r0, r3
10004e70:	d000      	beq.n	10004e74 <_vsnprintf+0x544>
10004e72:	e080      	b.n	10004f76 <_vsnprintf+0x646>
10004e74:	230c      	movs	r3, #12
10004e76:	439a      	bics	r2, r3
10004e78:	0010      	movs	r0, r2
10004e7a:	2380      	movs	r3, #128	@ 0x80
10004e7c:	0002      	movs	r2, r0
10004e7e:	009b      	lsls	r3, r3, #2
10004e80:	401a      	ands	r2, r3
10004e82:	920b      	str	r2, [sp, #44]	@ 0x2c
10004e84:	4218      	tst	r0, r3
10004e86:	d000      	beq.n	10004e8a <_vsnprintf+0x55a>
10004e88:	e0f1      	b.n	1000506e <_vsnprintf+0x73e>
10004e8a:	2380      	movs	r3, #128	@ 0x80
10004e8c:	0002      	movs	r2, r0
10004e8e:	005b      	lsls	r3, r3, #1
10004e90:	401a      	ands	r2, r3
10004e92:	4691      	mov	r9, r2
10004e94:	9a0d      	ldr	r2, [sp, #52]	@ 0x34
10004e96:	3204      	adds	r2, #4
10004e98:	9214      	str	r2, [sp, #80]	@ 0x50
10004e9a:	4218      	tst	r0, r3
10004e9c:	d000      	beq.n	10004ea0 <_vsnprintf+0x570>
10004e9e:	e2c3      	b.n	10005428 <_vsnprintf+0xaf8>
10004ea0:	0643      	lsls	r3, r0, #25
10004ea2:	d500      	bpl.n	10004ea6 <_vsnprintf+0x576>
10004ea4:	e0d7      	b.n	10005056 <_vsnprintf+0x726>
10004ea6:	0603      	lsls	r3, r0, #24
10004ea8:	d400      	bmi.n	10004eac <_vsnprintf+0x57c>
10004eaa:	e321      	b.n	100054f0 <_vsnprintf+0xbc0>
10004eac:	9b0d      	ldr	r3, [sp, #52]	@ 0x34
10004eae:	881b      	ldrh	r3, [r3, #0]
10004eb0:	9309      	str	r3, [sp, #36]	@ 0x24
10004eb2:	2b00      	cmp	r3, #0
10004eb4:	d000      	beq.n	10004eb8 <_vsnprintf+0x588>
10004eb6:	e12d      	b.n	10005114 <_vsnprintf+0x7e4>
10004eb8:	3310      	adds	r3, #16
10004eba:	4398      	bics	r0, r3
10004ebc:	2900      	cmp	r1, #0
10004ebe:	d100      	bne.n	10004ec2 <_vsnprintf+0x592>
10004ec0:	e128      	b.n	10005114 <_vsnprintf+0x7e4>
10004ec2:	2300      	movs	r3, #0
10004ec4:	4699      	mov	r9, r3
10004ec6:	4643      	mov	r3, r8
10004ec8:	9305      	str	r3, [sp, #20]
10004eca:	4653      	mov	r3, sl
10004ecc:	9304      	str	r3, [sp, #16]
10004ece:	9b0f      	ldr	r3, [sp, #60]	@ 0x3c
10004ed0:	9006      	str	r0, [sp, #24]
10004ed2:	9303      	str	r3, [sp, #12]
10004ed4:	2300      	movs	r3, #0
10004ed6:	9302      	str	r3, [sp, #8]
10004ed8:	464b      	mov	r3, r9
10004eda:	9301      	str	r3, [sp, #4]
10004edc:	ab1c      	add	r3, sp, #112	@ 0x70
10004ede:	0022      	movs	r2, r4
10004ee0:	9300      	str	r3, [sp, #0]
10004ee2:	4659      	mov	r1, fp
10004ee4:	0033      	movs	r3, r6
10004ee6:	0028      	movs	r0, r5
10004ee8:	f7fe ffbc 	bl	10003e64 <_ntoa_format>
10004eec:	0004      	movs	r4, r0
10004eee:	e6c0      	b.n	10004c72 <_vsnprintf+0x342>
10004ef0:	2858      	cmp	r0, #88	@ 0x58
10004ef2:	d009      	beq.n	10004f08 <_vsnprintf+0x5d8>
10004ef4:	2862      	cmp	r0, #98	@ 0x62
10004ef6:	d000      	beq.n	10004efa <_vsnprintf+0x5ca>
10004ef8:	e2e3      	b.n	100054c2 <_vsnprintf+0xb92>
10004efa:	2302      	movs	r3, #2
10004efc:	469c      	mov	ip, r3
10004efe:	2300      	movs	r3, #0
10004f00:	9314      	str	r3, [sp, #80]	@ 0x50
10004f02:	3302      	adds	r3, #2
10004f04:	930f      	str	r3, [sp, #60]	@ 0x3c
10004f06:	e7ab      	b.n	10004e60 <_vsnprintf+0x530>
10004f08:	2320      	movs	r3, #32
10004f0a:	9a0b      	ldr	r2, [sp, #44]	@ 0x2c
10004f0c:	431a      	orrs	r2, r3
10004f0e:	920b      	str	r2, [sp, #44]	@ 0x2c
10004f10:	3b10      	subs	r3, #16
10004f12:	469c      	mov	ip, r3
10004f14:	2300      	movs	r3, #0
10004f16:	9314      	str	r3, [sp, #80]	@ 0x50
10004f18:	3310      	adds	r3, #16
10004f1a:	930f      	str	r3, [sp, #60]	@ 0x3c
10004f1c:	e7a0      	b.n	10004e60 <_vsnprintf+0x530>
10004f1e:	2380      	movs	r3, #128	@ 0x80
10004f20:	9a0b      	ldr	r2, [sp, #44]	@ 0x2c
10004f22:	011b      	lsls	r3, r3, #4
10004f24:	431a      	orrs	r2, r3
10004f26:	920b      	str	r2, [sp, #44]	@ 0x2c
10004f28:	2320      	movs	r3, #32
10004f2a:	9a0b      	ldr	r2, [sp, #44]	@ 0x2c
10004f2c:	431a      	orrs	r2, r3
10004f2e:	920b      	str	r2, [sp, #44]	@ 0x2c
10004f30:	e6dd      	b.n	10004cee <_vsnprintf+0x3be>
10004f32:	1b0b      	subs	r3, r1, r4
10004f34:	469a      	mov	sl, r3
10004f36:	9b0f      	ldr	r3, [sp, #60]	@ 0x3c
10004f38:	4699      	mov	r9, r3
10004f3a:	003b      	movs	r3, r7
10004f3c:	0037      	movs	r7, r6
10004f3e:	465e      	mov	r6, fp
10004f40:	469b      	mov	fp, r3
10004f42:	0022      	movs	r2, r4
10004f44:	003b      	movs	r3, r7
10004f46:	0031      	movs	r1, r6
10004f48:	47a8      	blx	r5
10004f4a:	4653      	mov	r3, sl
10004f4c:	3401      	adds	r4, #1
10004f4e:	5d18      	ldrb	r0, [r3, r4]
10004f50:	2800      	cmp	r0, #0
10004f52:	d1f6      	bne.n	10004f42 <_vsnprintf+0x612>
10004f54:	464b      	mov	r3, r9
10004f56:	930f      	str	r3, [sp, #60]	@ 0x3c
10004f58:	465b      	mov	r3, fp
10004f5a:	46b3      	mov	fp, r6
10004f5c:	003e      	movs	r6, r7
10004f5e:	001f      	movs	r7, r3
10004f60:	e683      	b.n	10004c6a <_vsnprintf+0x33a>
10004f62:	23c0      	movs	r3, #192	@ 0xc0
10004f64:	9a0b      	ldr	r2, [sp, #44]	@ 0x2c
10004f66:	78b8      	ldrb	r0, [r7, #2]
10004f68:	431a      	orrs	r2, r3
10004f6a:	920b      	str	r2, [sp, #44]	@ 0x2c
10004f6c:	1cf9      	adds	r1, r7, #3
10004f6e:	e55a      	b.n	10004a26 <_vsnprintf+0xf6>
10004f70:	23c0      	movs	r3, #192	@ 0xc0
10004f72:	009b      	lsls	r3, r3, #2
10004f74:	e7f6      	b.n	10004f64 <_vsnprintf+0x634>
10004f76:	230d      	movs	r3, #13
10004f78:	439a      	bics	r2, r3
10004f7a:	0010      	movs	r0, r2
10004f7c:	e77d      	b.n	10004e7a <_vsnprintf+0x54a>
10004f7e:	465b      	mov	r3, fp
10004f80:	0035      	movs	r5, r6
10004f82:	46bb      	mov	fp, r7
10004f84:	464e      	mov	r6, r9
10004f86:	001f      	movs	r7, r3
10004f88:	e66f      	b.n	10004c6a <_vsnprintf+0x33a>
10004f8a:	4643      	mov	r3, r8
10004f8c:	2b01      	cmp	r3, #1
10004f8e:	d966      	bls.n	1000505e <_vsnprintf+0x72e>
10004f90:	1e63      	subs	r3, r4, #1
10004f92:	4443      	add	r3, r8
10004f94:	0032      	movs	r2, r6
10004f96:	002e      	movs	r6, r5
10004f98:	001d      	movs	r5, r3
10004f9a:	003b      	movs	r3, r7
10004f9c:	46a2      	mov	sl, r4
10004f9e:	465f      	mov	r7, fp
10004fa0:	4691      	mov	r9, r2
10004fa2:	469b      	mov	fp, r3
10004fa4:	0022      	movs	r2, r4
10004fa6:	464b      	mov	r3, r9
10004fa8:	3401      	adds	r4, #1
10004faa:	0039      	movs	r1, r7
10004fac:	2020      	movs	r0, #32
10004fae:	47b0      	blx	r6
10004fb0:	42ac      	cmp	r4, r5
10004fb2:	d1f7      	bne.n	10004fa4 <_vsnprintf+0x674>
10004fb4:	465b      	mov	r3, fp
10004fb6:	0035      	movs	r5, r6
10004fb8:	46bb      	mov	fp, r7
10004fba:	464e      	mov	r6, r9
10004fbc:	46a1      	mov	r9, r4
10004fbe:	4654      	mov	r4, sl
10004fc0:	001f      	movs	r7, r3
10004fc2:	9b0d      	ldr	r3, [sp, #52]	@ 0x34
10004fc4:	464a      	mov	r2, r9
10004fc6:	7818      	ldrb	r0, [r3, #0]
10004fc8:	4659      	mov	r1, fp
10004fca:	0033      	movs	r3, r6
10004fcc:	4444      	add	r4, r8
10004fce:	47a8      	blx	r5
10004fd0:	e6ee      	b.n	10004db0 <_vsnprintf+0x480>
10004fd2:	9b0f      	ldr	r3, [sp, #60]	@ 0x3c
10004fd4:	46a1      	mov	r9, r4
10004fd6:	4598      	cmp	r8, r3
10004fd8:	d800      	bhi.n	10004fdc <_vsnprintf+0x6ac>
10004fda:	e64a      	b.n	10004c72 <_vsnprintf+0x342>
10004fdc:	4444      	add	r4, r8
10004fde:	1ae4      	subs	r4, r4, r3
10004fe0:	46b0      	mov	r8, r6
10004fe2:	002e      	movs	r6, r5
10004fe4:	0025      	movs	r5, r4
10004fe6:	464c      	mov	r4, r9
10004fe8:	46b9      	mov	r9, r7
10004fea:	465f      	mov	r7, fp
10004fec:	0022      	movs	r2, r4
10004fee:	4643      	mov	r3, r8
10004ff0:	3401      	adds	r4, #1
10004ff2:	0039      	movs	r1, r7
10004ff4:	2020      	movs	r0, #32
10004ff6:	47b0      	blx	r6
10004ff8:	42ac      	cmp	r4, r5
10004ffa:	d1f7      	bne.n	10004fec <_vsnprintf+0x6bc>
10004ffc:	002c      	movs	r4, r5
10004ffe:	46bb      	mov	fp, r7
10005000:	0035      	movs	r5, r6
10005002:	464f      	mov	r7, r9
10005004:	4646      	mov	r6, r8
10005006:	e634      	b.n	10004c72 <_vsnprintf+0x342>
10005008:	980f      	ldr	r0, [sp, #60]	@ 0x3c
1000500a:	4580      	cmp	r8, r0
1000500c:	d800      	bhi.n	10005010 <_vsnprintf+0x6e0>
1000500e:	e273      	b.n	100054f8 <_vsnprintf+0xbc8>
10005010:	4643      	mov	r3, r8
10005012:	18e2      	adds	r2, r4, r3
10005014:	1a13      	subs	r3, r2, r0
10005016:	0032      	movs	r2, r6
10005018:	002e      	movs	r6, r5
1000501a:	001d      	movs	r5, r3
1000501c:	003b      	movs	r3, r7
1000501e:	4691      	mov	r9, r2
10005020:	465f      	mov	r7, fp
10005022:	469b      	mov	fp, r3
10005024:	910f      	str	r1, [sp, #60]	@ 0x3c
10005026:	0022      	movs	r2, r4
10005028:	464b      	mov	r3, r9
1000502a:	3401      	adds	r4, #1
1000502c:	0039      	movs	r1, r7
1000502e:	2020      	movs	r0, #32
10005030:	47b0      	blx	r6
10005032:	42ac      	cmp	r4, r5
10005034:	d1f7      	bne.n	10005026 <_vsnprintf+0x6f6>
10005036:	465b      	mov	r3, fp
10005038:	46bb      	mov	fp, r7
1000503a:	001f      	movs	r7, r3
1000503c:	4643      	mov	r3, r8
1000503e:	990f      	ldr	r1, [sp, #60]	@ 0x3c
10005040:	3301      	adds	r3, #1
10005042:	930f      	str	r3, [sp, #60]	@ 0x3c
10005044:	780b      	ldrb	r3, [r1, #0]
10005046:	0035      	movs	r5, r6
10005048:	469c      	mov	ip, r3
1000504a:	464e      	mov	r6, r9
1000504c:	4660      	mov	r0, ip
1000504e:	2800      	cmp	r0, #0
10005050:	d000      	beq.n	10005054 <_vsnprintf+0x724>
10005052:	e5e5      	b.n	10004c20 <_vsnprintf+0x2f0>
10005054:	e60d      	b.n	10004c72 <_vsnprintf+0x342>
10005056:	9b0d      	ldr	r3, [sp, #52]	@ 0x34
10005058:	781b      	ldrb	r3, [r3, #0]
1000505a:	9309      	str	r3, [sp, #36]	@ 0x24
1000505c:	e729      	b.n	10004eb2 <_vsnprintf+0x582>
1000505e:	9b0d      	ldr	r3, [sp, #52]	@ 0x34
10005060:	0022      	movs	r2, r4
10005062:	7818      	ldrb	r0, [r3, #0]
10005064:	4659      	mov	r1, fp
10005066:	0033      	movs	r3, r6
10005068:	47a8      	blx	r5
1000506a:	464c      	mov	r4, r9
1000506c:	e6a0      	b.n	10004db0 <_vsnprintf+0x480>
1000506e:	9a0d      	ldr	r2, [sp, #52]	@ 0x34
10005070:	3bfa      	subs	r3, #250	@ 0xfa
10005072:	3bff      	subs	r3, #255	@ 0xff
10005074:	3207      	adds	r2, #7
10005076:	439a      	bics	r2, r3
10005078:	3301      	adds	r3, #1
1000507a:	4699      	mov	r9, r3
1000507c:	4491      	add	r9, r2
1000507e:	464b      	mov	r3, r9
10005080:	930d      	str	r3, [sp, #52]	@ 0x34
10005082:	6813      	ldr	r3, [r2, #0]
10005084:	6852      	ldr	r2, [r2, #4]
10005086:	9215      	str	r2, [sp, #84]	@ 0x54
10005088:	431a      	orrs	r2, r3
1000508a:	d106      	bne.n	1000509a <_vsnprintf+0x76a>
1000508c:	3210      	adds	r2, #16
1000508e:	4390      	bics	r0, r2
10005090:	2200      	movs	r2, #0
10005092:	9209      	str	r2, [sp, #36]	@ 0x24
10005094:	2900      	cmp	r1, #0
10005096:	d000      	beq.n	1000509a <_vsnprintf+0x76a>
10005098:	e083      	b.n	100051a2 <_vsnprintf+0x872>
1000509a:	2261      	movs	r2, #97	@ 0x61
1000509c:	0681      	lsls	r1, r0, #26
1000509e:	d500      	bpl.n	100050a2 <_vsnprintf+0x772>
100050a0:	2241      	movs	r2, #65	@ 0x41
100050a2:	b2d2      	uxtb	r2, r2
100050a4:	920a      	str	r2, [sp, #40]	@ 0x28
100050a6:	aa14      	add	r2, sp, #80	@ 0x50
100050a8:	4691      	mov	r9, r2
100050aa:	9a0a      	ldr	r2, [sp, #40]	@ 0x28
100050ac:	2100      	movs	r1, #0
100050ae:	3a0a      	subs	r2, #10
100050b0:	920b      	str	r2, [sp, #44]	@ 0x2c
100050b2:	4642      	mov	r2, r8
100050b4:	9217      	str	r2, [sp, #92]	@ 0x5c
100050b6:	4652      	mov	r2, sl
100050b8:	9218      	str	r2, [sp, #96]	@ 0x60
100050ba:	465a      	mov	r2, fp
100050bc:	46b2      	mov	sl, r6
100050be:	9109      	str	r1, [sp, #36]	@ 0x24
100050c0:	001e      	movs	r6, r3
100050c2:	311f      	adds	r1, #31
100050c4:	9b14      	ldr	r3, [sp, #80]	@ 0x50
100050c6:	4449      	add	r1, r9
100050c8:	46bb      	mov	fp, r7
100050ca:	9416      	str	r4, [sp, #88]	@ 0x58
100050cc:	951a      	str	r5, [sp, #104]	@ 0x68
100050ce:	2400      	movs	r4, #0
100050d0:	4667      	mov	r7, ip
100050d2:	4698      	mov	r8, r3
100050d4:	4689      	mov	r9, r1
100050d6:	9d15      	ldr	r5, [sp, #84]	@ 0x54
100050d8:	9019      	str	r0, [sp, #100]	@ 0x64
100050da:	921b      	str	r2, [sp, #108]	@ 0x6c
100050dc:	e00a      	b.n	100050f4 <_vsnprintf+0x7c4>
100050de:	3230      	adds	r2, #48	@ 0x30
100050e0:	b2d2      	uxtb	r2, r2
100050e2:	464b      	mov	r3, r9
100050e4:	3401      	adds	r4, #1
100050e6:	551a      	strb	r2, [r3, r4]
100050e8:	45a8      	cmp	r8, r5
100050ea:	d04c      	beq.n	10005186 <_vsnprintf+0x856>
100050ec:	2c20      	cmp	r4, #32
100050ee:	d04c      	beq.n	1000518a <_vsnprintf+0x85a>
100050f0:	0006      	movs	r6, r0
100050f2:	000d      	movs	r5, r1
100050f4:	003a      	movs	r2, r7
100050f6:	2300      	movs	r3, #0
100050f8:	0030      	movs	r0, r6
100050fa:	0029      	movs	r1, r5
100050fc:	f7fd ff7a 	bl	10002ff4 <__wrap___aeabi_uldivmod>
10005100:	b2d2      	uxtb	r2, r2
10005102:	2a09      	cmp	r2, #9
10005104:	d9eb      	bls.n	100050de <_vsnprintf+0x7ae>
10005106:	9b0b      	ldr	r3, [sp, #44]	@ 0x2c
10005108:	469c      	mov	ip, r3
1000510a:	4462      	add	r2, ip
1000510c:	b2d2      	uxtb	r2, r2
1000510e:	e7e8      	b.n	100050e2 <_vsnprintf+0x7b2>
10005110:	10003da9 	.word	0x10003da9
10005114:	2361      	movs	r3, #97	@ 0x61
10005116:	0682      	lsls	r2, r0, #26
10005118:	d500      	bpl.n	1000511c <_vsnprintf+0x7ec>
1000511a:	2341      	movs	r3, #65	@ 0x41
1000511c:	b2db      	uxtb	r3, r3
1000511e:	3b0a      	subs	r3, #10
10005120:	930b      	str	r3, [sp, #44]	@ 0x2c
10005122:	4643      	mov	r3, r8
10005124:	a914      	add	r1, sp, #80	@ 0x50
10005126:	221f      	movs	r2, #31
10005128:	468c      	mov	ip, r1
1000512a:	9315      	str	r3, [sp, #84]	@ 0x54
1000512c:	4653      	mov	r3, sl
1000512e:	4462      	add	r2, ip
10005130:	46b2      	mov	sl, r6
10005132:	940d      	str	r4, [sp, #52]	@ 0x34
10005134:	9717      	str	r7, [sp, #92]	@ 0x5c
10005136:	464c      	mov	r4, r9
10005138:	4680      	mov	r8, r0
1000513a:	46a9      	mov	r9, r5
1000513c:	0017      	movs	r7, r2
1000513e:	9d09      	ldr	r5, [sp, #36]	@ 0x24
10005140:	9e0f      	ldr	r6, [sp, #60]	@ 0x3c
10005142:	9316      	str	r3, [sp, #88]	@ 0x58
10005144:	e008      	b.n	10005158 <_vsnprintf+0x828>
10005146:	3330      	adds	r3, #48	@ 0x30
10005148:	b2db      	uxtb	r3, r3
1000514a:	3401      	adds	r4, #1
1000514c:	553b      	strb	r3, [r7, r4]
1000514e:	42b5      	cmp	r5, r6
10005150:	d30e      	bcc.n	10005170 <_vsnprintf+0x840>
10005152:	2c20      	cmp	r4, #32
10005154:	d00c      	beq.n	10005170 <_vsnprintf+0x840>
10005156:	0005      	movs	r5, r0
10005158:	0031      	movs	r1, r6
1000515a:	0028      	movs	r0, r5
1000515c:	f7fd ff0c 	bl	10002f78 <__wrap___aeabi_uidiv>
10005160:	b2cb      	uxtb	r3, r1
10005162:	2909      	cmp	r1, #9
10005164:	d9ef      	bls.n	10005146 <_vsnprintf+0x816>
10005166:	9a0b      	ldr	r2, [sp, #44]	@ 0x2c
10005168:	4694      	mov	ip, r2
1000516a:	4463      	add	r3, ip
1000516c:	b2db      	uxtb	r3, r3
1000516e:	e7ec      	b.n	1000514a <_vsnprintf+0x81a>
10005170:	9b15      	ldr	r3, [sp, #84]	@ 0x54
10005172:	4640      	mov	r0, r8
10005174:	4698      	mov	r8, r3
10005176:	9b16      	ldr	r3, [sp, #88]	@ 0x58
10005178:	464d      	mov	r5, r9
1000517a:	4656      	mov	r6, sl
1000517c:	46a1      	mov	r9, r4
1000517e:	469a      	mov	sl, r3
10005180:	9c0d      	ldr	r4, [sp, #52]	@ 0x34
10005182:	9f17      	ldr	r7, [sp, #92]	@ 0x5c
10005184:	e69f      	b.n	10004ec6 <_vsnprintf+0x596>
10005186:	42b7      	cmp	r7, r6
10005188:	d9b0      	bls.n	100050ec <_vsnprintf+0x7bc>
1000518a:	9b17      	ldr	r3, [sp, #92]	@ 0x5c
1000518c:	4656      	mov	r6, sl
1000518e:	4698      	mov	r8, r3
10005190:	9b18      	ldr	r3, [sp, #96]	@ 0x60
10005192:	465f      	mov	r7, fp
10005194:	469a      	mov	sl, r3
10005196:	9b1b      	ldr	r3, [sp, #108]	@ 0x6c
10005198:	9409      	str	r4, [sp, #36]	@ 0x24
1000519a:	469b      	mov	fp, r3
1000519c:	9c16      	ldr	r4, [sp, #88]	@ 0x58
1000519e:	9819      	ldr	r0, [sp, #100]	@ 0x64
100051a0:	9d1a      	ldr	r5, [sp, #104]	@ 0x68
100051a2:	4643      	mov	r3, r8
100051a4:	9305      	str	r3, [sp, #20]
100051a6:	4653      	mov	r3, sl
100051a8:	9304      	str	r3, [sp, #16]
100051aa:	9b0f      	ldr	r3, [sp, #60]	@ 0x3c
100051ac:	9006      	str	r0, [sp, #24]
100051ae:	9303      	str	r3, [sp, #12]
100051b0:	2300      	movs	r3, #0
100051b2:	9302      	str	r3, [sp, #8]
100051b4:	9b09      	ldr	r3, [sp, #36]	@ 0x24
100051b6:	9301      	str	r3, [sp, #4]
100051b8:	ab1c      	add	r3, sp, #112	@ 0x70
100051ba:	0022      	movs	r2, r4
100051bc:	9300      	str	r3, [sp, #0]
100051be:	4659      	mov	r1, fp
100051c0:	0033      	movs	r3, r6
100051c2:	0028      	movs	r0, r5
100051c4:	f7fe fe4e 	bl	10003e64 <_ntoa_format>
100051c8:	0004      	movs	r4, r0
100051ca:	f7ff fbdd 	bl	10004988 <_vsnprintf+0x58>
100051ce:	2310      	movs	r3, #16
100051d0:	9a0b      	ldr	r2, [sp, #44]	@ 0x2c
100051d2:	439a      	bics	r2, r3
100051d4:	920f      	str	r2, [sp, #60]	@ 0x3c
100051d6:	2869      	cmp	r0, #105	@ 0x69
100051d8:	d000      	beq.n	100051dc <_vsnprintf+0x8ac>
100051da:	e191      	b.n	10005500 <_vsnprintf+0xbd0>
100051dc:	990b      	ldr	r1, [sp, #44]	@ 0x2c
100051de:	2380      	movs	r3, #128	@ 0x80
100051e0:	000a      	movs	r2, r1
100051e2:	00db      	lsls	r3, r3, #3
100051e4:	401a      	ands	r2, r3
100051e6:	0010      	movs	r0, r2
100051e8:	000a      	movs	r2, r1
100051ea:	4219      	tst	r1, r3
100051ec:	d003      	beq.n	100051f6 <_vsnprintf+0x8c6>
100051ee:	2111      	movs	r1, #17
100051f0:	0018      	movs	r0, r3
100051f2:	438a      	bics	r2, r1
100051f4:	920f      	str	r2, [sp, #60]	@ 0x3c
100051f6:	9a0f      	ldr	r2, [sp, #60]	@ 0x3c
100051f8:	2380      	movs	r3, #128	@ 0x80
100051fa:	0011      	movs	r1, r2
100051fc:	009b      	lsls	r3, r3, #2
100051fe:	4019      	ands	r1, r3
10005200:	468c      	mov	ip, r1
10005202:	421a      	tst	r2, r3
10005204:	d15b      	bne.n	100052be <_vsnprintf+0x98e>
10005206:	2380      	movs	r3, #128	@ 0x80
10005208:	0011      	movs	r1, r2
1000520a:	005b      	lsls	r3, r3, #1
1000520c:	4019      	ands	r1, r3
1000520e:	4689      	mov	r9, r1
10005210:	990d      	ldr	r1, [sp, #52]	@ 0x34
10005212:	3104      	adds	r1, #4
10005214:	910b      	str	r1, [sp, #44]	@ 0x2c
10005216:	421a      	tst	r2, r3
10005218:	d000      	beq.n	1000521c <_vsnprintf+0x8ec>
1000521a:	e0b2      	b.n	10005382 <_vsnprintf+0xa52>
1000521c:	0013      	movs	r3, r2
1000521e:	065b      	lsls	r3, r3, #25
10005220:	d400      	bmi.n	10005224 <_vsnprintf+0x8f4>
10005222:	e0ed      	b.n	10005400 <_vsnprintf+0xad0>
10005224:	9b0d      	ldr	r3, [sp, #52]	@ 0x34
10005226:	781b      	ldrb	r3, [r3, #0]
10005228:	001a      	movs	r2, r3
1000522a:	0fd9      	lsrs	r1, r3, #31
1000522c:	910d      	str	r1, [sp, #52]	@ 0x34
1000522e:	2b00      	cmp	r3, #0
10005230:	d100      	bne.n	10005234 <_vsnprintf+0x904>
10005232:	e0a3      	b.n	1000537c <_vsnprintf+0xa4c>
10005234:	0010      	movs	r0, r2
10005236:	aa14      	add	r2, sp, #80	@ 0x50
10005238:	4694      	mov	ip, r2
1000523a:	4642      	mov	r2, r8
1000523c:	231f      	movs	r3, #31
1000523e:	9215      	str	r2, [sp, #84]	@ 0x54
10005240:	4652      	mov	r2, sl
10005242:	4463      	add	r3, ip
10005244:	46a8      	mov	r8, r5
10005246:	46ba      	mov	sl, r7
10005248:	464d      	mov	r5, r9
1000524a:	9414      	str	r4, [sp, #80]	@ 0x50
1000524c:	46b1      	mov	r9, r6
1000524e:	0004      	movs	r4, r0
10005250:	001f      	movs	r7, r3
10005252:	9216      	str	r2, [sp, #88]	@ 0x58
10005254:	e001      	b.n	1000525a <_vsnprintf+0x92a>
10005256:	2d20      	cmp	r5, #32
10005258:	d00f      	beq.n	1000527a <_vsnprintf+0x94a>
1000525a:	0020      	movs	r0, r4
1000525c:	210a      	movs	r1, #10
1000525e:	f7fd fe8b 	bl	10002f78 <__wrap___aeabi_uidiv>
10005262:	3501      	adds	r5, #1
10005264:	197e      	adds	r6, r7, r5
10005266:	3130      	adds	r1, #48	@ 0x30
10005268:	7031      	strb	r1, [r6, #0]
1000526a:	0020      	movs	r0, r4
1000526c:	210a      	movs	r1, #10
1000526e:	f7fd fe83 	bl	10002f78 <__wrap___aeabi_uidiv>
10005272:	0026      	movs	r6, r4
10005274:	0004      	movs	r4, r0
10005276:	2e09      	cmp	r6, #9
10005278:	d8ed      	bhi.n	10005256 <_vsnprintf+0x926>
1000527a:	9b15      	ldr	r3, [sp, #84]	@ 0x54
1000527c:	464e      	mov	r6, r9
1000527e:	46a9      	mov	r9, r5
10005280:	4645      	mov	r5, r8
10005282:	4698      	mov	r8, r3
10005284:	9b16      	ldr	r3, [sp, #88]	@ 0x58
10005286:	4657      	mov	r7, sl
10005288:	469a      	mov	sl, r3
1000528a:	9c14      	ldr	r4, [sp, #80]	@ 0x50
1000528c:	9b0f      	ldr	r3, [sp, #60]	@ 0x3c
1000528e:	9306      	str	r3, [sp, #24]
10005290:	4643      	mov	r3, r8
10005292:	9305      	str	r3, [sp, #20]
10005294:	4653      	mov	r3, sl
10005296:	9304      	str	r3, [sp, #16]
10005298:	230a      	movs	r3, #10
1000529a:	9303      	str	r3, [sp, #12]
1000529c:	9b0d      	ldr	r3, [sp, #52]	@ 0x34
1000529e:	9302      	str	r3, [sp, #8]
100052a0:	464b      	mov	r3, r9
100052a2:	9301      	str	r3, [sp, #4]
100052a4:	ab1c      	add	r3, sp, #112	@ 0x70
100052a6:	0022      	movs	r2, r4
100052a8:	9300      	str	r3, [sp, #0]
100052aa:	4659      	mov	r1, fp
100052ac:	0033      	movs	r3, r6
100052ae:	0028      	movs	r0, r5
100052b0:	f7fe fdd8 	bl	10003e64 <_ntoa_format>
100052b4:	9b0b      	ldr	r3, [sp, #44]	@ 0x2c
100052b6:	0004      	movs	r4, r0
100052b8:	930d      	str	r3, [sp, #52]	@ 0x34
100052ba:	f7ff fb65 	bl	10004988 <_vsnprintf+0x58>
100052be:	2207      	movs	r2, #7
100052c0:	9b0d      	ldr	r3, [sp, #52]	@ 0x34
100052c2:	3307      	adds	r3, #7
100052c4:	4393      	bics	r3, r2
100052c6:	3201      	adds	r2, #1
100052c8:	4694      	mov	ip, r2
100052ca:	449c      	add	ip, r3
100052cc:	4662      	mov	r2, ip
100052ce:	920d      	str	r2, [sp, #52]	@ 0x34
100052d0:	cb0c      	ldmia	r3, {r2, r3}
100052d2:	0fd9      	lsrs	r1, r3, #31
100052d4:	910b      	str	r1, [sp, #44]	@ 0x2c
100052d6:	0011      	movs	r1, r2
100052d8:	4319      	orrs	r1, r3
100052da:	d100      	bne.n	100052de <_vsnprintf+0x9ae>
100052dc:	e09b      	b.n	10005416 <_vsnprintf+0xae6>
100052de:	17d9      	asrs	r1, r3, #31
100052e0:	9113      	str	r1, [sp, #76]	@ 0x4c
100052e2:	9112      	str	r1, [sp, #72]	@ 0x48
100052e4:	4051      	eors	r1, r2
100052e6:	9110      	str	r1, [sp, #64]	@ 0x40
100052e8:	9913      	ldr	r1, [sp, #76]	@ 0x4c
100052ea:	4059      	eors	r1, r3
100052ec:	9111      	str	r1, [sp, #68]	@ 0x44
100052ee:	9810      	ldr	r0, [sp, #64]	@ 0x40
100052f0:	9911      	ldr	r1, [sp, #68]	@ 0x44
100052f2:	9a12      	ldr	r2, [sp, #72]	@ 0x48
100052f4:	9b13      	ldr	r3, [sp, #76]	@ 0x4c
100052f6:	1a80      	subs	r0, r0, r2
100052f8:	4199      	sbcs	r1, r3
100052fa:	9010      	str	r0, [sp, #64]	@ 0x40
100052fc:	9111      	str	r1, [sp, #68]	@ 0x44
100052fe:	aa14      	add	r2, sp, #80	@ 0x50
10005300:	4694      	mov	ip, r2
10005302:	4642      	mov	r2, r8
10005304:	2300      	movs	r3, #0
10005306:	9215      	str	r2, [sp, #84]	@ 0x54
10005308:	4652      	mov	r2, sl
1000530a:	4699      	mov	r9, r3
1000530c:	9216      	str	r2, [sp, #88]	@ 0x58
1000530e:	0032      	movs	r2, r6
10005310:	331f      	adds	r3, #31
10005312:	4463      	add	r3, ip
10005314:	46a8      	mov	r8, r5
10005316:	464e      	mov	r6, r9
10005318:	46ba      	mov	sl, r7
1000531a:	9414      	str	r4, [sp, #80]	@ 0x50
1000531c:	001f      	movs	r7, r3
1000531e:	9c10      	ldr	r4, [sp, #64]	@ 0x40
10005320:	9d11      	ldr	r5, [sp, #68]	@ 0x44
10005322:	4691      	mov	r9, r2
10005324:	e001      	b.n	1000532a <_vsnprintf+0x9fa>
10005326:	2e20      	cmp	r6, #32
10005328:	d010      	beq.n	1000534c <_vsnprintf+0xa1c>
1000532a:	0020      	movs	r0, r4
1000532c:	0029      	movs	r1, r5
1000532e:	220a      	movs	r2, #10
10005330:	2300      	movs	r3, #0
10005332:	f7fd fe5f 	bl	10002ff4 <__wrap___aeabi_uldivmod>
10005336:	3601      	adds	r6, #1
10005338:	3230      	adds	r2, #48	@ 0x30
1000533a:	002b      	movs	r3, r5
1000533c:	55ba      	strb	r2, [r7, r6]
1000533e:	000d      	movs	r5, r1
10005340:	0022      	movs	r2, r4
10005342:	0004      	movs	r4, r0
10005344:	2b00      	cmp	r3, #0
10005346:	d1ee      	bne.n	10005326 <_vsnprintf+0x9f6>
10005348:	2a09      	cmp	r2, #9
1000534a:	d8ec      	bhi.n	10005326 <_vsnprintf+0x9f6>
1000534c:	9b15      	ldr	r3, [sp, #84]	@ 0x54
1000534e:	9410      	str	r4, [sp, #64]	@ 0x40
10005350:	9511      	str	r5, [sp, #68]	@ 0x44
10005352:	4645      	mov	r5, r8
10005354:	4698      	mov	r8, r3
10005356:	464b      	mov	r3, r9
10005358:	9a16      	ldr	r2, [sp, #88]	@ 0x58
1000535a:	46b1      	mov	r9, r6
1000535c:	4657      	mov	r7, sl
1000535e:	001e      	movs	r6, r3
10005360:	4692      	mov	sl, r2
10005362:	9c14      	ldr	r4, [sp, #80]	@ 0x50
10005364:	9b0f      	ldr	r3, [sp, #60]	@ 0x3c
10005366:	9306      	str	r3, [sp, #24]
10005368:	4643      	mov	r3, r8
1000536a:	9305      	str	r3, [sp, #20]
1000536c:	4653      	mov	r3, sl
1000536e:	9304      	str	r3, [sp, #16]
10005370:	230a      	movs	r3, #10
10005372:	9303      	str	r3, [sp, #12]
10005374:	9b0b      	ldr	r3, [sp, #44]	@ 0x2c
10005376:	9302      	str	r3, [sp, #8]
10005378:	464b      	mov	r3, r9
1000537a:	e71c      	b.n	100051b6 <_vsnprintf+0x886>
1000537c:	2800      	cmp	r0, #0
1000537e:	d185      	bne.n	1000528c <_vsnprintf+0x95c>
10005380:	e759      	b.n	10005236 <_vsnprintf+0x906>
10005382:	9b0d      	ldr	r3, [sp, #52]	@ 0x34
10005384:	681b      	ldr	r3, [r3, #0]
10005386:	0fda      	lsrs	r2, r3, #31
10005388:	0011      	movs	r1, r2
1000538a:	2b00      	cmp	r3, #0
1000538c:	d100      	bne.n	10005390 <_vsnprintf+0xa60>
1000538e:	e0a6      	b.n	100054de <_vsnprintf+0xbae>
10005390:	17da      	asrs	r2, r3, #31
10005392:	1898      	adds	r0, r3, r2
10005394:	4050      	eors	r0, r2
10005396:	aa14      	add	r2, sp, #80	@ 0x50
10005398:	4691      	mov	r9, r2
1000539a:	231f      	movs	r3, #31
1000539c:	4642      	mov	r2, r8
1000539e:	444b      	add	r3, r9
100053a0:	46a8      	mov	r8, r5
100053a2:	940d      	str	r4, [sp, #52]	@ 0x34
100053a4:	9716      	str	r7, [sp, #88]	@ 0x58
100053a6:	0004      	movs	r4, r0
100053a8:	4665      	mov	r5, ip
100053aa:	46b1      	mov	r9, r6
100053ac:	001f      	movs	r7, r3
100053ae:	9114      	str	r1, [sp, #80]	@ 0x50
100053b0:	9215      	str	r2, [sp, #84]	@ 0x54
100053b2:	e001      	b.n	100053b8 <_vsnprintf+0xa88>
100053b4:	2d20      	cmp	r5, #32
100053b6:	d00f      	beq.n	100053d8 <_vsnprintf+0xaa8>
100053b8:	0020      	movs	r0, r4
100053ba:	210a      	movs	r1, #10
100053bc:	f7fd fddc 	bl	10002f78 <__wrap___aeabi_uidiv>
100053c0:	3501      	adds	r5, #1
100053c2:	197e      	adds	r6, r7, r5
100053c4:	3130      	adds	r1, #48	@ 0x30
100053c6:	7031      	strb	r1, [r6, #0]
100053c8:	0020      	movs	r0, r4
100053ca:	210a      	movs	r1, #10
100053cc:	f7fd fdd4 	bl	10002f78 <__wrap___aeabi_uidiv>
100053d0:	0026      	movs	r6, r4
100053d2:	0004      	movs	r4, r0
100053d4:	2e09      	cmp	r6, #9
100053d6:	d8ed      	bhi.n	100053b4 <_vsnprintf+0xa84>
100053d8:	9b15      	ldr	r3, [sp, #84]	@ 0x54
100053da:	46ac      	mov	ip, r5
100053dc:	4645      	mov	r5, r8
100053de:	4698      	mov	r8, r3
100053e0:	9b14      	ldr	r3, [sp, #80]	@ 0x50
100053e2:	464e      	mov	r6, r9
100053e4:	0019      	movs	r1, r3
100053e6:	9c0d      	ldr	r4, [sp, #52]	@ 0x34
100053e8:	9f16      	ldr	r7, [sp, #88]	@ 0x58
100053ea:	9b0f      	ldr	r3, [sp, #60]	@ 0x3c
100053ec:	9102      	str	r1, [sp, #8]
100053ee:	9306      	str	r3, [sp, #24]
100053f0:	4643      	mov	r3, r8
100053f2:	9305      	str	r3, [sp, #20]
100053f4:	4653      	mov	r3, sl
100053f6:	9304      	str	r3, [sp, #16]
100053f8:	230a      	movs	r3, #10
100053fa:	9303      	str	r3, [sp, #12]
100053fc:	4663      	mov	r3, ip
100053fe:	e750      	b.n	100052a2 <_vsnprintf+0x972>
10005400:	0013      	movs	r3, r2
10005402:	061b      	lsls	r3, r3, #24
10005404:	d56e      	bpl.n	100054e4 <_vsnprintf+0xbb4>
10005406:	9b0d      	ldr	r3, [sp, #52]	@ 0x34
10005408:	2200      	movs	r2, #0
1000540a:	5e9b      	ldrsh	r3, [r3, r2]
1000540c:	17d9      	asrs	r1, r3, #31
1000540e:	185a      	adds	r2, r3, r1
10005410:	404a      	eors	r2, r1
10005412:	b292      	uxth	r2, r2
10005414:	e709      	b.n	1000522a <_vsnprintf+0x8fa>
10005416:	2300      	movs	r3, #0
10005418:	4699      	mov	r9, r3
1000541a:	2800      	cmp	r0, #0
1000541c:	d1a2      	bne.n	10005364 <_vsnprintf+0xa34>
1000541e:	2200      	movs	r2, #0
10005420:	2300      	movs	r3, #0
10005422:	9210      	str	r2, [sp, #64]	@ 0x40
10005424:	9311      	str	r3, [sp, #68]	@ 0x44
10005426:	e76a      	b.n	100052fe <_vsnprintf+0x9ce>
10005428:	9b0d      	ldr	r3, [sp, #52]	@ 0x34
1000542a:	681b      	ldr	r3, [r3, #0]
1000542c:	4699      	mov	r9, r3
1000542e:	2b00      	cmp	r3, #0
10005430:	d103      	bne.n	1000543a <_vsnprintf+0xb0a>
10005432:	3310      	adds	r3, #16
10005434:	4398      	bics	r0, r3
10005436:	2900      	cmp	r1, #0
10005438:	d138      	bne.n	100054ac <_vsnprintf+0xb7c>
1000543a:	2361      	movs	r3, #97	@ 0x61
1000543c:	0682      	lsls	r2, r0, #26
1000543e:	d500      	bpl.n	10005442 <_vsnprintf+0xb12>
10005440:	2341      	movs	r3, #65	@ 0x41
10005442:	b2db      	uxtb	r3, r3
10005444:	3b0a      	subs	r3, #10
10005446:	930d      	str	r3, [sp, #52]	@ 0x34
10005448:	4643      	mov	r3, r8
1000544a:	9316      	str	r3, [sp, #88]	@ 0x58
1000544c:	4653      	mov	r3, sl
1000544e:	a914      	add	r1, sp, #80	@ 0x50
10005450:	221f      	movs	r2, #31
10005452:	468c      	mov	ip, r1
10005454:	9317      	str	r3, [sp, #92]	@ 0x5c
10005456:	002b      	movs	r3, r5
10005458:	4462      	add	r2, ip
1000545a:	464d      	mov	r5, r9
1000545c:	46b2      	mov	sl, r6
1000545e:	9415      	str	r4, [sp, #84]	@ 0x54
10005460:	9718      	str	r7, [sp, #96]	@ 0x60
10005462:	4680      	mov	r8, r0
10005464:	0017      	movs	r7, r2
10005466:	4699      	mov	r9, r3
10005468:	9c0b      	ldr	r4, [sp, #44]	@ 0x2c
1000546a:	9e0f      	ldr	r6, [sp, #60]	@ 0x3c
1000546c:	e008      	b.n	10005480 <_vsnprintf+0xb50>
1000546e:	3330      	adds	r3, #48	@ 0x30
10005470:	b2db      	uxtb	r3, r3
10005472:	3401      	adds	r4, #1
10005474:	553b      	strb	r3, [r7, r4]
10005476:	42b5      	cmp	r5, r6
10005478:	d30e      	bcc.n	10005498 <_vsnprintf+0xb68>
1000547a:	2c20      	cmp	r4, #32
1000547c:	d00c      	beq.n	10005498 <_vsnprintf+0xb68>
1000547e:	0005      	movs	r5, r0
10005480:	0031      	movs	r1, r6
10005482:	0028      	movs	r0, r5
10005484:	f7fd fd78 	bl	10002f78 <__wrap___aeabi_uidiv>
10005488:	b2cb      	uxtb	r3, r1
1000548a:	2909      	cmp	r1, #9
1000548c:	d9ef      	bls.n	1000546e <_vsnprintf+0xb3e>
1000548e:	9a0d      	ldr	r2, [sp, #52]	@ 0x34
10005490:	4694      	mov	ip, r2
10005492:	4463      	add	r3, ip
10005494:	b2db      	uxtb	r3, r3
10005496:	e7ec      	b.n	10005472 <_vsnprintf+0xb42>
10005498:	9b16      	ldr	r3, [sp, #88]	@ 0x58
1000549a:	4640      	mov	r0, r8
1000549c:	4698      	mov	r8, r3
1000549e:	9b17      	ldr	r3, [sp, #92]	@ 0x5c
100054a0:	4656      	mov	r6, sl
100054a2:	464d      	mov	r5, r9
100054a4:	469a      	mov	sl, r3
100054a6:	940b      	str	r4, [sp, #44]	@ 0x2c
100054a8:	9f18      	ldr	r7, [sp, #96]	@ 0x60
100054aa:	9c15      	ldr	r4, [sp, #84]	@ 0x54
100054ac:	4643      	mov	r3, r8
100054ae:	9305      	str	r3, [sp, #20]
100054b0:	4653      	mov	r3, sl
100054b2:	9304      	str	r3, [sp, #16]
100054b4:	9b0f      	ldr	r3, [sp, #60]	@ 0x3c
100054b6:	9006      	str	r0, [sp, #24]
100054b8:	9303      	str	r3, [sp, #12]
100054ba:	2300      	movs	r3, #0
100054bc:	9302      	str	r3, [sp, #8]
100054be:	9b0b      	ldr	r3, [sp, #44]	@ 0x2c
100054c0:	e50b      	b.n	10004eda <_vsnprintf+0x5aa>
100054c2:	990b      	ldr	r1, [sp, #44]	@ 0x2c
100054c4:	2380      	movs	r3, #128	@ 0x80
100054c6:	000a      	movs	r2, r1
100054c8:	00db      	lsls	r3, r3, #3
100054ca:	401a      	ands	r2, r3
100054cc:	0010      	movs	r0, r2
100054ce:	000a      	movs	r2, r1
100054d0:	4219      	tst	r1, r3
100054d2:	d000      	beq.n	100054d6 <_vsnprintf+0xba6>
100054d4:	e68b      	b.n	100051ee <_vsnprintf+0x8be>
100054d6:	2310      	movs	r3, #16
100054d8:	439a      	bics	r2, r3
100054da:	920f      	str	r2, [sp, #60]	@ 0x3c
100054dc:	e68b      	b.n	100051f6 <_vsnprintf+0x8c6>
100054de:	2800      	cmp	r0, #0
100054e0:	d183      	bne.n	100053ea <_vsnprintf+0xaba>
100054e2:	e758      	b.n	10005396 <_vsnprintf+0xa66>
100054e4:	9b0d      	ldr	r3, [sp, #52]	@ 0x34
100054e6:	681b      	ldr	r3, [r3, #0]
100054e8:	17d9      	asrs	r1, r3, #31
100054ea:	185a      	adds	r2, r3, r1
100054ec:	404a      	eors	r2, r1
100054ee:	e69c      	b.n	1000522a <_vsnprintf+0x8fa>
100054f0:	9b0d      	ldr	r3, [sp, #52]	@ 0x34
100054f2:	681b      	ldr	r3, [r3, #0]
100054f4:	9309      	str	r3, [sp, #36]	@ 0x24
100054f6:	e4dc      	b.n	10004eb2 <_vsnprintf+0x582>
100054f8:	0003      	movs	r3, r0
100054fa:	3301      	adds	r3, #1
100054fc:	930f      	str	r3, [sp, #60]	@ 0x3c
100054fe:	e5a5      	b.n	1000504c <_vsnprintf+0x71c>
10005500:	920b      	str	r2, [sp, #44]	@ 0x2c
10005502:	e46d      	b.n	10004de0 <_vsnprintf+0x4b0>

10005504 <__wrap_sprintf>:
10005504:	b40e      	push	{r1, r2, r3}
10005506:	0001      	movs	r1, r0
10005508:	2000      	movs	r0, #0
1000550a:	b530      	push	{r4, r5, lr}
1000550c:	b084      	sub	sp, #16
1000550e:	ac07      	add	r4, sp, #28
10005510:	4a08      	ldr	r2, [pc, #32]	@ (10005534 <__wrap_sprintf+0x30>)
10005512:	cc08      	ldmia	r4!, {r3}
10005514:	446a      	add	r2, sp
10005516:	6010      	str	r0, [r2, #0]
10005518:	2201      	movs	r2, #1
1000551a:	4d07      	ldr	r5, [pc, #28]	@ (10005538 <__wrap_sprintf+0x34>)
1000551c:	9400      	str	r4, [sp, #0]
1000551e:	0028      	movs	r0, r5
10005520:	4252      	negs	r2, r2
10005522:	9403      	str	r4, [sp, #12]
10005524:	f7ff fa04 	bl	10004930 <_vsnprintf>
10005528:	b004      	add	sp, #16
1000552a:	bc30      	pop	{r4, r5}
1000552c:	bc08      	pop	{r3}
1000552e:	b003      	add	sp, #12
10005530:	4718      	bx	r3
10005532:	46c0      	nop			@ (mov r8, r8)
10005534:	ffffeed8 	.word	0xffffeed8
10005538:	10003da1 	.word	0x10003da1

1000553c <__wrap_snprintf>:
1000553c:	b40c      	push	{r2, r3}
1000553e:	000a      	movs	r2, r1
10005540:	b530      	push	{r4, r5, lr}
10005542:	2500      	movs	r5, #0
10005544:	b085      	sub	sp, #20
10005546:	ac08      	add	r4, sp, #32
10005548:	4907      	ldr	r1, [pc, #28]	@ (10005568 <__wrap_snprintf+0x2c>)
1000554a:	cc08      	ldmia	r4!, {r3}
1000554c:	4469      	add	r1, sp
1000554e:	600d      	str	r5, [r1, #0]
10005550:	4d06      	ldr	r5, [pc, #24]	@ (1000556c <__wrap_snprintf+0x30>)
10005552:	0001      	movs	r1, r0
10005554:	9400      	str	r4, [sp, #0]
10005556:	0028      	movs	r0, r5
10005558:	9403      	str	r4, [sp, #12]
1000555a:	f7ff f9e9 	bl	10004930 <_vsnprintf>
1000555e:	b005      	add	sp, #20
10005560:	bc30      	pop	{r4, r5}
10005562:	bc08      	pop	{r3}
10005564:	b002      	add	sp, #8
10005566:	4718      	bx	r3
10005568:	ffffeed8 	.word	0xffffeed8
1000556c:	10003da1 	.word	0x10003da1

10005570 <vfctprintf>:
10005570:	b530      	push	{r4, r5, lr}
10005572:	2500      	movs	r5, #0
10005574:	4c07      	ldr	r4, [pc, #28]	@ (10005594 <vfctprintf+0x24>)
10005576:	b085      	sub	sp, #20
10005578:	446c      	add	r4, sp
1000557a:	6025      	str	r5, [r4, #0]
1000557c:	9103      	str	r1, [sp, #12]
1000557e:	2101      	movs	r1, #1
10005580:	9002      	str	r0, [sp, #8]
10005582:	9300      	str	r3, [sp, #0]
10005584:	4804      	ldr	r0, [pc, #16]	@ (10005598 <vfctprintf+0x28>)
10005586:	0013      	movs	r3, r2
10005588:	424a      	negs	r2, r1
1000558a:	a902      	add	r1, sp, #8
1000558c:	f7ff f9d0 	bl	10004930 <_vsnprintf>
10005590:	b005      	add	sp, #20
10005592:	bd30      	pop	{r4, r5, pc}
10005594:	ffffeed8 	.word	0xffffeed8
10005598:	100040dd 	.word	0x100040dd

1000559c <weak_raw_vprintf>:
1000559c:	0003      	movs	r3, r0
1000559e:	2000      	movs	r0, #0
100055a0:	b510      	push	{r4, lr}
100055a2:	4a0b      	ldr	r2, [pc, #44]	@ (100055d0 <weak_raw_vprintf+0x34>)
100055a4:	b084      	sub	sp, #16
100055a6:	446a      	add	r2, sp
100055a8:	6010      	str	r0, [r2, #0]
100055aa:	4a0a      	ldr	r2, [pc, #40]	@ (100055d4 <weak_raw_vprintf+0x38>)
100055ac:	6814      	ldr	r4, [r2, #0]
100055ae:	2c00      	cmp	r4, #0
100055b0:	d008      	beq.n	100055c4 <weak_raw_vprintf+0x28>
100055b2:	2201      	movs	r2, #1
100055b4:	9100      	str	r1, [sp, #0]
100055b6:	4808      	ldr	r0, [pc, #32]	@ (100055d8 <weak_raw_vprintf+0x3c>)
100055b8:	4252      	negs	r2, r2
100055ba:	a903      	add	r1, sp, #12
100055bc:	47a0      	blx	r4
100055be:	2001      	movs	r0, #1
100055c0:	b004      	add	sp, #16
100055c2:	bd10      	pop	{r4, pc}
100055c4:	0018      	movs	r0, r3
100055c6:	f000 f9d1 	bl	1000596c <__wrap_puts>
100055ca:	2000      	movs	r0, #0
100055cc:	e7f8      	b.n	100055c0 <weak_raw_vprintf+0x24>
100055ce:	46c0      	nop			@ (mov r8, r8)
100055d0:	ffffeed8 	.word	0xffffeed8
100055d4:	20002654 	.word	0x20002654
100055d8:	100040c1 	.word	0x100040c1

100055dc <_exit>:
100055dc:	be00      	bkpt	0x0000
100055de:	e7fd      	b.n	100055dc <_exit>

100055e0 <_sbrk>:
100055e0:	4a09      	ldr	r2, [pc, #36]	@ (10005608 <_sbrk+0x28>)
100055e2:	0003      	movs	r3, r0
100055e4:	6810      	ldr	r0, [r2, #0]
100055e6:	2800      	cmp	r0, #0
100055e8:	d005      	beq.n	100055f6 <_sbrk+0x16>
100055ea:	4908      	ldr	r1, [pc, #32]	@ (1000560c <_sbrk+0x2c>)
100055ec:	18c3      	adds	r3, r0, r3
100055ee:	428b      	cmp	r3, r1
100055f0:	d807      	bhi.n	10005602 <_sbrk+0x22>
100055f2:	6013      	str	r3, [r2, #0]
100055f4:	4770      	bx	lr
100055f6:	4806      	ldr	r0, [pc, #24]	@ (10005610 <_sbrk+0x30>)
100055f8:	4904      	ldr	r1, [pc, #16]	@ (1000560c <_sbrk+0x2c>)
100055fa:	18c3      	adds	r3, r0, r3
100055fc:	6010      	str	r0, [r2, #0]
100055fe:	428b      	cmp	r3, r1
10005600:	d9f7      	bls.n	100055f2 <_sbrk+0x12>
10005602:	2001      	movs	r0, #1
10005604:	4240      	negs	r0, r0
10005606:	e7f5      	b.n	100055f4 <_sbrk+0x14>
10005608:	2000215c 	.word	0x2000215c
1000560c:	20040000 	.word	0x20040000
10005610:	20002698 	.word	0x20002698

10005614 <exit>:
10005614:	2200      	movs	r2, #0
10005616:	b510      	push	{r4, lr}
10005618:	4b02      	ldr	r3, [pc, #8]	@ (10005624 <exit+0x10>)
1000561a:	446b      	add	r3, sp
1000561c:	601a      	str	r2, [r3, #0]
1000561e:	f7ff ffdd 	bl	100055dc <_exit>
10005622:	46c0      	nop			@ (mov r8, r8)
10005624:	ffffeed8 	.word	0xffffeed8

10005628 <runtime_init>:
10005628:	2200      	movs	r2, #0
1000562a:	b570      	push	{r4, r5, r6, lr}
1000562c:	4b09      	ldr	r3, [pc, #36]	@ (10005654 <runtime_init+0x2c>)
1000562e:	446b      	add	r3, sp
10005630:	601a      	str	r2, [r3, #0]
10005632:	f7fd fb29 	bl	10002c88 <runtime_run_initializers>
10005636:	4d08      	ldr	r5, [pc, #32]	@ (10005658 <runtime_init+0x30>)
10005638:	4e08      	ldr	r6, [pc, #32]	@ (1000565c <runtime_init+0x34>)
1000563a:	42b5      	cmp	r5, r6
1000563c:	d209      	bcs.n	10005652 <runtime_init+0x2a>
1000563e:	2400      	movs	r4, #0
10005640:	3e01      	subs	r6, #1
10005642:	1b76      	subs	r6, r6, r5
10005644:	08b6      	lsrs	r6, r6, #2
10005646:	cd08      	ldmia	r5!, {r3}
10005648:	4798      	blx	r3
1000564a:	0023      	movs	r3, r4
1000564c:	3401      	adds	r4, #1
1000564e:	42b3      	cmp	r3, r6
10005650:	d1f9      	bne.n	10005646 <runtime_init+0x1e>
10005652:	bd70      	pop	{r4, r5, r6, pc}
10005654:	ffffeed8 	.word	0xffffeed8
10005658:	1000834c 	.word	0x1000834c
1000565c:	10008358 	.word	0x10008358

10005660 <stdio_out_chars_no_crlf>:
10005660:	b510      	push	{r4, lr}
10005662:	0003      	movs	r3, r0
10005664:	2400      	movs	r4, #0
10005666:	0008      	movs	r0, r1
10005668:	0011      	movs	r1, r2
1000566a:	4a03      	ldr	r2, [pc, #12]	@ (10005678 <stdio_out_chars_no_crlf+0x18>)
1000566c:	446a      	add	r2, sp
1000566e:	6014      	str	r4, [r2, #0]
10005670:	681b      	ldr	r3, [r3, #0]
10005672:	4798      	blx	r3
10005674:	bd10      	pop	{r4, pc}
10005676:	46c0      	nop			@ (mov r8, r8)
10005678:	ffffeed8 	.word	0xffffeed8

1000567c <stdio_out_chars_crlf>:
1000567c:	b5f0      	push	{r4, r5, r6, r7, lr}
1000567e:	46c6      	mov	lr, r8
10005680:	0016      	movs	r6, r2
10005682:	0007      	movs	r7, r0
10005684:	2200      	movs	r2, #0
10005686:	000d      	movs	r5, r1
10005688:	b500      	push	{lr}
1000568a:	4b22      	ldr	r3, [pc, #136]	@ (10005714 <stdio_out_chars_crlf+0x98>)
1000568c:	446b      	add	r3, sp
1000568e:	601a      	str	r2, [r3, #0]
10005690:	7d43      	ldrb	r3, [r0, #21]
10005692:	2b00      	cmp	r3, #0
10005694:	d038      	beq.n	10005708 <stdio_out_chars_crlf+0x8c>
10005696:	2e00      	cmp	r6, #0
10005698:	dd2e      	ble.n	100056f8 <stdio_out_chars_crlf+0x7c>
1000569a:	2100      	movs	r1, #0
1000569c:	1e6a      	subs	r2, r5, #1
1000569e:	4690      	mov	r8, r2
100056a0:	5c6a      	ldrb	r2, [r5, r1]
100056a2:	7d03      	ldrb	r3, [r0, #20]
100056a4:	1c4c      	adds	r4, r1, #1
100056a6:	2000      	movs	r0, #0
100056a8:	2a0a      	cmp	r2, #10
100056aa:	d00c      	beq.n	100056c6 <stdio_out_chars_crlf+0x4a>
100056ac:	42a6      	cmp	r6, r4
100056ae:	d016      	beq.n	100056de <stdio_out_chars_crlf+0x62>
100056b0:	4643      	mov	r3, r8
100056b2:	5d1b      	ldrb	r3, [r3, r4]
100056b4:	0021      	movs	r1, r4
100056b6:	3b0d      	subs	r3, #13
100056b8:	425a      	negs	r2, r3
100056ba:	4153      	adcs	r3, r2
100056bc:	5c6a      	ldrb	r2, [r5, r1]
100056be:	b2db      	uxtb	r3, r3
100056c0:	1c4c      	adds	r4, r1, #1
100056c2:	2a0a      	cmp	r2, #10
100056c4:	d1f2      	bne.n	100056ac <stdio_out_chars_crlf+0x30>
100056c6:	2b00      	cmp	r3, #0
100056c8:	d1f0      	bne.n	100056ac <stdio_out_chars_crlf+0x30>
100056ca:	4288      	cmp	r0, r1
100056cc:	db17      	blt.n	100056fe <stdio_out_chars_crlf+0x82>
100056ce:	2102      	movs	r1, #2
100056d0:	4811      	ldr	r0, [pc, #68]	@ (10005718 <stdio_out_chars_crlf+0x9c>)
100056d2:	683b      	ldr	r3, [r7, #0]
100056d4:	4798      	blx	r3
100056d6:	42a6      	cmp	r6, r4
100056d8:	d007      	beq.n	100056ea <stdio_out_chars_crlf+0x6e>
100056da:	0020      	movs	r0, r4
100056dc:	e7e8      	b.n	100056b0 <stdio_out_chars_crlf+0x34>
100056de:	4286      	cmp	r6, r0
100056e0:	dd03      	ble.n	100056ea <stdio_out_chars_crlf+0x6e>
100056e2:	1a31      	subs	r1, r6, r0
100056e4:	683b      	ldr	r3, [r7, #0]
100056e6:	1828      	adds	r0, r5, r0
100056e8:	4798      	blx	r3
100056ea:	19ad      	adds	r5, r5, r6
100056ec:	3d01      	subs	r5, #1
100056ee:	782b      	ldrb	r3, [r5, #0]
100056f0:	3b0d      	subs	r3, #13
100056f2:	425a      	negs	r2, r3
100056f4:	4153      	adcs	r3, r2
100056f6:	753b      	strb	r3, [r7, #20]
100056f8:	bc80      	pop	{r7}
100056fa:	46b8      	mov	r8, r7
100056fc:	bdf0      	pop	{r4, r5, r6, r7, pc}
100056fe:	1a09      	subs	r1, r1, r0
10005700:	683b      	ldr	r3, [r7, #0]
10005702:	1828      	adds	r0, r5, r0
10005704:	4798      	blx	r3
10005706:	e7e2      	b.n	100056ce <stdio_out_chars_crlf+0x52>
10005708:	6803      	ldr	r3, [r0, #0]
1000570a:	0031      	movs	r1, r6
1000570c:	0028      	movs	r0, r5
1000570e:	4798      	blx	r3
10005710:	e7f2      	b.n	100056f8 <stdio_out_chars_crlf+0x7c>
10005712:	46c0      	nop			@ (mov r8, r8)
10005714:	ffffeed8 	.word	0xffffeed8
10005718:	1000bc88 	.word	0x1000bc88

1000571c <stdio_buffered_printer>:
1000571c:	b5f0      	push	{r4, r5, r6, r7, lr}
1000571e:	46c6      	mov	lr, r8
10005720:	2200      	movs	r2, #0
10005722:	0006      	movs	r6, r0
10005724:	000c      	movs	r4, r1
10005726:	b500      	push	{lr}
10005728:	4b15      	ldr	r3, [pc, #84]	@ (10005780 <stdio_buffered_printer+0x64>)
1000572a:	446b      	add	r3, sp
1000572c:	601a      	str	r2, [r3, #0]
1000572e:	680b      	ldr	r3, [r1, #0]
10005730:	2b80      	cmp	r3, #128	@ 0x80
10005732:	d006      	beq.n	10005742 <stdio_buffered_printer+0x26>
10005734:	1c5a      	adds	r2, r3, #1
10005736:	6022      	str	r2, [r4, #0]
10005738:	18e4      	adds	r4, r4, r3
1000573a:	7126      	strb	r6, [r4, #4]
1000573c:	bc80      	pop	{r7}
1000573e:	46b8      	mov	r8, r7
10005740:	bdf0      	pop	{r4, r5, r6, r7, pc}
10005742:	4b10      	ldr	r3, [pc, #64]	@ (10005784 <stdio_buffered_printer+0x68>)
10005744:	681d      	ldr	r5, [r3, #0]
10005746:	2d00      	cmp	r5, #0
10005748:	d016      	beq.n	10005778 <stdio_buffered_printer+0x5c>
1000574a:	1d0b      	adds	r3, r1, #4
1000574c:	4698      	mov	r8, r3
1000574e:	4f0e      	ldr	r7, [pc, #56]	@ (10005788 <stdio_buffered_printer+0x6c>)
10005750:	e002      	b.n	10005758 <stdio_buffered_printer+0x3c>
10005752:	692d      	ldr	r5, [r5, #16]
10005754:	2d00      	cmp	r5, #0
10005756:	d00f      	beq.n	10005778 <stdio_buffered_printer+0x5c>
10005758:	682b      	ldr	r3, [r5, #0]
1000575a:	2b00      	cmp	r3, #0
1000575c:	d0f9      	beq.n	10005752 <stdio_buffered_printer+0x36>
1000575e:	683b      	ldr	r3, [r7, #0]
10005760:	2b00      	cmp	r3, #0
10005762:	d001      	beq.n	10005768 <stdio_buffered_printer+0x4c>
10005764:	42ab      	cmp	r3, r5
10005766:	d1f4      	bne.n	10005752 <stdio_buffered_printer+0x36>
10005768:	0028      	movs	r0, r5
1000576a:	4641      	mov	r1, r8
1000576c:	6822      	ldr	r2, [r4, #0]
1000576e:	f7ff ff85 	bl	1000567c <stdio_out_chars_crlf>
10005772:	692d      	ldr	r5, [r5, #16]
10005774:	2d00      	cmp	r5, #0
10005776:	d1ef      	bne.n	10005758 <stdio_buffered_printer+0x3c>
10005778:	2201      	movs	r2, #1
1000577a:	2300      	movs	r3, #0
1000577c:	e7db      	b.n	10005736 <stdio_buffered_printer+0x1a>
1000577e:	46c0      	nop			@ (mov r8, r8)
10005780:	ffffeed8 	.word	0xffffeed8
10005784:	20002138 	.word	0x20002138
10005788:	20002140 	.word	0x20002140

1000578c <stdio_put_string>:
1000578c:	b5f0      	push	{r4, r5, r6, r7, lr}
1000578e:	4657      	mov	r7, sl
10005790:	464e      	mov	r6, r9
10005792:	4645      	mov	r5, r8
10005794:	46de      	mov	lr, fp
10005796:	001c      	movs	r4, r3
10005798:	b5e0      	push	{r5, r6, r7, lr}
1000579a:	0017      	movs	r7, r2
1000579c:	0006      	movs	r6, r0
1000579e:	2200      	movs	r2, #0
100057a0:	000d      	movs	r5, r1
100057a2:	4b35      	ldr	r3, [pc, #212]	@ (10005878 <stdio_put_string+0xec>)
100057a4:	b085      	sub	sp, #20
100057a6:	446b      	add	r3, sp
100057a8:	601a      	str	r2, [r3, #0]
100057aa:	f7fd f807 	bl	100027bc <time_us_64>
100057ae:	2300      	movs	r3, #0
100057b0:	4a32      	ldr	r2, [pc, #200]	@ (1000587c <stdio_put_string+0xf0>)
100057b2:	1812      	adds	r2, r2, r0
100057b4:	414b      	adcs	r3, r1
100057b6:	2180      	movs	r1, #128	@ 0x80
100057b8:	0609      	lsls	r1, r1, #24
100057ba:	428b      	cmp	r3, r1
100057bc:	d302      	bcc.n	100057c4 <stdio_put_string+0x38>
100057be:	2201      	movs	r2, #1
100057c0:	4b2f      	ldr	r3, [pc, #188]	@ (10005880 <stdio_put_string+0xf4>)
100057c2:	4252      	negs	r2, r2
100057c4:	492f      	ldr	r1, [pc, #188]	@ (10005884 <stdio_put_string+0xf8>)
100057c6:	0008      	movs	r0, r1
100057c8:	468a      	mov	sl, r1
100057ca:	f002 fd81 	bl	100082d0 <__mutex_try_enter_block_until_veneer>
100057ce:	9001      	str	r0, [sp, #4]
100057d0:	1c6b      	adds	r3, r5, #1
100057d2:	d103      	bne.n	100057dc <stdio_put_string+0x50>
100057d4:	0030      	movs	r0, r6
100057d6:	f002 fc95 	bl	10008104 <strlen>
100057da:	0005      	movs	r5, r0
100057dc:	2c00      	cmp	r4, #0
100057de:	d026      	beq.n	1000582e <stdio_put_string+0xa2>
100057e0:	4b29      	ldr	r3, [pc, #164]	@ (10005888 <stdio_put_string+0xfc>)
100057e2:	4698      	mov	r8, r3
100057e4:	4b29      	ldr	r3, [pc, #164]	@ (1000588c <stdio_put_string+0x100>)
100057e6:	681c      	ldr	r4, [r3, #0]
100057e8:	2c00      	cmp	r4, #0
100057ea:	d015      	beq.n	10005818 <stdio_put_string+0x8c>
100057ec:	2f00      	cmp	r7, #0
100057ee:	d121      	bne.n	10005834 <stdio_put_string+0xa8>
100057f0:	4f27      	ldr	r7, [pc, #156]	@ (10005890 <stdio_put_string+0x104>)
100057f2:	e002      	b.n	100057fa <stdio_put_string+0x6e>
100057f4:	6924      	ldr	r4, [r4, #16]
100057f6:	2c00      	cmp	r4, #0
100057f8:	d00e      	beq.n	10005818 <stdio_put_string+0x8c>
100057fa:	6823      	ldr	r3, [r4, #0]
100057fc:	2b00      	cmp	r3, #0
100057fe:	d0f9      	beq.n	100057f4 <stdio_put_string+0x68>
10005800:	683b      	ldr	r3, [r7, #0]
10005802:	2b00      	cmp	r3, #0
10005804:	d001      	beq.n	1000580a <stdio_put_string+0x7e>
10005806:	429c      	cmp	r4, r3
10005808:	d1f4      	bne.n	100057f4 <stdio_put_string+0x68>
1000580a:	0020      	movs	r0, r4
1000580c:	002a      	movs	r2, r5
1000580e:	0031      	movs	r1, r6
10005810:	47c0      	blx	r8
10005812:	6924      	ldr	r4, [r4, #16]
10005814:	2c00      	cmp	r4, #0
10005816:	d1f0      	bne.n	100057fa <stdio_put_string+0x6e>
10005818:	9b01      	ldr	r3, [sp, #4]
1000581a:	2b00      	cmp	r3, #0
1000581c:	d128      	bne.n	10005870 <stdio_put_string+0xe4>
1000581e:	0028      	movs	r0, r5
10005820:	b005      	add	sp, #20
10005822:	bcf0      	pop	{r4, r5, r6, r7}
10005824:	46bb      	mov	fp, r7
10005826:	46b2      	mov	sl, r6
10005828:	46a9      	mov	r9, r5
1000582a:	46a0      	mov	r8, r4
1000582c:	bdf0      	pop	{r4, r5, r6, r7, pc}
1000582e:	4b19      	ldr	r3, [pc, #100]	@ (10005894 <stdio_put_string+0x108>)
10005830:	4698      	mov	r8, r3
10005832:	e7d7      	b.n	100057e4 <stdio_put_string+0x58>
10005834:	4b16      	ldr	r3, [pc, #88]	@ (10005890 <stdio_put_string+0x104>)
10005836:	4699      	mov	r9, r3
10005838:	ab02      	add	r3, sp, #8
1000583a:	1ddf      	adds	r7, r3, #7
1000583c:	230a      	movs	r3, #10
1000583e:	469b      	mov	fp, r3
10005840:	e002      	b.n	10005848 <stdio_put_string+0xbc>
10005842:	6924      	ldr	r4, [r4, #16]
10005844:	2c00      	cmp	r4, #0
10005846:	d0e7      	beq.n	10005818 <stdio_put_string+0x8c>
10005848:	6823      	ldr	r3, [r4, #0]
1000584a:	2b00      	cmp	r3, #0
1000584c:	d0f9      	beq.n	10005842 <stdio_put_string+0xb6>
1000584e:	464b      	mov	r3, r9
10005850:	681b      	ldr	r3, [r3, #0]
10005852:	2b00      	cmp	r3, #0
10005854:	d001      	beq.n	1000585a <stdio_put_string+0xce>
10005856:	42a3      	cmp	r3, r4
10005858:	d1f3      	bne.n	10005842 <stdio_put_string+0xb6>
1000585a:	002a      	movs	r2, r5
1000585c:	0031      	movs	r1, r6
1000585e:	0020      	movs	r0, r4
10005860:	47c0      	blx	r8
10005862:	465b      	mov	r3, fp
10005864:	2201      	movs	r2, #1
10005866:	0039      	movs	r1, r7
10005868:	0020      	movs	r0, r4
1000586a:	703b      	strb	r3, [r7, #0]
1000586c:	47c0      	blx	r8
1000586e:	e7e8      	b.n	10005842 <stdio_put_string+0xb6>
10005870:	4650      	mov	r0, sl
10005872:	f002 fd05 	bl	10008280 <__mutex_exit_veneer>
10005876:	e7d2      	b.n	1000581e <stdio_put_string+0x92>
10005878:	ffffeed8 	.word	0xffffeed8
1000587c:	000f4240 	.word	0x000f4240
10005880:	7fffffff 	.word	0x7fffffff
10005884:	20001748 	.word	0x20001748
10005888:	1000567d 	.word	0x1000567d
1000588c:	20002138 	.word	0x20002138
10005890:	20002140 	.word	0x20002140
10005894:	10005661 	.word	0x10005661

10005898 <stdio_set_driver_enabled>:
10005898:	4a0a      	ldr	r2, [pc, #40]	@ (100058c4 <stdio_set_driver_enabled+0x2c>)
1000589a:	6813      	ldr	r3, [r2, #0]
1000589c:	2b00      	cmp	r3, #0
1000589e:	d105      	bne.n	100058ac <stdio_set_driver_enabled+0x14>
100058a0:	e00c      	b.n	100058bc <stdio_set_driver_enabled+0x24>
100058a2:	001a      	movs	r2, r3
100058a4:	691b      	ldr	r3, [r3, #16]
100058a6:	3210      	adds	r2, #16
100058a8:	2b00      	cmp	r3, #0
100058aa:	d007      	beq.n	100058bc <stdio_set_driver_enabled+0x24>
100058ac:	4298      	cmp	r0, r3
100058ae:	d1f8      	bne.n	100058a2 <stdio_set_driver_enabled+0xa>
100058b0:	2900      	cmp	r1, #0
100058b2:	d102      	bne.n	100058ba <stdio_set_driver_enabled+0x22>
100058b4:	6903      	ldr	r3, [r0, #16]
100058b6:	6013      	str	r3, [r2, #0]
100058b8:	6101      	str	r1, [r0, #16]
100058ba:	4770      	bx	lr
100058bc:	2900      	cmp	r1, #0
100058be:	d0fc      	beq.n	100058ba <stdio_set_driver_enabled+0x22>
100058c0:	6010      	str	r0, [r2, #0]
100058c2:	e7fa      	b.n	100058ba <stdio_set_driver_enabled+0x22>
100058c4:	20002138 	.word	0x20002138

100058c8 <__wrap_putchar>:
100058c8:	b5f0      	push	{r4, r5, r6, r7, lr}
100058ca:	46ce      	mov	lr, r9
100058cc:	4647      	mov	r7, r8
100058ce:	2200      	movs	r2, #0
100058d0:	0006      	movs	r6, r0
100058d2:	b580      	push	{r7, lr}
100058d4:	4b1f      	ldr	r3, [pc, #124]	@ (10005954 <__wrap_putchar+0x8c>)
100058d6:	b083      	sub	sp, #12
100058d8:	446b      	add	r3, sp
100058da:	601a      	str	r2, [r3, #0]
100058dc:	466b      	mov	r3, sp
100058de:	1ddd      	adds	r5, r3, #7
100058e0:	7028      	strb	r0, [r5, #0]
100058e2:	f7fc ff6b 	bl	100027bc <time_us_64>
100058e6:	2300      	movs	r3, #0
100058e8:	4a1b      	ldr	r2, [pc, #108]	@ (10005958 <__wrap_putchar+0x90>)
100058ea:	1812      	adds	r2, r2, r0
100058ec:	414b      	adcs	r3, r1
100058ee:	2180      	movs	r1, #128	@ 0x80
100058f0:	0609      	lsls	r1, r1, #24
100058f2:	428b      	cmp	r3, r1
100058f4:	d302      	bcc.n	100058fc <__wrap_putchar+0x34>
100058f6:	2201      	movs	r2, #1
100058f8:	4b18      	ldr	r3, [pc, #96]	@ (1000595c <__wrap_putchar+0x94>)
100058fa:	4252      	negs	r2, r2
100058fc:	4918      	ldr	r1, [pc, #96]	@ (10005960 <__wrap_putchar+0x98>)
100058fe:	0008      	movs	r0, r1
10005900:	4688      	mov	r8, r1
10005902:	f002 fce5 	bl	100082d0 <__mutex_try_enter_block_until_veneer>
10005906:	4b17      	ldr	r3, [pc, #92]	@ (10005964 <__wrap_putchar+0x9c>)
10005908:	4681      	mov	r9, r0
1000590a:	681c      	ldr	r4, [r3, #0]
1000590c:	2c00      	cmp	r4, #0
1000590e:	d014      	beq.n	1000593a <__wrap_putchar+0x72>
10005910:	4f15      	ldr	r7, [pc, #84]	@ (10005968 <__wrap_putchar+0xa0>)
10005912:	e002      	b.n	1000591a <__wrap_putchar+0x52>
10005914:	6924      	ldr	r4, [r4, #16]
10005916:	2c00      	cmp	r4, #0
10005918:	d00f      	beq.n	1000593a <__wrap_putchar+0x72>
1000591a:	6823      	ldr	r3, [r4, #0]
1000591c:	2b00      	cmp	r3, #0
1000591e:	d0f9      	beq.n	10005914 <__wrap_putchar+0x4c>
10005920:	683b      	ldr	r3, [r7, #0]
10005922:	2b00      	cmp	r3, #0
10005924:	d001      	beq.n	1000592a <__wrap_putchar+0x62>
10005926:	429c      	cmp	r4, r3
10005928:	d1f4      	bne.n	10005914 <__wrap_putchar+0x4c>
1000592a:	0020      	movs	r0, r4
1000592c:	2201      	movs	r2, #1
1000592e:	0029      	movs	r1, r5
10005930:	f7ff fea4 	bl	1000567c <stdio_out_chars_crlf>
10005934:	6924      	ldr	r4, [r4, #16]
10005936:	2c00      	cmp	r4, #0
10005938:	d1ef      	bne.n	1000591a <__wrap_putchar+0x52>
1000593a:	464b      	mov	r3, r9
1000593c:	2b00      	cmp	r3, #0
1000593e:	d105      	bne.n	1000594c <__wrap_putchar+0x84>
10005940:	0030      	movs	r0, r6
10005942:	b003      	add	sp, #12
10005944:	bcc0      	pop	{r6, r7}
10005946:	46b9      	mov	r9, r7
10005948:	46b0      	mov	r8, r6
1000594a:	bdf0      	pop	{r4, r5, r6, r7, pc}
1000594c:	4640      	mov	r0, r8
1000594e:	f002 fc97 	bl	10008280 <__mutex_exit_veneer>
10005952:	e7f5      	b.n	10005940 <__wrap_putchar+0x78>
10005954:	ffffeed8 	.word	0xffffeed8
10005958:	000f4240 	.word	0x000f4240
1000595c:	7fffffff 	.word	0x7fffffff
10005960:	20001748 	.word	0x20001748
10005964:	20002138 	.word	0x20002138
10005968:	20002140 	.word	0x20002140

1000596c <__wrap_puts>:
1000596c:	b570      	push	{r4, r5, r6, lr}
1000596e:	2200      	movs	r2, #0
10005970:	0004      	movs	r4, r0
10005972:	4b0e      	ldr	r3, [pc, #56]	@ (100059ac <__wrap_puts+0x40>)
10005974:	446b      	add	r3, sp
10005976:	601a      	str	r2, [r3, #0]
10005978:	f002 fbc4 	bl	10008104 <strlen>
1000597c:	2301      	movs	r3, #1
1000597e:	0001      	movs	r1, r0
10005980:	0005      	movs	r5, r0
10005982:	2201      	movs	r2, #1
10005984:	0020      	movs	r0, r4
10005986:	f7ff ff01 	bl	1000578c <stdio_put_string>
1000598a:	4b09      	ldr	r3, [pc, #36]	@ (100059b0 <__wrap_puts+0x44>)
1000598c:	681c      	ldr	r4, [r3, #0]
1000598e:	2c00      	cmp	r4, #0
10005990:	d006      	beq.n	100059a0 <__wrap_puts+0x34>
10005992:	6863      	ldr	r3, [r4, #4]
10005994:	2b00      	cmp	r3, #0
10005996:	d005      	beq.n	100059a4 <__wrap_puts+0x38>
10005998:	4798      	blx	r3
1000599a:	6924      	ldr	r4, [r4, #16]
1000599c:	2c00      	cmp	r4, #0
1000599e:	d1f8      	bne.n	10005992 <__wrap_puts+0x26>
100059a0:	0028      	movs	r0, r5
100059a2:	bd70      	pop	{r4, r5, r6, pc}
100059a4:	6924      	ldr	r4, [r4, #16]
100059a6:	2c00      	cmp	r4, #0
100059a8:	d1f3      	bne.n	10005992 <__wrap_puts+0x26>
100059aa:	e7f9      	b.n	100059a0 <__wrap_puts+0x34>
100059ac:	ffffeed8 	.word	0xffffeed8
100059b0:	20002138 	.word	0x20002138

100059b4 <__wrap_vprintf>:
100059b4:	b5f0      	push	{r4, r5, r6, r7, lr}
100059b6:	46ce      	mov	lr, r9
100059b8:	4647      	mov	r7, r8
100059ba:	2200      	movs	r2, #0
100059bc:	0004      	movs	r4, r0
100059be:	000d      	movs	r5, r1
100059c0:	b580      	push	{r7, lr}
100059c2:	4b2d      	ldr	r3, [pc, #180]	@ (10005a78 <__wrap_vprintf+0xc4>)
100059c4:	b0a3      	sub	sp, #140	@ 0x8c
100059c6:	446b      	add	r3, sp
100059c8:	601a      	str	r2, [r3, #0]
100059ca:	f7fc fef7 	bl	100027bc <time_us_64>
100059ce:	2300      	movs	r3, #0
100059d0:	4a2a      	ldr	r2, [pc, #168]	@ (10005a7c <__wrap_vprintf+0xc8>)
100059d2:	1812      	adds	r2, r2, r0
100059d4:	414b      	adcs	r3, r1
100059d6:	2180      	movs	r1, #128	@ 0x80
100059d8:	0609      	lsls	r1, r1, #24
100059da:	428b      	cmp	r3, r1
100059dc:	d302      	bcc.n	100059e4 <__wrap_vprintf+0x30>
100059de:	2201      	movs	r2, #1
100059e0:	4b27      	ldr	r3, [pc, #156]	@ (10005a80 <__wrap_vprintf+0xcc>)
100059e2:	4252      	negs	r2, r2
100059e4:	4f27      	ldr	r7, [pc, #156]	@ (10005a84 <__wrap_vprintf+0xd0>)
100059e6:	0038      	movs	r0, r7
100059e8:	f002 fc72 	bl	100082d0 <__mutex_try_enter_block_until_veneer>
100059ec:	2300      	movs	r3, #0
100059ee:	0006      	movs	r6, r0
100059f0:	9301      	str	r3, [sp, #4]
100059f2:	0022      	movs	r2, r4
100059f4:	002b      	movs	r3, r5
100059f6:	4824      	ldr	r0, [pc, #144]	@ (10005a88 <__wrap_vprintf+0xd4>)
100059f8:	a901      	add	r1, sp, #4
100059fa:	f7ff fdb9 	bl	10005570 <vfctprintf>
100059fe:	9b01      	ldr	r3, [sp, #4]
10005a00:	4680      	mov	r8, r0
10005a02:	2b00      	cmp	r3, #0
10005a04:	d114      	bne.n	10005a30 <__wrap_vprintf+0x7c>
10005a06:	4b21      	ldr	r3, [pc, #132]	@ (10005a8c <__wrap_vprintf+0xd8>)
10005a08:	681c      	ldr	r4, [r3, #0]
10005a0a:	2c00      	cmp	r4, #0
10005a0c:	d006      	beq.n	10005a1c <__wrap_vprintf+0x68>
10005a0e:	6863      	ldr	r3, [r4, #4]
10005a10:	2b00      	cmp	r3, #0
10005a12:	d00b      	beq.n	10005a2c <__wrap_vprintf+0x78>
10005a14:	4798      	blx	r3
10005a16:	6924      	ldr	r4, [r4, #16]
10005a18:	2c00      	cmp	r4, #0
10005a1a:	d1f8      	bne.n	10005a0e <__wrap_vprintf+0x5a>
10005a1c:	2e00      	cmp	r6, #0
10005a1e:	d125      	bne.n	10005a6c <__wrap_vprintf+0xb8>
10005a20:	4640      	mov	r0, r8
10005a22:	b023      	add	sp, #140	@ 0x8c
10005a24:	bcc0      	pop	{r6, r7}
10005a26:	46b9      	mov	r9, r7
10005a28:	46b0      	mov	r8, r6
10005a2a:	bdf0      	pop	{r4, r5, r6, r7, pc}
10005a2c:	6924      	ldr	r4, [r4, #16]
10005a2e:	e7ec      	b.n	10005a0a <__wrap_vprintf+0x56>
10005a30:	4b16      	ldr	r3, [pc, #88]	@ (10005a8c <__wrap_vprintf+0xd8>)
10005a32:	681d      	ldr	r5, [r3, #0]
10005a34:	4699      	mov	r9, r3
10005a36:	2d00      	cmp	r5, #0
10005a38:	d01c      	beq.n	10005a74 <__wrap_vprintf+0xc0>
10005a3a:	4c15      	ldr	r4, [pc, #84]	@ (10005a90 <__wrap_vprintf+0xdc>)
10005a3c:	e002      	b.n	10005a44 <__wrap_vprintf+0x90>
10005a3e:	692d      	ldr	r5, [r5, #16]
10005a40:	2d00      	cmp	r5, #0
10005a42:	d00f      	beq.n	10005a64 <__wrap_vprintf+0xb0>
10005a44:	682b      	ldr	r3, [r5, #0]
10005a46:	2b00      	cmp	r3, #0
10005a48:	d0f9      	beq.n	10005a3e <__wrap_vprintf+0x8a>
10005a4a:	6823      	ldr	r3, [r4, #0]
10005a4c:	2b00      	cmp	r3, #0
10005a4e:	d001      	beq.n	10005a54 <__wrap_vprintf+0xa0>
10005a50:	42ab      	cmp	r3, r5
10005a52:	d1f4      	bne.n	10005a3e <__wrap_vprintf+0x8a>
10005a54:	0028      	movs	r0, r5
10005a56:	9a01      	ldr	r2, [sp, #4]
10005a58:	a902      	add	r1, sp, #8
10005a5a:	f7ff fe0f 	bl	1000567c <stdio_out_chars_crlf>
10005a5e:	692d      	ldr	r5, [r5, #16]
10005a60:	2d00      	cmp	r5, #0
10005a62:	d1ef      	bne.n	10005a44 <__wrap_vprintf+0x90>
10005a64:	464b      	mov	r3, r9
10005a66:	9501      	str	r5, [sp, #4]
10005a68:	681c      	ldr	r4, [r3, #0]
10005a6a:	e7ce      	b.n	10005a0a <__wrap_vprintf+0x56>
10005a6c:	0038      	movs	r0, r7
10005a6e:	f002 fc07 	bl	10008280 <__mutex_exit_veneer>
10005a72:	e7d5      	b.n	10005a20 <__wrap_vprintf+0x6c>
10005a74:	9501      	str	r5, [sp, #4]
10005a76:	e7d1      	b.n	10005a1c <__wrap_vprintf+0x68>
10005a78:	ffffeed8 	.word	0xffffeed8
10005a7c:	000f4240 	.word	0x000f4240
10005a80:	7fffffff 	.word	0x7fffffff
10005a84:	20001748 	.word	0x20001748
10005a88:	1000571d 	.word	0x1000571d
10005a8c:	20002138 	.word	0x20002138
10005a90:	20002140 	.word	0x20002140

10005a94 <__wrap_printf>:
10005a94:	b40f      	push	{r0, r1, r2, r3}
10005a96:	2200      	movs	r2, #0
10005a98:	b500      	push	{lr}
10005a9a:	b083      	sub	sp, #12
10005a9c:	a904      	add	r1, sp, #16
10005a9e:	4b05      	ldr	r3, [pc, #20]	@ (10005ab4 <__wrap_printf+0x20>)
10005aa0:	c901      	ldmia	r1!, {r0}
10005aa2:	446b      	add	r3, sp
10005aa4:	601a      	str	r2, [r3, #0]
10005aa6:	9101      	str	r1, [sp, #4]
10005aa8:	f7ff ff84 	bl	100059b4 <__wrap_vprintf>
10005aac:	b003      	add	sp, #12
10005aae:	bc08      	pop	{r3}
10005ab0:	b004      	add	sp, #16
10005ab2:	4718      	bx	r3
10005ab4:	ffffeed8 	.word	0xffffeed8

10005ab8 <stdio_uart_out_chars>:
10005ab8:	b5f0      	push	{r4, r5, r6, r7, lr}
10005aba:	2900      	cmp	r1, #0
10005abc:	dd15      	ble.n	10005aea <stdio_uart_out_chars+0x32>
10005abe:	4b0e      	ldr	r3, [pc, #56]	@ (10005af8 <stdio_uart_out_chars+0x40>)
10005ac0:	270d      	movs	r7, #13
10005ac2:	681a      	ldr	r2, [r3, #0]
10005ac4:	4b0d      	ldr	r3, [pc, #52]	@ (10005afc <stdio_uart_out_chars+0x44>)
10005ac6:	4c0e      	ldr	r4, [pc, #56]	@ (10005b00 <stdio_uart_out_chars+0x48>)
10005ac8:	18d3      	adds	r3, r2, r3
10005aca:	425d      	negs	r5, r3
10005acc:	416b      	adcs	r3, r5
10005ace:	1845      	adds	r5, r0, r1
10005ad0:	2120      	movs	r1, #32
10005ad2:	005b      	lsls	r3, r3, #1
10005ad4:	5f1e      	ldrsh	r6, [r3, r4]
10005ad6:	7804      	ldrb	r4, [r0, #0]
10005ad8:	42a6      	cmp	r6, r4
10005ada:	d007      	beq.n	10005aec <stdio_uart_out_chars+0x34>
10005adc:	6993      	ldr	r3, [r2, #24]
10005ade:	4219      	tst	r1, r3
10005ae0:	d1fc      	bne.n	10005adc <stdio_uart_out_chars+0x24>
10005ae2:	3001      	adds	r0, #1
10005ae4:	6014      	str	r4, [r2, #0]
10005ae6:	42a8      	cmp	r0, r5
10005ae8:	d1f5      	bne.n	10005ad6 <stdio_uart_out_chars+0x1e>
10005aea:	bdf0      	pop	{r4, r5, r6, r7, pc}
10005aec:	6993      	ldr	r3, [r2, #24]
10005aee:	4219      	tst	r1, r3
10005af0:	d1fc      	bne.n	10005aec <stdio_uart_out_chars+0x34>
10005af2:	6017      	str	r7, [r2, #0]
10005af4:	e7f2      	b.n	10005adc <stdio_uart_out_chars+0x24>
10005af6:	46c0      	nop			@ (mov r8, r8)
10005af8:	2000268c 	.word	0x2000268c
10005afc:	bffc8000 	.word	0xbffc8000
10005b00:	20002684 	.word	0x20002684

10005b04 <stdio_uart_in_chars>:
10005b04:	4b20      	ldr	r3, [pc, #128]	@ (10005b88 <stdio_uart_in_chars+0x84>)
10005b06:	b570      	push	{r4, r5, r6, lr}
10005b08:	0004      	movs	r4, r0
10005b0a:	1e0d      	subs	r5, r1, #0
10005b0c:	681e      	ldr	r6, [r3, #0]
10005b0e:	dd2a      	ble.n	10005b66 <stdio_uart_in_chars+0x62>
10005b10:	2000      	movs	r0, #0
10005b12:	2110      	movs	r1, #16
10005b14:	4b1d      	ldr	r3, [pc, #116]	@ (10005b8c <stdio_uart_in_chars+0x88>)
10005b16:	3c01      	subs	r4, #1
10005b18:	681a      	ldr	r2, [r3, #0]
10005b1a:	6993      	ldr	r3, [r2, #24]
10005b1c:	4219      	tst	r1, r3
10005b1e:	d114      	bne.n	10005b4a <stdio_uart_in_chars+0x46>
10005b20:	3001      	adds	r0, #1
10005b22:	6993      	ldr	r3, [r2, #24]
10005b24:	4219      	tst	r1, r3
10005b26:	d1fc      	bne.n	10005b22 <stdio_uart_in_chars+0x1e>
10005b28:	6813      	ldr	r3, [r2, #0]
10005b2a:	5423      	strb	r3, [r4, r0]
10005b2c:	4285      	cmp	r5, r0
10005b2e:	d1f4      	bne.n	10005b1a <stdio_uart_in_chars+0x16>
10005b30:	2e00      	cmp	r6, #0
10005b32:	d008      	beq.n	10005b46 <stdio_uart_in_chars+0x42>
10005b34:	2350      	movs	r3, #80	@ 0x50
10005b36:	6393      	str	r3, [r2, #56]	@ 0x38
10005b38:	6b51      	ldr	r1, [r2, #52]	@ 0x34
10005b3a:	3b18      	subs	r3, #24
10005b3c:	400b      	ands	r3, r1
10005b3e:	4914      	ldr	r1, [pc, #80]	@ (10005b90 <stdio_uart_in_chars+0x8c>)
10005b40:	468c      	mov	ip, r1
10005b42:	4462      	add	r2, ip
10005b44:	6013      	str	r3, [r2, #0]
10005b46:	0028      	movs	r0, r5
10005b48:	e00c      	b.n	10005b64 <stdio_uart_in_chars+0x60>
10005b4a:	2e00      	cmp	r6, #0
10005b4c:	d008      	beq.n	10005b60 <stdio_uart_in_chars+0x5c>
10005b4e:	2350      	movs	r3, #80	@ 0x50
10005b50:	6393      	str	r3, [r2, #56]	@ 0x38
10005b52:	6b51      	ldr	r1, [r2, #52]	@ 0x34
10005b54:	3b18      	subs	r3, #24
10005b56:	400b      	ands	r3, r1
10005b58:	490d      	ldr	r1, [pc, #52]	@ (10005b90 <stdio_uart_in_chars+0x8c>)
10005b5a:	468c      	mov	ip, r1
10005b5c:	4462      	add	r2, ip
10005b5e:	6013      	str	r3, [r2, #0]
10005b60:	2800      	cmp	r0, #0
10005b62:	d00d      	beq.n	10005b80 <stdio_uart_in_chars+0x7c>
10005b64:	bd70      	pop	{r4, r5, r6, pc}
10005b66:	2e00      	cmp	r6, #0
10005b68:	d00a      	beq.n	10005b80 <stdio_uart_in_chars+0x7c>
10005b6a:	2250      	movs	r2, #80	@ 0x50
10005b6c:	4b07      	ldr	r3, [pc, #28]	@ (10005b8c <stdio_uart_in_chars+0x88>)
10005b6e:	681b      	ldr	r3, [r3, #0]
10005b70:	639a      	str	r2, [r3, #56]	@ 0x38
10005b72:	6b59      	ldr	r1, [r3, #52]	@ 0x34
10005b74:	3a18      	subs	r2, #24
10005b76:	400a      	ands	r2, r1
10005b78:	4905      	ldr	r1, [pc, #20]	@ (10005b90 <stdio_uart_in_chars+0x8c>)
10005b7a:	468c      	mov	ip, r1
10005b7c:	4463      	add	r3, ip
10005b7e:	601a      	str	r2, [r3, #0]
10005b80:	2003      	movs	r0, #3
10005b82:	4240      	negs	r0, r0
10005b84:	e7ee      	b.n	10005b64 <stdio_uart_in_chars+0x60>
10005b86:	46c0      	nop			@ (mov r8, r8)
10005b88:	20002100 	.word	0x20002100
10005b8c:	2000268c 	.word	0x2000268c
10005b90:	00001034 	.word	0x00001034

10005b94 <on_uart_rx>:
10005b94:	2200      	movs	r2, #0
10005b96:	b510      	push	{r4, lr}
10005b98:	4b06      	ldr	r3, [pc, #24]	@ (10005bb4 <on_uart_rx+0x20>)
10005b9a:	446b      	add	r3, sp
10005b9c:	601a      	str	r2, [r3, #0]
10005b9e:	4b06      	ldr	r3, [pc, #24]	@ (10005bb8 <on_uart_rx+0x24>)
10005ba0:	681b      	ldr	r3, [r3, #0]
10005ba2:	2b00      	cmp	r3, #0
10005ba4:	d005      	beq.n	10005bb2 <on_uart_rx+0x1e>
10005ba6:	4905      	ldr	r1, [pc, #20]	@ (10005bbc <on_uart_rx+0x28>)
10005ba8:	6809      	ldr	r1, [r1, #0]
10005baa:	638a      	str	r2, [r1, #56]	@ 0x38
10005bac:	4a04      	ldr	r2, [pc, #16]	@ (10005bc0 <on_uart_rx+0x2c>)
10005bae:	6810      	ldr	r0, [r2, #0]
10005bb0:	4798      	blx	r3
10005bb2:	bd10      	pop	{r4, pc}
10005bb4:	ffffeed8 	.word	0xffffeed8
10005bb8:	20002100 	.word	0x20002100
10005bbc:	2000268c 	.word	0x2000268c
10005bc0:	20002104 	.word	0x20002104

10005bc4 <stdio_uart_out_flush>:
10005bc4:	2208      	movs	r2, #8
10005bc6:	4902      	ldr	r1, [pc, #8]	@ (10005bd0 <stdio_uart_out_flush+0xc>)
10005bc8:	698b      	ldr	r3, [r1, #24]
10005bca:	421a      	tst	r2, r3
10005bcc:	d1fc      	bne.n	10005bc8 <stdio_uart_out_flush+0x4>
10005bce:	4770      	bx	lr
10005bd0:	40034000 	.word	0x40034000

10005bd4 <stdio_uart_set_chars_available_callback>:
10005bd4:	b5f0      	push	{r4, r5, r6, r7, lr}
10005bd6:	46c6      	mov	lr, r8
10005bd8:	2200      	movs	r2, #0
10005bda:	0005      	movs	r5, r0
10005bdc:	000e      	movs	r6, r1
10005bde:	b500      	push	{lr}
10005be0:	4b1b      	ldr	r3, [pc, #108]	@ (10005c50 <stdio_uart_set_chars_available_callback+0x7c>)
10005be2:	446b      	add	r3, sp
10005be4:	601a      	str	r2, [r3, #0]
10005be6:	4b1b      	ldr	r3, [pc, #108]	@ (10005c54 <stdio_uart_set_chars_available_callback+0x80>)
10005be8:	4f1b      	ldr	r7, [pc, #108]	@ (10005c58 <stdio_uart_set_chars_available_callback+0x84>)
10005bea:	681a      	ldr	r2, [r3, #0]
10005bec:	4698      	mov	r8, r3
10005bee:	4b1b      	ldr	r3, [pc, #108]	@ (10005c5c <stdio_uart_set_chars_available_callback+0x88>)
10005bf0:	18d3      	adds	r3, r2, r3
10005bf2:	4259      	negs	r1, r3
10005bf4:	414b      	adcs	r3, r1
10005bf6:	3314      	adds	r3, #20
10005bf8:	001c      	movs	r4, r3
10005bfa:	683b      	ldr	r3, [r7, #0]
10005bfc:	2800      	cmp	r0, #0
10005bfe:	d007      	beq.n	10005c10 <stdio_uart_set_chars_available_callback+0x3c>
10005c00:	2b00      	cmp	r3, #0
10005c02:	d011      	beq.n	10005c28 <stdio_uart_set_chars_available_callback+0x54>
10005c04:	4b16      	ldr	r3, [pc, #88]	@ (10005c60 <stdio_uart_set_chars_available_callback+0x8c>)
10005c06:	603d      	str	r5, [r7, #0]
10005c08:	601e      	str	r6, [r3, #0]
10005c0a:	bc80      	pop	{r7}
10005c0c:	46b8      	mov	r8, r7
10005c0e:	bdf0      	pop	{r4, r5, r6, r7, pc}
10005c10:	2b00      	cmp	r3, #0
10005c12:	d0f7      	beq.n	10005c04 <stdio_uart_set_chars_available_callback+0x30>
10005c14:	6390      	str	r0, [r2, #56]	@ 0x38
10005c16:	2100      	movs	r1, #0
10005c18:	0020      	movs	r0, r4
10005c1a:	f7fb fedd 	bl	100019d8 <irq_set_enabled>
10005c1e:	0020      	movs	r0, r4
10005c20:	4910      	ldr	r1, [pc, #64]	@ (10005c64 <stdio_uart_set_chars_available_callback+0x90>)
10005c22:	f7fc f827 	bl	10001c74 <irq_remove_handler>
10005c26:	e7ed      	b.n	10005c04 <stdio_uart_set_chars_available_callback+0x30>
10005c28:	0020      	movs	r0, r4
10005c2a:	490e      	ldr	r1, [pc, #56]	@ (10005c64 <stdio_uart_set_chars_available_callback+0x90>)
10005c2c:	f7fb fef2 	bl	10001a14 <irq_set_exclusive_handler>
10005c30:	2101      	movs	r1, #1
10005c32:	0020      	movs	r0, r4
10005c34:	f7fb fed0 	bl	100019d8 <irq_set_enabled>
10005c38:	4643      	mov	r3, r8
10005c3a:	2250      	movs	r2, #80	@ 0x50
10005c3c:	681b      	ldr	r3, [r3, #0]
10005c3e:	639a      	str	r2, [r3, #56]	@ 0x38
10005c40:	6b59      	ldr	r1, [r3, #52]	@ 0x34
10005c42:	3a18      	subs	r2, #24
10005c44:	400a      	ands	r2, r1
10005c46:	4908      	ldr	r1, [pc, #32]	@ (10005c68 <stdio_uart_set_chars_available_callback+0x94>)
10005c48:	468c      	mov	ip, r1
10005c4a:	4463      	add	r3, ip
10005c4c:	601a      	str	r2, [r3, #0]
10005c4e:	e7d9      	b.n	10005c04 <stdio_uart_set_chars_available_callback+0x30>
10005c50:	ffffeed8 	.word	0xffffeed8
10005c54:	2000268c 	.word	0x2000268c
10005c58:	20002100 	.word	0x20002100
10005c5c:	bffc8000 	.word	0xbffc8000
10005c60:	20002104 	.word	0x20002104
10005c64:	10005b95 	.word	0x10005b95
10005c68:	00001034 	.word	0x00001034

10005c6c <stdio_uart_init_full>:
10005c6c:	b570      	push	{r4, r5, r6, lr}
10005c6e:	000d      	movs	r5, r1
10005c70:	001c      	movs	r4, r3
10005c72:	2100      	movs	r1, #0
10005c74:	4b0c      	ldr	r3, [pc, #48]	@ (10005ca8 <stdio_uart_init_full+0x3c>)
10005c76:	446b      	add	r3, sp
10005c78:	6019      	str	r1, [r3, #0]
10005c7a:	4e0c      	ldr	r6, [pc, #48]	@ (10005cac <stdio_uart_init_full+0x40>)
10005c7c:	6030      	str	r0, [r6, #0]
10005c7e:	2a00      	cmp	r2, #0
10005c80:	db03      	blt.n	10005c8a <stdio_uart_init_full+0x1e>
10005c82:	0010      	movs	r0, r2
10005c84:	3102      	adds	r1, #2
10005c86:	f7fb fd07 	bl	10001698 <gpio_set_function>
10005c8a:	2c00      	cmp	r4, #0
10005c8c:	db03      	blt.n	10005c96 <stdio_uart_init_full+0x2a>
10005c8e:	2102      	movs	r1, #2
10005c90:	0020      	movs	r0, r4
10005c92:	f7fb fd01 	bl	10001698 <gpio_set_function>
10005c96:	0029      	movs	r1, r5
10005c98:	6830      	ldr	r0, [r6, #0]
10005c9a:	f7fc fddd 	bl	10002858 <uart_init>
10005c9e:	2101      	movs	r1, #1
10005ca0:	4803      	ldr	r0, [pc, #12]	@ (10005cb0 <stdio_uart_init_full+0x44>)
10005ca2:	f7ff fdf9 	bl	10005898 <stdio_set_driver_enabled>
10005ca6:	bd70      	pop	{r4, r5, r6, pc}
10005ca8:	ffffeed8 	.word	0xffffeed8
10005cac:	2000268c 	.word	0x2000268c
10005cb0:	200011c0 	.word	0x200011c0

10005cb4 <_retrieve_unique_id_on_boot>:
10005cb4:	2200      	movs	r2, #0
10005cb6:	b510      	push	{r4, lr}
10005cb8:	4b03      	ldr	r3, [pc, #12]	@ (10005cc8 <_retrieve_unique_id_on_boot+0x14>)
10005cba:	446b      	add	r3, sp
10005cbc:	601a      	str	r2, [r3, #0]
10005cbe:	4803      	ldr	r0, [pc, #12]	@ (10005ccc <_retrieve_unique_id_on_boot+0x18>)
10005cc0:	f000 f814 	bl	10005cec <flash_get_unique_id>
10005cc4:	bd10      	pop	{r4, pc}
10005cc6:	46c0      	nop			@ (mov r8, r8)
10005cc8:	ffffeed8 	.word	0xffffeed8
10005ccc:	20002674 	.word	0x20002674

10005cd0 <pico_get_unique_board_id>:
10005cd0:	2200      	movs	r2, #0
10005cd2:	b510      	push	{r4, lr}
10005cd4:	4b03      	ldr	r3, [pc, #12]	@ (10005ce4 <pico_get_unique_board_id+0x14>)
10005cd6:	446b      	add	r3, sp
10005cd8:	601a      	str	r2, [r3, #0]
10005cda:	4903      	ldr	r1, [pc, #12]	@ (10005ce8 <pico_get_unique_board_id+0x18>)
10005cdc:	3208      	adds	r2, #8
10005cde:	f7fe f859 	bl	10003d94 <__wrap___aeabi_memcpy>
10005ce2:	bd10      	pop	{r4, pc}
10005ce4:	ffffeed8 	.word	0xffffeed8
10005ce8:	20002674 	.word	0x20002674

10005cec <flash_get_unique_id>:
10005cec:	b510      	push	{r4, lr}
10005cee:	2200      	movs	r2, #0
10005cf0:	0004      	movs	r4, r0
10005cf2:	4b0f      	ldr	r3, [pc, #60]	@ (10005d30 <flash_get_unique_id+0x44>)
10005cf4:	b088      	sub	sp, #32
10005cf6:	446b      	add	r3, sp
10005cf8:	601a      	str	r2, [r3, #0]
10005cfa:	2100      	movs	r1, #0
10005cfc:	4668      	mov	r0, sp
10005cfe:	320d      	adds	r2, #13
10005d00:	f7fe f842 	bl	10003d88 <__wrap_memset>
10005d04:	220d      	movs	r2, #13
10005d06:	2100      	movs	r1, #0
10005d08:	a804      	add	r0, sp, #16
10005d0a:	f7fe f83d 	bl	10003d88 <__wrap_memset>
10005d0e:	234b      	movs	r3, #75	@ 0x4b
10005d10:	466a      	mov	r2, sp
10005d12:	4668      	mov	r0, sp
10005d14:	7013      	strb	r3, [r2, #0]
10005d16:	a904      	add	r1, sp, #16
10005d18:	220d      	movs	r2, #13
10005d1a:	f002 faa9 	bl	10008270 <__flash_do_cmd_veneer>
10005d1e:	2115      	movs	r1, #21
10005d20:	2208      	movs	r2, #8
10005d22:	0020      	movs	r0, r4
10005d24:	4469      	add	r1, sp
10005d26:	f7fe f835 	bl	10003d94 <__wrap___aeabi_memcpy>
10005d2a:	b008      	add	sp, #32
10005d2c:	bd10      	pop	{r4, pc}
10005d2e:	46c0      	nop			@ (mov r8, r8)
10005d30:	ffffeed8 	.word	0xffffeed8

10005d34 <core1_trampoline>:
10005d34:	bd03      	pop	{r0, r1, pc}
10005d36:	46c0      	nop			@ (mov r8, r8)

10005d38 <core1_wrapper>:
10005d38:	b510      	push	{r4, lr}
10005d3a:	2200      	movs	r2, #0
10005d3c:	0004      	movs	r4, r0
10005d3e:	4b03      	ldr	r3, [pc, #12]	@ (10005d4c <core1_wrapper+0x14>)
10005d40:	446b      	add	r3, sp
10005d42:	601a      	str	r2, [r3, #0]
10005d44:	f7fc ffba 	bl	10002cbc <runtime_run_per_core_initializers>
10005d48:	47a0      	blx	r4
10005d4a:	bd10      	pop	{r4, pc}
10005d4c:	ffffeed8 	.word	0xffffeed8

10005d50 <multicore_fifo_pop_blocking>:
10005d50:	22d0      	movs	r2, #208	@ 0xd0
10005d52:	0612      	lsls	r2, r2, #24
10005d54:	6d13      	ldr	r3, [r2, #80]	@ 0x50
10005d56:	07db      	lsls	r3, r3, #31
10005d58:	d404      	bmi.n	10005d64 <multicore_fifo_pop_blocking+0x14>
10005d5a:	2101      	movs	r1, #1
10005d5c:	bf20      	wfe
10005d5e:	6d13      	ldr	r3, [r2, #80]	@ 0x50
10005d60:	4219      	tst	r1, r3
10005d62:	d0fb      	beq.n	10005d5c <multicore_fifo_pop_blocking+0xc>
10005d64:	23d0      	movs	r3, #208	@ 0xd0
10005d66:	061b      	lsls	r3, r3, #24
10005d68:	6d98      	ldr	r0, [r3, #88]	@ 0x58
10005d6a:	4770      	bx	lr

10005d6c <multicore_launch_core1_raw>:
10005d6c:	b5f0      	push	{r4, r5, r6, r7, lr}
10005d6e:	0017      	movs	r7, r2
10005d70:	0004      	movs	r4, r0
10005d72:	2200      	movs	r2, #0
10005d74:	000e      	movs	r6, r1
10005d76:	4b20      	ldr	r3, [pc, #128]	@ (10005df8 <multicore_launch_core1_raw+0x8c>)
10005d78:	b087      	sub	sp, #28
10005d7a:	446b      	add	r3, sp
10005d7c:	601a      	str	r2, [r3, #0]
10005d7e:	200f      	movs	r0, #15
10005d80:	f7fb fe3c 	bl	100019fc <irq_is_enabled>
10005d84:	2100      	movs	r1, #0
10005d86:	0005      	movs	r5, r0
10005d88:	200f      	movs	r0, #15
10005d8a:	f7fb fe25 	bl	100019d8 <irq_set_enabled>
10005d8e:	2300      	movs	r3, #0
10005d90:	2200      	movs	r2, #0
10005d92:	9200      	str	r2, [sp, #0]
10005d94:	9301      	str	r3, [sp, #4]
10005d96:	2301      	movs	r3, #1
10005d98:	9302      	str	r3, [sp, #8]
10005d9a:	23d0      	movs	r3, #208	@ 0xd0
10005d9c:	9604      	str	r6, [sp, #16]
10005d9e:	9405      	str	r4, [sp, #20]
10005da0:	2600      	movs	r6, #0
10005da2:	2400      	movs	r4, #0
10005da4:	2101      	movs	r1, #1
10005da6:	2002      	movs	r0, #2
10005da8:	9703      	str	r7, [sp, #12]
10005daa:	061b      	lsls	r3, r3, #24
10005dac:	2c00      	cmp	r4, #0
10005dae:	d014      	beq.n	10005dda <multicore_launch_core1_raw+0x6e>
10005db0:	6d1a      	ldr	r2, [r3, #80]	@ 0x50
10005db2:	4210      	tst	r0, r2
10005db4:	d0fc      	beq.n	10005db0 <multicore_launch_core1_raw+0x44>
10005db6:	655c      	str	r4, [r3, #84]	@ 0x54
10005db8:	bf40      	sev
10005dba:	6d1a      	ldr	r2, [r3, #80]	@ 0x50
10005dbc:	4211      	tst	r1, r2
10005dbe:	d103      	bne.n	10005dc8 <multicore_launch_core1_raw+0x5c>
10005dc0:	bf20      	wfe
10005dc2:	6d1a      	ldr	r2, [r3, #80]	@ 0x50
10005dc4:	4211      	tst	r1, r2
10005dc6:	d0fb      	beq.n	10005dc0 <multicore_launch_core1_raw+0x54>
10005dc8:	6d9a      	ldr	r2, [r3, #88]	@ 0x58
10005dca:	42a2      	cmp	r2, r4
10005dcc:	d00a      	beq.n	10005de4 <multicore_launch_core1_raw+0x78>
10005dce:	2600      	movs	r6, #0
10005dd0:	466c      	mov	r4, sp
10005dd2:	00b2      	lsls	r2, r6, #2
10005dd4:	58a4      	ldr	r4, [r4, r2]
10005dd6:	e7e9      	b.n	10005dac <multicore_launch_core1_raw+0x40>
10005dd8:	6d9a      	ldr	r2, [r3, #88]	@ 0x58
10005dda:	6d1a      	ldr	r2, [r3, #80]	@ 0x50
10005ddc:	4211      	tst	r1, r2
10005dde:	d1fb      	bne.n	10005dd8 <multicore_launch_core1_raw+0x6c>
10005de0:	bf40      	sev
10005de2:	e7e5      	b.n	10005db0 <multicore_launch_core1_raw+0x44>
10005de4:	3601      	adds	r6, #1
10005de6:	2e06      	cmp	r6, #6
10005de8:	d1f2      	bne.n	10005dd0 <multicore_launch_core1_raw+0x64>
10005dea:	0029      	movs	r1, r5
10005dec:	200f      	movs	r0, #15
10005dee:	f7fb fdf3 	bl	100019d8 <irq_set_enabled>
10005df2:	b007      	add	sp, #28
10005df4:	bdf0      	pop	{r4, r5, r6, r7, pc}
10005df6:	46c0      	nop			@ (mov r8, r8)
10005df8:	ffffeed8 	.word	0xffffeed8

10005dfc <multicore_launch_core1>:
10005dfc:	2200      	movs	r2, #0
10005dfe:	b570      	push	{r4, r5, r6, lr}
10005e00:	4b0e      	ldr	r3, [pc, #56]	@ (10005e3c <multicore_launch_core1+0x40>)
10005e02:	446b      	add	r3, sp
10005e04:	601a      	str	r2, [r3, #0]
10005e06:	4b0e      	ldr	r3, [pc, #56]	@ (10005e40 <multicore_launch_core1+0x44>)
10005e08:	4a0e      	ldr	r2, [pc, #56]	@ (10005e44 <multicore_launch_core1+0x48>)
10005e0a:	4293      	cmp	r3, r2
10005e0c:	d310      	bcc.n	10005e30 <multicore_launch_core1+0x34>
10005e0e:	001c      	movs	r4, r3
10005e10:	4a0d      	ldr	r2, [pc, #52]	@ (10005e48 <multicore_launch_core1+0x4c>)
10005e12:	1899      	adds	r1, r3, r2
10005e14:	4d0c      	ldr	r5, [pc, #48]	@ (10005e48 <multicore_launch_core1+0x4c>)
10005e16:	4a0d      	ldr	r2, [pc, #52]	@ (10005e4c <multicore_launch_core1+0x50>)
10005e18:	6892      	ldr	r2, [r2, #8]
10005e1a:	5160      	str	r0, [r4, r5]
10005e1c:	20ff      	movs	r0, #255	@ 0xff
10005e1e:	00c0      	lsls	r0, r0, #3
10005e20:	5023      	str	r3, [r4, r0]
10005e22:	4b0b      	ldr	r3, [pc, #44]	@ (10005e50 <multicore_launch_core1+0x54>)
10005e24:	480b      	ldr	r0, [pc, #44]	@ (10005e54 <multicore_launch_core1+0x58>)
10005e26:	5023      	str	r3, [r4, r0]
10005e28:	480b      	ldr	r0, [pc, #44]	@ (10005e58 <multicore_launch_core1+0x5c>)
10005e2a:	f7ff ff9f 	bl	10005d6c <multicore_launch_core1_raw>
10005e2e:	bd70      	pop	{r4, r5, r6, pc}
10005e30:	2301      	movs	r3, #1
10005e32:	425b      	negs	r3, r3
10005e34:	001c      	movs	r4, r3
10005e36:	4909      	ldr	r1, [pc, #36]	@ (10005e5c <multicore_launch_core1+0x60>)
10005e38:	e7ec      	b.n	10005e14 <multicore_launch_core1+0x18>
10005e3a:	46c0      	nop			@ (mov r8, r8)
10005e3c:	ffffeed8 	.word	0xffffeed8
10005e40:	20040800 	.word	0x20040800
10005e44:	20040000 	.word	0x20040000
10005e48:	000007f4 	.word	0x000007f4
10005e4c:	e000ed00 	.word	0xe000ed00
10005e50:	10005d39 	.word	0x10005d39
10005e54:	000007fc 	.word	0x000007fc
10005e58:	10005d35 	.word	0x10005d35
10005e5c:	000007f3 	.word	0x000007f3

10005e60 <dcd_init>:
10005e60:	b5f0      	push	{r4, r5, r6, r7, lr}
10005e62:	46c6      	mov	lr, r8
10005e64:	2500      	movs	r5, #0
10005e66:	b500      	push	{lr}
10005e68:	4b1d      	ldr	r3, [pc, #116]	@ (10005ee0 <dcd_init+0x80>)
10005e6a:	446b      	add	r3, sp
10005e6c:	601d      	str	r5, [r3, #0]
10005e6e:	f000 f979 	bl	10006164 <rp2040_usb_init>
10005e72:	230c      	movs	r3, #12
10005e74:	4e1b      	ldr	r6, [pc, #108]	@ (10005ee4 <dcd_init+0x84>)
10005e76:	22ff      	movs	r2, #255	@ 0xff
10005e78:	67b3      	str	r3, [r6, #120]	@ 0x78
10005e7a:	2005      	movs	r0, #5
10005e7c:	491a      	ldr	r1, [pc, #104]	@ (10005ee8 <dcd_init+0x88>)
10005e7e:	f7fb fdf9 	bl	10001a74 <irq_add_shared_handler>
10005e82:	2340      	movs	r3, #64	@ 0x40
10005e84:	4698      	mov	r8, r3
10005e86:	4c19      	ldr	r4, [pc, #100]	@ (10005eec <dcd_init+0x8c>)
10005e88:	2100      	movs	r1, #0
10005e8a:	2240      	movs	r2, #64	@ 0x40
10005e8c:	0020      	movs	r0, r4
10005e8e:	f7fd ff7b 	bl	10003d88 <__wrap_memset>
10005e92:	4643      	mov	r3, r8
10005e94:	2701      	movs	r7, #1
10005e96:	2221      	movs	r2, #33	@ 0x21
10005e98:	8323      	strh	r3, [r4, #24]
10005e9a:	4b15      	ldr	r3, [pc, #84]	@ (10005ef0 <dcd_init+0x90>)
10005e9c:	7067      	strb	r7, [r4, #1]
10005e9e:	60a3      	str	r3, [r4, #8]
10005ea0:	601d      	str	r5, [r3, #0]
10005ea2:	54a5      	strb	r5, [r4, r2]
10005ea4:	325f      	adds	r2, #95	@ 0x5f
10005ea6:	8462      	strh	r2, [r4, #34]	@ 0x22
10005ea8:	4642      	mov	r2, r8
10005eaa:	8722      	strh	r2, [r4, #56]	@ 0x38
10005eac:	3a05      	subs	r2, #5
10005eae:	54a5      	strb	r5, [r4, r2]
10005eb0:	4b10      	ldr	r3, [pc, #64]	@ (10005ef4 <dcd_init+0x94>)
10005eb2:	4a11      	ldr	r2, [pc, #68]	@ (10005ef8 <dcd_init+0x98>)
10005eb4:	6065      	str	r5, [r4, #4]
10005eb6:	60e3      	str	r3, [r4, #12]
10005eb8:	62a2      	str	r2, [r4, #40]	@ 0x28
10005eba:	6015      	str	r5, [r2, #0]
10005ebc:	6265      	str	r5, [r4, #36]	@ 0x24
10005ebe:	62e3      	str	r3, [r4, #44]	@ 0x2c
10005ec0:	f002 f9ee 	bl	100082a0 <__reset_non_control_endpoints_veneer>
10005ec4:	2380      	movs	r3, #128	@ 0x80
10005ec6:	059b      	lsls	r3, r3, #22
10005ec8:	6437      	str	r7, [r6, #64]	@ 0x40
10005eca:	64f3      	str	r3, [r6, #76]	@ 0x4c
10005ecc:	2390      	movs	r3, #144	@ 0x90
10005ece:	4a0b      	ldr	r2, [pc, #44]	@ (10005efc <dcd_init+0x9c>)
10005ed0:	50f2      	str	r2, [r6, r3]
10005ed2:	2280      	movs	r2, #128	@ 0x80
10005ed4:	4b0a      	ldr	r3, [pc, #40]	@ (10005f00 <dcd_init+0xa0>)
10005ed6:	0252      	lsls	r2, r2, #9
10005ed8:	64da      	str	r2, [r3, #76]	@ 0x4c
10005eda:	bc80      	pop	{r7}
10005edc:	46b8      	mov	r8, r7
10005ede:	bdf0      	pop	{r4, r5, r6, r7, pc}
10005ee0:	ffffeed8 	.word	0xffffeed8
10005ee4:	50110000 	.word	0x50110000
10005ee8:	200004ed 	.word	0x200004ed
10005eec:	20002160 	.word	0x20002160
10005ef0:	50100084 	.word	0x50100084
10005ef4:	50100100 	.word	0x50100100
10005ef8:	50100080 	.word	0x50100080
10005efc:	0001d010 	.word	0x0001d010
10005f00:	50112000 	.word	0x50112000

10005f04 <dcd_int_enable>:
10005f04:	2200      	movs	r2, #0
10005f06:	b510      	push	{r4, lr}
10005f08:	4b03      	ldr	r3, [pc, #12]	@ (10005f18 <dcd_int_enable+0x14>)
10005f0a:	446b      	add	r3, sp
10005f0c:	601a      	str	r2, [r3, #0]
10005f0e:	2101      	movs	r1, #1
10005f10:	2005      	movs	r0, #5
10005f12:	f7fb fd61 	bl	100019d8 <irq_set_enabled>
10005f16:	bd10      	pop	{r4, pc}
10005f18:	ffffeed8 	.word	0xffffeed8

10005f1c <dcd_set_address>:
10005f1c:	2200      	movs	r2, #0
10005f1e:	b510      	push	{r4, lr}
10005f20:	4b03      	ldr	r3, [pc, #12]	@ (10005f30 <dcd_set_address+0x14>)
10005f22:	446b      	add	r3, sp
10005f24:	601a      	str	r2, [r3, #0]
10005f26:	2100      	movs	r1, #0
10005f28:	4802      	ldr	r0, [pc, #8]	@ (10005f34 <dcd_set_address+0x18>)
10005f2a:	f000 f941 	bl	100061b0 <hw_endpoint_xfer_start>
10005f2e:	bd10      	pop	{r4, pc}
10005f30:	ffffeed8 	.word	0xffffeed8
10005f34:	20002180 	.word	0x20002180

10005f38 <dcd_remote_wakeup>:
10005f38:	2180      	movs	r1, #128	@ 0x80
10005f3a:	2290      	movs	r2, #144	@ 0x90
10005f3c:	4b03      	ldr	r3, [pc, #12]	@ (10005f4c <dcd_remote_wakeup+0x14>)
10005f3e:	0289      	lsls	r1, r1, #10
10005f40:	5099      	str	r1, [r3, r2]
10005f42:	2280      	movs	r2, #128	@ 0x80
10005f44:	0152      	lsls	r2, r2, #5
10005f46:	64da      	str	r2, [r3, #76]	@ 0x4c
10005f48:	4770      	bx	lr
10005f4a:	46c0      	nop			@ (mov r8, r8)
10005f4c:	50112000 	.word	0x50112000

10005f50 <dcd_sof_enable>:
10005f50:	4b04      	ldr	r3, [pc, #16]	@ (10005f64 <dcd_sof_enable+0x14>)
10005f52:	7019      	strb	r1, [r3, #0]
10005f54:	2900      	cmp	r1, #0
10005f56:	d004      	beq.n	10005f62 <dcd_sof_enable+0x12>
10005f58:	2180      	movs	r1, #128	@ 0x80
10005f5a:	2390      	movs	r3, #144	@ 0x90
10005f5c:	4a02      	ldr	r2, [pc, #8]	@ (10005f68 <dcd_sof_enable+0x18>)
10005f5e:	0289      	lsls	r1, r1, #10
10005f60:	50d1      	str	r1, [r2, r3]
10005f62:	4770      	bx	lr
10005f64:	20002691 	.word	0x20002691
10005f68:	50112000 	.word	0x50112000

10005f6c <dcd_edpt0_status_complete>:
10005f6c:	780b      	ldrb	r3, [r1, #0]
10005f6e:	065b      	lsls	r3, r3, #25
10005f70:	d102      	bne.n	10005f78 <dcd_edpt0_status_complete+0xc>
10005f72:	784b      	ldrb	r3, [r1, #1]
10005f74:	2b05      	cmp	r3, #5
10005f76:	d000      	beq.n	10005f7a <dcd_edpt0_status_complete+0xe>
10005f78:	4770      	bx	lr
10005f7a:	788a      	ldrb	r2, [r1, #2]
10005f7c:	4b01      	ldr	r3, [pc, #4]	@ (10005f84 <dcd_edpt0_status_complete+0x18>)
10005f7e:	601a      	str	r2, [r3, #0]
10005f80:	e7fa      	b.n	10005f78 <dcd_edpt0_status_complete+0xc>
10005f82:	46c0      	nop			@ (mov r8, r8)
10005f84:	50110000 	.word	0x50110000

10005f88 <dcd_edpt_open>:
10005f88:	b5f8      	push	{r3, r4, r5, r6, r7, lr}
10005f8a:	46ce      	mov	lr, r9
10005f8c:	4647      	mov	r7, r8
10005f8e:	2000      	movs	r0, #0
10005f90:	b580      	push	{r7, lr}
10005f92:	4b3c      	ldr	r3, [pc, #240]	@ (10006084 <dcd_edpt_open+0xfc>)
10005f94:	446b      	add	r3, sp
10005f96:	6018      	str	r0, [r3, #0]
10005f98:	788b      	ldrb	r3, [r1, #2]
10005f9a:	78cc      	ldrb	r4, [r1, #3]
10005f9c:	469c      	mov	ip, r3
10005f9e:	794b      	ldrb	r3, [r1, #5]
10005fa0:	790a      	ldrb	r2, [r1, #4]
10005fa2:	07a4      	lsls	r4, r4, #30
10005fa4:	021b      	lsls	r3, r3, #8
10005fa6:	4313      	orrs	r3, r2
10005fa8:	0fa2      	lsrs	r2, r4, #30
10005faa:	4690      	mov	r8, r2
10005fac:	4691      	mov	r9, r2
10005fae:	217f      	movs	r1, #127	@ 0x7f
10005fb0:	4662      	mov	r2, ip
10005fb2:	4664      	mov	r4, ip
10005fb4:	4011      	ands	r1, r2
10005fb6:	09d5      	lsrs	r5, r2, #7
10005fb8:	004f      	lsls	r7, r1, #1
10005fba:	4e33      	ldr	r6, [pc, #204]	@ (10006088 <dcd_edpt_open+0x100>)
10005fbc:	197a      	adds	r2, r7, r5
10005fbe:	0152      	lsls	r2, r2, #5
10005fc0:	18b2      	adds	r2, r6, r2
10005fc2:	7094      	strb	r4, [r2, #2]
10005fc4:	2401      	movs	r4, #1
10005fc6:	406c      	eors	r4, r5
10005fc8:	7054      	strb	r4, [r2, #1]
10005fca:	4644      	mov	r4, r8
10005fcc:	055b      	lsls	r3, r3, #21
10005fce:	0d5b      	lsrs	r3, r3, #21
10005fd0:	70d0      	strb	r0, [r2, #3]
10005fd2:	8313      	strh	r3, [r2, #24]
10005fd4:	76d4      	strb	r4, [r2, #27]
10005fd6:	00ca      	lsls	r2, r1, #3
10005fd8:	2d01      	cmp	r5, #1
10005fda:	d033      	beq.n	10006044 <dcd_edpt_open+0xbc>
10005fdc:	4c2b      	ldr	r4, [pc, #172]	@ (1000608c <dcd_edpt_open+0x104>)
10005fde:	46a4      	mov	ip, r4
10005fe0:	018c      	lsls	r4, r1, #6
10005fe2:	4462      	add	r2, ip
10005fe4:	46a4      	mov	ip, r4
10005fe6:	44b4      	add	ip, r6
10005fe8:	4664      	mov	r4, ip
10005fea:	60a2      	str	r2, [r4, #8]
10005fec:	6010      	str	r0, [r2, #0]
10005fee:	2900      	cmp	r1, #0
10005ff0:	d033      	beq.n	1000605a <dcd_edpt_open+0xd2>
10005ff2:	4a27      	ldr	r2, [pc, #156]	@ (10006090 <dcd_edpt_open+0x108>)
10005ff4:	00c9      	lsls	r1, r1, #3
10005ff6:	4690      	mov	r8, r2
10005ff8:	4441      	add	r1, r8
10005ffa:	6061      	str	r1, [r4, #4]
10005ffc:	223f      	movs	r2, #63	@ 0x3f
10005ffe:	333f      	adds	r3, #63	@ 0x3f
10006000:	4393      	bics	r3, r2
10006002:	464a      	mov	r2, r9
10006004:	2a02      	cmp	r2, #2
10006006:	d100      	bne.n	1000600a <dcd_edpt_open+0x82>
10006008:	005b      	lsls	r3, r3, #1
1000600a:	4822      	ldr	r0, [pc, #136]	@ (10006094 <dcd_edpt_open+0x10c>)
1000600c:	197a      	adds	r2, r7, r5
1000600e:	6801      	ldr	r1, [r0, #0]
10006010:	0152      	lsls	r2, r2, #5
10006012:	18b2      	adds	r2, r6, r2
10006014:	60d1      	str	r1, [r2, #12]
10006016:	4a20      	ldr	r2, [pc, #128]	@ (10006098 <dcd_edpt_open+0x110>)
10006018:	18cb      	adds	r3, r1, r3
1000601a:	6003      	str	r3, [r0, #0]
1000601c:	4051      	eors	r1, r2
1000601e:	405a      	eors	r2, r3
10006020:	2380      	movs	r3, #128	@ 0x80
10006022:	4688      	mov	r8, r1
10006024:	015b      	lsls	r3, r3, #5
10006026:	429a      	cmp	r2, r3
10006028:	d828      	bhi.n	1000607c <dcd_edpt_open+0xf4>
1000602a:	464b      	mov	r3, r9
1000602c:	069c      	lsls	r4, r3, #26
1000602e:	4643      	mov	r3, r8
10006030:	431c      	orrs	r4, r3
10006032:	2380      	movs	r3, #128	@ 0x80
10006034:	197f      	adds	r7, r7, r5
10006036:	017f      	lsls	r7, r7, #5
10006038:	19f6      	adds	r6, r6, r7
1000603a:	6872      	ldr	r2, [r6, #4]
1000603c:	061b      	lsls	r3, r3, #24
1000603e:	4323      	orrs	r3, r4
10006040:	6013      	str	r3, [r2, #0]
10006042:	e010      	b.n	10006066 <dcd_edpt_open+0xde>
10006044:	4c15      	ldr	r4, [pc, #84]	@ (1000609c <dcd_edpt_open+0x114>)
10006046:	46a4      	mov	ip, r4
10006048:	018c      	lsls	r4, r1, #6
1000604a:	4462      	add	r2, ip
1000604c:	46a4      	mov	ip, r4
1000604e:	44b4      	add	ip, r6
10006050:	4664      	mov	r4, ip
10006052:	62a2      	str	r2, [r4, #40]	@ 0x28
10006054:	6010      	str	r0, [r2, #0]
10006056:	2900      	cmp	r1, #0
10006058:	d10a      	bne.n	10006070 <dcd_edpt_open+0xe8>
1000605a:	2300      	movs	r3, #0
1000605c:	016d      	lsls	r5, r5, #5
1000605e:	1975      	adds	r5, r6, r5
10006060:	606b      	str	r3, [r5, #4]
10006062:	4b0f      	ldr	r3, [pc, #60]	@ (100060a0 <dcd_edpt_open+0x118>)
10006064:	60eb      	str	r3, [r5, #12]
10006066:	2001      	movs	r0, #1
10006068:	bcc0      	pop	{r6, r7}
1000606a:	46b9      	mov	r9, r7
1000606c:	46b0      	mov	r8, r6
1000606e:	bdf8      	pop	{r3, r4, r5, r6, r7, pc}
10006070:	4a09      	ldr	r2, [pc, #36]	@ (10006098 <dcd_edpt_open+0x110>)
10006072:	00c9      	lsls	r1, r1, #3
10006074:	4690      	mov	r8, r2
10006076:	4441      	add	r1, r8
10006078:	6261      	str	r1, [r4, #36]	@ 0x24
1000607a:	e7bf      	b.n	10005ffc <dcd_edpt_open+0x74>
1000607c:	f7fc fdf8 	bl	10002c70 <hard_assertion_failure>
10006080:	e7d3      	b.n	1000602a <dcd_edpt_open+0xa2>
10006082:	46c0      	nop			@ (mov r8, r8)
10006084:	ffffeed8 	.word	0xffffeed8
10006088:	20002160 	.word	0x20002160
1000608c:	50100084 	.word	0x50100084
10006090:	50100004 	.word	0x50100004
10006094:	20002658 	.word	0x20002658
10006098:	50100000 	.word	0x50100000
1000609c:	50100080 	.word	0x50100080
100060a0:	50100100 	.word	0x50100100

100060a4 <dcd_edpt_close_all>:
100060a4:	2200      	movs	r2, #0
100060a6:	b510      	push	{r4, lr}
100060a8:	4b02      	ldr	r3, [pc, #8]	@ (100060b4 <dcd_edpt_close_all+0x10>)
100060aa:	446b      	add	r3, sp
100060ac:	601a      	str	r2, [r3, #0]
100060ae:	f002 f8f7 	bl	100082a0 <__reset_non_control_endpoints_veneer>
100060b2:	bd10      	pop	{r4, pc}
100060b4:	ffffeed8 	.word	0xffffeed8

100060b8 <dcd_edpt_xfer>:
100060b8:	b510      	push	{r4, lr}
100060ba:	2000      	movs	r0, #0
100060bc:	000c      	movs	r4, r1
100060be:	0011      	movs	r1, r2
100060c0:	001a      	movs	r2, r3
100060c2:	4b07      	ldr	r3, [pc, #28]	@ (100060e0 <dcd_edpt_xfer+0x28>)
100060c4:	446b      	add	r3, sp
100060c6:	6018      	str	r0, [r3, #0]
100060c8:	307f      	adds	r0, #127	@ 0x7f
100060ca:	4020      	ands	r0, r4
100060cc:	0040      	lsls	r0, r0, #1
100060ce:	09e4      	lsrs	r4, r4, #7
100060d0:	4b04      	ldr	r3, [pc, #16]	@ (100060e4 <dcd_edpt_xfer+0x2c>)
100060d2:	1900      	adds	r0, r0, r4
100060d4:	0140      	lsls	r0, r0, #5
100060d6:	18c0      	adds	r0, r0, r3
100060d8:	f000 f86a 	bl	100061b0 <hw_endpoint_xfer_start>
100060dc:	2001      	movs	r0, #1
100060de:	bd10      	pop	{r4, pc}
100060e0:	ffffeed8 	.word	0xffffeed8
100060e4:	20002160 	.word	0x20002160

100060e8 <dcd_edpt_stall>:
100060e8:	2200      	movs	r2, #0
100060ea:	b510      	push	{r4, lr}
100060ec:	4b0b      	ldr	r3, [pc, #44]	@ (1000611c <dcd_edpt_stall+0x34>)
100060ee:	446b      	add	r3, sp
100060f0:	601a      	str	r2, [r3, #0]
100060f2:	237f      	movs	r3, #127	@ 0x7f
100060f4:	0018      	movs	r0, r3
100060f6:	09ca      	lsrs	r2, r1, #7
100060f8:	4008      	ands	r0, r1
100060fa:	420b      	tst	r3, r1
100060fc:	d103      	bne.n	10006106 <dcd_edpt_stall+0x1e>
100060fe:	4908      	ldr	r1, [pc, #32]	@ (10006120 <dcd_edpt_stall+0x38>)
10006100:	3b7d      	subs	r3, #125	@ 0x7d
10006102:	1a9b      	subs	r3, r3, r2
10006104:	668b      	str	r3, [r1, #104]	@ 0x68
10006106:	0040      	lsls	r0, r0, #1
10006108:	1880      	adds	r0, r0, r2
1000610a:	2280      	movs	r2, #128	@ 0x80
1000610c:	4b05      	ldr	r3, [pc, #20]	@ (10006124 <dcd_edpt_stall+0x3c>)
1000610e:	0140      	lsls	r0, r0, #5
10006110:	2100      	movs	r1, #0
10006112:	18c0      	adds	r0, r0, r3
10006114:	0112      	lsls	r2, r2, #4
10006116:	f002 f8eb 	bl	100082f0 <___hw_endpoint_buffer_control_update32_veneer>
1000611a:	bd10      	pop	{r4, pc}
1000611c:	ffffeed8 	.word	0xffffeed8
10006120:	50112000 	.word	0x50112000
10006124:	20002160 	.word	0x20002160

10006128 <dcd_edpt_clear_stall>:
10006128:	b510      	push	{r4, lr}
1000612a:	2400      	movs	r4, #0
1000612c:	4b0a      	ldr	r3, [pc, #40]	@ (10006158 <dcd_edpt_clear_stall+0x30>)
1000612e:	446b      	add	r3, sp
10006130:	601c      	str	r4, [r3, #0]
10006132:	227f      	movs	r2, #127	@ 0x7f
10006134:	0013      	movs	r3, r2
10006136:	400b      	ands	r3, r1
10006138:	420a      	tst	r2, r1
1000613a:	d100      	bne.n	1000613e <dcd_edpt_clear_stall+0x16>
1000613c:	bd10      	pop	{r4, pc}
1000613e:	09c9      	lsrs	r1, r1, #7
10006140:	005b      	lsls	r3, r3, #1
10006142:	185b      	adds	r3, r3, r1
10006144:	4805      	ldr	r0, [pc, #20]	@ (1000615c <dcd_edpt_clear_stall+0x34>)
10006146:	015b      	lsls	r3, r3, #5
10006148:	18c0      	adds	r0, r0, r3
1000614a:	2200      	movs	r2, #0
1000614c:	4904      	ldr	r1, [pc, #16]	@ (10006160 <dcd_edpt_clear_stall+0x38>)
1000614e:	70c4      	strb	r4, [r0, #3]
10006150:	f002 f8ce 	bl	100082f0 <___hw_endpoint_buffer_control_update32_veneer>
10006154:	e7f2      	b.n	1000613c <dcd_edpt_clear_stall+0x14>
10006156:	46c0      	nop			@ (mov r8, r8)
10006158:	ffffeed8 	.word	0xffffeed8
1000615c:	20002160 	.word	0x20002160
10006160:	fffff7ff 	.word	0xfffff7ff

10006164 <rp2040_usb_init>:
10006164:	2200      	movs	r2, #0
10006166:	b510      	push	{r4, lr}
10006168:	4b0b      	ldr	r3, [pc, #44]	@ (10006198 <rp2040_usb_init+0x34>)
1000616a:	446b      	add	r3, sp
1000616c:	601a      	str	r2, [r3, #0]
1000616e:	2280      	movs	r2, #128	@ 0x80
10006170:	4b0a      	ldr	r3, [pc, #40]	@ (1000619c <rp2040_usb_init+0x38>)
10006172:	0452      	lsls	r2, r2, #17
10006174:	601a      	str	r2, [r3, #0]
10006176:	4b0a      	ldr	r3, [pc, #40]	@ (100061a0 <rp2040_usb_init+0x3c>)
10006178:	490a      	ldr	r1, [pc, #40]	@ (100061a4 <rp2040_usb_init+0x40>)
1000617a:	601a      	str	r2, [r3, #0]
1000617c:	0010      	movs	r0, r2
1000617e:	680b      	ldr	r3, [r1, #0]
10006180:	4398      	bics	r0, r3
10006182:	d1fb      	bne.n	1000617c <rp2040_usb_init+0x18>
10006184:	2280      	movs	r2, #128	@ 0x80
10006186:	2100      	movs	r1, #0
10006188:	0152      	lsls	r2, r2, #5
1000618a:	4807      	ldr	r0, [pc, #28]	@ (100061a8 <rp2040_usb_init+0x44>)
1000618c:	f7fd fdfc 	bl	10003d88 <__wrap_memset>
10006190:	2209      	movs	r2, #9
10006192:	4b06      	ldr	r3, [pc, #24]	@ (100061ac <rp2040_usb_init+0x48>)
10006194:	675a      	str	r2, [r3, #116]	@ 0x74
10006196:	bd10      	pop	{r4, pc}
10006198:	ffffeed8 	.word	0xffffeed8
1000619c:	4000e000 	.word	0x4000e000
100061a0:	4000f000 	.word	0x4000f000
100061a4:	4000c008 	.word	0x4000c008
100061a8:	50100000 	.word	0x50100000
100061ac:	50110000 	.word	0x50110000

100061b0 <hw_endpoint_xfer_start>:
100061b0:	b510      	push	{r4, lr}
100061b2:	2300      	movs	r3, #0
100061b4:	0004      	movs	r4, r0
100061b6:	480f      	ldr	r0, [pc, #60]	@ (100061f4 <hw_endpoint_xfer_start+0x44>)
100061b8:	4468      	add	r0, sp
100061ba:	6003      	str	r3, [r0, #0]
100061bc:	82e3      	strh	r3, [r4, #22]
100061be:	3301      	adds	r3, #1
100061c0:	0020      	movs	r0, r4
100061c2:	82a2      	strh	r2, [r4, #20]
100061c4:	76a3      	strb	r3, [r4, #26]
100061c6:	6121      	str	r1, [r4, #16]
100061c8:	f002 f842 	bl	10008250 <__e15_is_bulkin_ep_veneer>
100061cc:	2800      	cmp	r0, #0
100061ce:	d004      	beq.n	100061da <hw_endpoint_xfer_start+0x2a>
100061d0:	2180      	movs	r1, #128	@ 0x80
100061d2:	2390      	movs	r3, #144	@ 0x90
100061d4:	4a08      	ldr	r2, [pc, #32]	@ (100061f8 <hw_endpoint_xfer_start+0x48>)
100061d6:	0289      	lsls	r1, r1, #10
100061d8:	50d1      	str	r1, [r2, r3]
100061da:	0020      	movs	r0, r4
100061dc:	f002 f840 	bl	10008260 <__e15_is_critical_frame_period_veneer>
100061e0:	2800      	cmp	r0, #0
100061e2:	d002      	beq.n	100061ea <hw_endpoint_xfer_start+0x3a>
100061e4:	2301      	movs	r3, #1
100061e6:	7723      	strb	r3, [r4, #28]
100061e8:	bd10      	pop	{r4, pc}
100061ea:	0020      	movs	r0, r4
100061ec:	f002 f878 	bl	100082e0 <__hw_endpoint_start_next_buffer_veneer>
100061f0:	e7fa      	b.n	100061e8 <hw_endpoint_xfer_start+0x38>
100061f2:	46c0      	nop			@ (mov r8, r8)
100061f4:	ffffeed8 	.word	0xffffeed8
100061f8:	50112000 	.word	0x50112000

100061fc <tud_vendor_control_xfer_cb>:
100061fc:	2000      	movs	r0, #0
100061fe:	4770      	bx	lr

10006200 <tud_event_hook_cb>:
10006200:	4770      	bx	lr
10006202:	46c0      	nop			@ (mov r8, r8)

10006204 <tud_sof_cb>:
10006204:	4770      	bx	lr
10006206:	46c0      	nop			@ (mov r8, r8)

10006208 <tud_descriptor_bos_cb>:
10006208:	2000      	movs	r0, #0
1000620a:	4770      	bx	lr

1000620c <tud_descriptor_device_qualifier_cb>:
1000620c:	2000      	movs	r0, #0
1000620e:	4770      	bx	lr

10006210 <tud_descriptor_other_speed_configuration_cb>:
10006210:	2000      	movs	r0, #0
10006212:	4770      	bx	lr

10006214 <tud_mounted>:
10006214:	4b02      	ldr	r3, [pc, #8]	@ (10006220 <tud_mounted+0xc>)
10006216:	7858      	ldrb	r0, [r3, #1]
10006218:	1e43      	subs	r3, r0, #1
1000621a:	4198      	sbcs	r0, r3
1000621c:	b2c0      	uxtb	r0, r0
1000621e:	4770      	bx	lr
10006220:	20001edc 	.word	0x20001edc

10006224 <tud_suspended>:
10006224:	4b02      	ldr	r3, [pc, #8]	@ (10006230 <tud_suspended+0xc>)
10006226:	7818      	ldrb	r0, [r3, #0]
10006228:	0740      	lsls	r0, r0, #29
1000622a:	0fc0      	lsrs	r0, r0, #31
1000622c:	4770      	bx	lr
1000622e:	46c0      	nop			@ (mov r8, r8)
10006230:	20001edc 	.word	0x20001edc

10006234 <tud_remote_wakeup>:
10006234:	2200      	movs	r2, #0
10006236:	b510      	push	{r4, lr}
10006238:	4b0a      	ldr	r3, [pc, #40]	@ (10006264 <tud_remote_wakeup+0x30>)
1000623a:	446b      	add	r3, sp
1000623c:	601a      	str	r2, [r3, #0]
1000623e:	4a0a      	ldr	r2, [pc, #40]	@ (10006268 <tud_remote_wakeup+0x34>)
10006240:	7813      	ldrb	r3, [r2, #0]
10006242:	075b      	lsls	r3, r3, #29
10006244:	0fdc      	lsrs	r4, r3, #31
10006246:	2b00      	cmp	r3, #0
10006248:	da05      	bge.n	10006256 <tud_remote_wakeup+0x22>
1000624a:	2318      	movs	r3, #24
1000624c:	7812      	ldrb	r2, [r2, #0]
1000624e:	4013      	ands	r3, r2
10006250:	2b18      	cmp	r3, #24
10006252:	d002      	beq.n	1000625a <tud_remote_wakeup+0x26>
10006254:	2400      	movs	r4, #0
10006256:	0020      	movs	r0, r4
10006258:	bd10      	pop	{r4, pc}
1000625a:	4b04      	ldr	r3, [pc, #16]	@ (1000626c <tud_remote_wakeup+0x38>)
1000625c:	7818      	ldrb	r0, [r3, #0]
1000625e:	f7ff fe6b 	bl	10005f38 <dcd_remote_wakeup>
10006262:	e7f8      	b.n	10006256 <tud_remote_wakeup+0x22>
10006264:	ffffeed8 	.word	0xffffeed8
10006268:	20001edc 	.word	0x20001edc
1000626c:	200011f4 	.word	0x200011f4

10006270 <tud_init>:
10006270:	b5f8      	push	{r3, r4, r5, r6, r7, lr}
10006272:	46ce      	mov	lr, r9
10006274:	4647      	mov	r7, r8
10006276:	2400      	movs	r4, #0
10006278:	0006      	movs	r6, r0
1000627a:	b580      	push	{r7, lr}
1000627c:	4b2a      	ldr	r3, [pc, #168]	@ (10006328 <tud_init+0xb8>)
1000627e:	446b      	add	r3, sp
10006280:	601c      	str	r4, [r3, #0]
10006282:	4f2a      	ldr	r7, [pc, #168]	@ (1000632c <tud_init+0xbc>)
10006284:	783b      	ldrb	r3, [r7, #0]
10006286:	2bff      	cmp	r3, #255	@ 0xff
10006288:	d004      	beq.n	10006294 <tud_init+0x24>
1000628a:	2001      	movs	r0, #1
1000628c:	bcc0      	pop	{r6, r7}
1000628e:	46b9      	mov	r9, r7
10006290:	46b0      	mov	r8, r6
10006292:	bdf8      	pop	{r3, r4, r5, r6, r7, pc}
10006294:	2254      	movs	r2, #84	@ 0x54
10006296:	2100      	movs	r1, #0
10006298:	4825      	ldr	r0, [pc, #148]	@ (10006330 <tud_init+0xc0>)
1000629a:	f7fd fd75 	bl	10003d88 <__wrap_memset>
1000629e:	4b25      	ldr	r3, [pc, #148]	@ (10006334 <tud_init+0xc4>)
100062a0:	701c      	strb	r4, [r3, #0]
100062a2:	4c25      	ldr	r4, [pc, #148]	@ (10006338 <tud_init+0xc8>)
100062a4:	0020      	movs	r0, r4
100062a6:	f7fb fe65 	bl	10001f74 <mutex_init>
100062aa:	4b24      	ldr	r3, [pc, #144]	@ (1000633c <tud_init+0xcc>)
100062ac:	601c      	str	r4, [r3, #0]
100062ae:	4c24      	ldr	r4, [pc, #144]	@ (10006340 <tud_init+0xd0>)
100062b0:	0020      	movs	r0, r4
100062b2:	3c14      	subs	r4, #20
100062b4:	f7fb fe72 	bl	10001f9c <critical_section_init>
100062b8:	0020      	movs	r0, r4
100062ba:	f001 f97f 	bl	100075bc <tu_fifo_clear>
100062be:	4b21      	ldr	r3, [pc, #132]	@ (10006344 <tud_init+0xd4>)
100062c0:	4d21      	ldr	r5, [pc, #132]	@ (10006348 <tud_init+0xd8>)
100062c2:	601c      	str	r4, [r3, #0]
100062c4:	4b21      	ldr	r3, [pc, #132]	@ (1000634c <tud_init+0xdc>)
100062c6:	2b00      	cmp	r3, #0
100062c8:	d024      	beq.n	10006314 <tud_init+0xa4>
100062ca:	0028      	movs	r0, r5
100062cc:	e000      	b.n	100062d0 <tud_init+0x60>
100062ce:	bf00      	nop
100062d0:	4b1f      	ldr	r3, [pc, #124]	@ (10006350 <tud_init+0xe0>)
100062d2:	6018      	str	r0, [r3, #0]
100062d4:	782b      	ldrb	r3, [r5, #0]
100062d6:	4a1f      	ldr	r2, [pc, #124]	@ (10006354 <tud_init+0xe4>)
100062d8:	2400      	movs	r4, #0
100062da:	4691      	mov	r9, r2
100062dc:	4a1c      	ldr	r2, [pc, #112]	@ (10006350 <tud_init+0xe0>)
100062de:	4690      	mov	r8, r2
100062e0:	e00e      	b.n	10006300 <tud_init+0x90>
100062e2:	4643      	mov	r3, r8
100062e4:	681b      	ldr	r3, [r3, #0]
100062e6:	0162      	lsls	r2, r4, #5
100062e8:	189b      	adds	r3, r3, r2
100062ea:	2b00      	cmp	r3, #0
100062ec:	d010      	beq.n	10006310 <tud_init+0xa0>
100062ee:	685b      	ldr	r3, [r3, #4]
100062f0:	2b00      	cmp	r3, #0
100062f2:	d00d      	beq.n	10006310 <tud_init+0xa0>
100062f4:	4798      	blx	r3
100062f6:	3401      	adds	r4, #1
100062f8:	782b      	ldrb	r3, [r5, #0]
100062fa:	b2e4      	uxtb	r4, r4
100062fc:	42a3      	cmp	r3, r4
100062fe:	d30b      	bcc.n	10006318 <tud_init+0xa8>
10006300:	42a3      	cmp	r3, r4
10006302:	d8ee      	bhi.n	100062e2 <tud_init+0x72>
10006304:	1ae3      	subs	r3, r4, r3
10006306:	015b      	lsls	r3, r3, #5
10006308:	444b      	add	r3, r9
1000630a:	685b      	ldr	r3, [r3, #4]
1000630c:	2b00      	cmp	r3, #0
1000630e:	d1f1      	bne.n	100062f4 <tud_init+0x84>
10006310:	2000      	movs	r0, #0
10006312:	e7bb      	b.n	1000628c <tud_init+0x1c>
10006314:	782b      	ldrb	r3, [r5, #0]
10006316:	e7de      	b.n	100062d6 <tud_init+0x66>
10006318:	0030      	movs	r0, r6
1000631a:	703e      	strb	r6, [r7, #0]
1000631c:	f7ff fda0 	bl	10005e60 <dcd_init>
10006320:	0030      	movs	r0, r6
10006322:	f7ff fdef 	bl	10005f04 <dcd_int_enable>
10006326:	e7b0      	b.n	1000628a <tud_init+0x1a>
10006328:	ffffeed8 	.word	0xffffeed8
1000632c:	200011f4 	.word	0x200011f4
10006330:	20001edc 	.word	0x20001edc
10006334:	20002692 	.word	0x20002692
10006338:	20001e94 	.word	0x20001e94
1000633c:	20001f30 	.word	0x20001f30
10006340:	200011ec 	.word	0x200011ec
10006344:	20001f34 	.word	0x20001f34
10006348:	20002690 	.word	0x20002690
1000634c:	00000000 	.word	0x00000000
10006350:	20001dfc 	.word	0x20001dfc
10006354:	1000bd34 	.word	0x1000bd34

10006358 <tud_task_ext>:
10006358:	b5f0      	push	{r4, r5, r6, r7, lr}
1000635a:	46de      	mov	lr, fp
1000635c:	4657      	mov	r7, sl
1000635e:	464e      	mov	r6, r9
10006360:	4645      	mov	r5, r8
10006362:	2200      	movs	r2, #0
10006364:	b5e0      	push	{r5, r6, r7, lr}
10006366:	4bcc      	ldr	r3, [pc, #816]	@ (10006698 <tud_task_ext+0x340>)
10006368:	b08f      	sub	sp, #60	@ 0x3c
1000636a:	446b      	add	r3, sp
1000636c:	601a      	str	r2, [r3, #0]
1000636e:	4bcb      	ldr	r3, [pc, #812]	@ (1000669c <tud_task_ext+0x344>)
10006370:	9303      	str	r3, [sp, #12]
10006372:	781b      	ldrb	r3, [r3, #0]
10006374:	2bff      	cmp	r3, #255	@ 0xff
10006376:	d100      	bne.n	1000637a <tud_task_ext+0x22>
10006378:	e146      	b.n	10006608 <tud_task_ext+0x2b0>
1000637a:	4bc9      	ldr	r3, [pc, #804]	@ (100066a0 <tud_task_ext+0x348>)
1000637c:	4ec9      	ldr	r6, [pc, #804]	@ (100066a4 <tud_task_ext+0x34c>)
1000637e:	469b      	mov	fp, r3
10006380:	465f      	mov	r7, fp
10006382:	4bc9      	ldr	r3, [pc, #804]	@ (100066a8 <tud_task_ext+0x350>)
10006384:	ac0b      	add	r4, sp, #44	@ 0x2c
10006386:	9302      	str	r3, [sp, #8]
10006388:	4bc8      	ldr	r3, [pc, #800]	@ (100066ac <tud_task_ext+0x354>)
1000638a:	9301      	str	r3, [sp, #4]
1000638c:	6835      	ldr	r5, [r6, #0]
1000638e:	696a      	ldr	r2, [r5, #20]
10006390:	f3ef 8110 	mrs	r1, PRIMASK
10006394:	b672      	cpsid	i
10006396:	6813      	ldr	r3, [r2, #0]
10006398:	2b00      	cmp	r3, #0
1000639a:	d0fc      	beq.n	10006396 <tud_task_ext+0x3e>
1000639c:	f3bf 8f5f 	dmb	sy
100063a0:	61a9      	str	r1, [r5, #24]
100063a2:	0028      	movs	r0, r5
100063a4:	0021      	movs	r1, r4
100063a6:	f001 f85b 	bl	10007460 <tu_fifo_read>
100063aa:	696a      	ldr	r2, [r5, #20]
100063ac:	69ab      	ldr	r3, [r5, #24]
100063ae:	f3bf 8f5f 	dmb	sy
100063b2:	2100      	movs	r1, #0
100063b4:	6011      	str	r1, [r2, #0]
100063b6:	f383 8810 	msr	PRIMASK, r3
100063ba:	2800      	cmp	r0, #0
100063bc:	d100      	bne.n	100063c0 <tud_task_ext+0x68>
100063be:	e123      	b.n	10006608 <tud_task_ext+0x2b0>
100063c0:	7863      	ldrb	r3, [r4, #1]
100063c2:	2b08      	cmp	r3, #8
100063c4:	d8e2      	bhi.n	1000638c <tud_task_ext+0x34>
100063c6:	009b      	lsls	r3, r3, #2
100063c8:	58fb      	ldr	r3, [r7, r3]
100063ca:	469f      	mov	pc, r3
100063cc:	6863      	ldr	r3, [r4, #4]
100063ce:	2b00      	cmp	r3, #0
100063d0:	d0dc      	beq.n	1000638c <tud_task_ext+0x34>
100063d2:	68a0      	ldr	r0, [r4, #8]
100063d4:	4798      	blx	r3
100063d6:	e7d9      	b.n	1000638c <tud_task_ext+0x34>
100063d8:	227f      	movs	r2, #127	@ 0x7f
100063da:	7921      	ldrb	r1, [r4, #4]
100063dc:	4db2      	ldr	r5, [pc, #712]	@ (100066a8 <tud_task_ext+0x350>)
100063de:	400a      	ands	r2, r1
100063e0:	0053      	lsls	r3, r2, #1
100063e2:	18eb      	adds	r3, r5, r3
100063e4:	4698      	mov	r8, r3
100063e6:	09c8      	lsrs	r0, r1, #7
100063e8:	4480      	add	r8, r0
100063ea:	4640      	mov	r0, r8
100063ec:	2301      	movs	r3, #1
100063ee:	3030      	adds	r0, #48	@ 0x30
100063f0:	7905      	ldrb	r5, [r0, #4]
100063f2:	439d      	bics	r5, r3
100063f4:	7105      	strb	r5, [r0, #4]
100063f6:	7905      	ldrb	r5, [r0, #4]
100063f8:	3303      	adds	r3, #3
100063fa:	439d      	bics	r5, r3
100063fc:	7105      	strb	r5, [r0, #4]
100063fe:	2a00      	cmp	r2, #0
10006400:	d100      	bne.n	10006404 <tud_task_ext+0xac>
10006402:	e108      	b.n	10006616 <tud_task_ext+0x2be>
10006404:	4643      	mov	r3, r8
10006406:	4aaa      	ldr	r2, [pc, #680]	@ (100066b0 <tud_task_ext+0x358>)
10006408:	7d1b      	ldrb	r3, [r3, #20]
1000640a:	7812      	ldrb	r2, [r2, #0]
1000640c:	4293      	cmp	r3, r2
1000640e:	d300      	bcc.n	10006412 <tud_task_ext+0xba>
10006410:	e0f8      	b.n	10006604 <tud_task_ext+0x2ac>
10006412:	4aa8      	ldr	r2, [pc, #672]	@ (100066b4 <tud_task_ext+0x35c>)
10006414:	015b      	lsls	r3, r3, #5
10006416:	6815      	ldr	r5, [r2, #0]
10006418:	18ed      	adds	r5, r5, r3
1000641a:	2d00      	cmp	r5, #0
1000641c:	d100      	bne.n	10006420 <tud_task_ext+0xc8>
1000641e:	e0f3      	b.n	10006608 <tud_task_ext+0x2b0>
10006420:	68a3      	ldr	r3, [r4, #8]
10006422:	7962      	ldrb	r2, [r4, #5]
10006424:	7820      	ldrb	r0, [r4, #0]
10006426:	69ad      	ldr	r5, [r5, #24]
10006428:	47a8      	blx	r5
1000642a:	e7af      	b.n	1000638c <tud_task_ext+0x34>
1000642c:	4aa2      	ldr	r2, [pc, #648]	@ (100066b8 <tud_task_ext+0x360>)
1000642e:	7813      	ldrb	r3, [r2, #0]
10006430:	2b00      	cmp	r3, #0
10006432:	d100      	bne.n	10006436 <tud_task_ext+0xde>
10006434:	e0e8      	b.n	10006608 <tud_task_ext+0x2b0>
10006436:	7813      	ldrb	r3, [r2, #0]
10006438:	3b01      	subs	r3, #1
1000643a:	b2db      	uxtb	r3, r3
1000643c:	7013      	strb	r3, [r2, #0]
1000643e:	7813      	ldrb	r3, [r2, #0]
10006440:	2b00      	cmp	r3, #0
10006442:	d1a3      	bne.n	1000638c <tud_task_ext+0x34>
10006444:	2201      	movs	r2, #1
10006446:	4d98      	ldr	r5, [pc, #608]	@ (100066a8 <tud_task_ext+0x350>)
10006448:	2101      	movs	r1, #1
1000644a:	782b      	ldrb	r3, [r5, #0]
1000644c:	2004      	movs	r0, #4
1000644e:	4313      	orrs	r3, r2
10006450:	702b      	strb	r3, [r5, #0]
10006452:	2334      	movs	r3, #52	@ 0x34
10006454:	5cea      	ldrb	r2, [r5, r3]
10006456:	438a      	bics	r2, r1
10006458:	54ea      	strb	r2, [r5, r3]
1000645a:	5cea      	ldrb	r2, [r5, r3]
1000645c:	4382      	bics	r2, r0
1000645e:	54ea      	strb	r2, [r5, r3]
10006460:	3301      	adds	r3, #1
10006462:	5cea      	ldrb	r2, [r5, r3]
10006464:	438a      	bics	r2, r1
10006466:	54ea      	strb	r2, [r5, r3]
10006468:	5cea      	ldrb	r2, [r5, r3]
1000646a:	4382      	bics	r2, r0
1000646c:	54ea      	strb	r2, [r5, r3]
1000646e:	7823      	ldrb	r3, [r4, #0]
10006470:	2000      	movs	r0, #0
10006472:	4698      	mov	r8, r3
10006474:	f000 fc84 	bl	10006d80 <usbd_control_set_complete_callback>
10006478:	2260      	movs	r2, #96	@ 0x60
1000647a:	7923      	ldrb	r3, [r4, #4]
1000647c:	401a      	ands	r2, r3
1000647e:	2a60      	cmp	r2, #96	@ 0x60
10006480:	d100      	bne.n	10006484 <tud_task_ext+0x12c>
10006482:	e0f3      	b.n	1000666c <tud_task_ext+0x314>
10006484:	2a40      	cmp	r2, #64	@ 0x40
10006486:	d100      	bne.n	1000648a <tud_task_ext+0x132>
10006488:	e0f9      	b.n	1000667e <tud_task_ext+0x326>
1000648a:	06db      	lsls	r3, r3, #27
1000648c:	0edb      	lsrs	r3, r3, #27
1000648e:	2b01      	cmp	r3, #1
10006490:	d100      	bne.n	10006494 <tud_task_ext+0x13c>
10006492:	e119      	b.n	100066c8 <tud_task_ext+0x370>
10006494:	2b02      	cmp	r3, #2
10006496:	d100      	bne.n	1000649a <tud_task_ext+0x142>
10006498:	e0cc      	b.n	10006634 <tud_task_ext+0x2dc>
1000649a:	2b00      	cmp	r3, #0
1000649c:	d000      	beq.n	100064a0 <tud_task_ext+0x148>
1000649e:	e0e5      	b.n	1000666c <tud_task_ext+0x314>
100064a0:	2a20      	cmp	r2, #32
100064a2:	d100      	bne.n	100064a6 <tud_task_ext+0x14e>
100064a4:	e211      	b.n	100068ca <tud_task_ext+0x572>
100064a6:	2a00      	cmp	r2, #0
100064a8:	d000      	beq.n	100064ac <tud_task_ext+0x154>
100064aa:	e0df      	b.n	1000666c <tud_task_ext+0x314>
100064ac:	7963      	ldrb	r3, [r4, #5]
100064ae:	2b09      	cmp	r3, #9
100064b0:	d900      	bls.n	100064b4 <tud_task_ext+0x15c>
100064b2:	e0db      	b.n	1000666c <tud_task_ext+0x314>
100064b4:	4a81      	ldr	r2, [pc, #516]	@ (100066bc <tud_task_ext+0x364>)
100064b6:	009b      	lsls	r3, r3, #2
100064b8:	58d3      	ldr	r3, [r2, r3]
100064ba:	469f      	mov	pc, r3
100064bc:	4d7a      	ldr	r5, [pc, #488]	@ (100066a8 <tud_task_ext+0x350>)
100064be:	782b      	ldrb	r3, [r5, #0]
100064c0:	07db      	lsls	r3, r3, #31
100064c2:	d400      	bmi.n	100064c6 <tud_task_ext+0x16e>
100064c4:	e762      	b.n	1000638c <tud_task_ext+0x34>
100064c6:	f7fa f801 	bl	100004cc <tud_resume_cb>
100064ca:	e75f      	b.n	1000638c <tud_task_ext+0x34>
100064cc:	9b02      	ldr	r3, [sp, #8]
100064ce:	78db      	ldrb	r3, [r3, #3]
100064d0:	07db      	lsls	r3, r3, #31
100064d2:	d400      	bmi.n	100064d6 <tud_task_ext+0x17e>
100064d4:	e75a      	b.n	1000638c <tud_task_ext+0x34>
100064d6:	6860      	ldr	r0, [r4, #4]
100064d8:	f7ff fe94 	bl	10006204 <tud_sof_cb>
100064dc:	e756      	b.n	1000638c <tud_task_ext+0x34>
100064de:	4d72      	ldr	r5, [pc, #456]	@ (100066a8 <tud_task_ext+0x350>)
100064e0:	782b      	ldrb	r3, [r5, #0]
100064e2:	07db      	lsls	r3, r3, #31
100064e4:	d400      	bmi.n	100064e8 <tud_task_ext+0x190>
100064e6:	e751      	b.n	1000638c <tud_task_ext+0x34>
100064e8:	7828      	ldrb	r0, [r5, #0]
100064ea:	0700      	lsls	r0, r0, #28
100064ec:	0fc0      	lsrs	r0, r0, #31
100064ee:	f7f9 ffeb 	bl	100004c8 <tud_suspend_cb>
100064f2:	e74b      	b.n	1000638c <tud_task_ext+0x34>
100064f4:	7823      	ldrb	r3, [r4, #0]
100064f6:	4a6d      	ldr	r2, [pc, #436]	@ (100066ac <tud_task_ext+0x354>)
100064f8:	4698      	mov	r8, r3
100064fa:	4693      	mov	fp, r2
100064fc:	4b6c      	ldr	r3, [pc, #432]	@ (100066b0 <tud_task_ext+0x358>)
100064fe:	4a6d      	ldr	r2, [pc, #436]	@ (100066b4 <tud_task_ext+0x35c>)
10006500:	4699      	mov	r9, r3
10006502:	0031      	movs	r1, r6
10006504:	4692      	mov	sl, r2
10006506:	003a      	movs	r2, r7
10006508:	4646      	mov	r6, r8
1000650a:	464f      	mov	r7, r9
1000650c:	2500      	movs	r5, #0
1000650e:	4691      	mov	r9, r2
10006510:	4688      	mov	r8, r1
10006512:	781b      	ldrb	r3, [r3, #0]
10006514:	e00e      	b.n	10006534 <tud_task_ext+0x1dc>
10006516:	4653      	mov	r3, sl
10006518:	681b      	ldr	r3, [r3, #0]
1000651a:	016a      	lsls	r2, r5, #5
1000651c:	189b      	adds	r3, r3, r2
1000651e:	2b00      	cmp	r3, #0
10006520:	d100      	bne.n	10006524 <tud_task_ext+0x1cc>
10006522:	e07e      	b.n	10006622 <tud_task_ext+0x2ca>
10006524:	68db      	ldr	r3, [r3, #12]
10006526:	0030      	movs	r0, r6
10006528:	4798      	blx	r3
1000652a:	3501      	adds	r5, #1
1000652c:	783b      	ldrb	r3, [r7, #0]
1000652e:	b2ed      	uxtb	r5, r5
10006530:	42ab      	cmp	r3, r5
10006532:	d30c      	bcc.n	1000654e <tud_task_ext+0x1f6>
10006534:	429d      	cmp	r5, r3
10006536:	d3ee      	bcc.n	10006516 <tud_task_ext+0x1be>
10006538:	1aeb      	subs	r3, r5, r3
1000653a:	015b      	lsls	r3, r3, #5
1000653c:	445b      	add	r3, fp
1000653e:	68db      	ldr	r3, [r3, #12]
10006540:	0030      	movs	r0, r6
10006542:	4798      	blx	r3
10006544:	3501      	adds	r5, #1
10006546:	783b      	ldrb	r3, [r7, #0]
10006548:	b2ed      	uxtb	r5, r5
1000654a:	42ab      	cmp	r3, r5
1000654c:	d2f2      	bcs.n	10006534 <tud_task_ext+0x1dc>
1000654e:	4d56      	ldr	r5, [pc, #344]	@ (100066a8 <tud_task_ext+0x350>)
10006550:	2254      	movs	r2, #84	@ 0x54
10006552:	2100      	movs	r1, #0
10006554:	0028      	movs	r0, r5
10006556:	f7fd fc17 	bl	10003d88 <__wrap_memset>
1000655a:	2210      	movs	r2, #16
1000655c:	21ff      	movs	r1, #255	@ 0xff
1000655e:	1d28      	adds	r0, r5, #4
10006560:	f7fd fc12 	bl	10003d88 <__wrap_memset>
10006564:	0028      	movs	r0, r5
10006566:	2220      	movs	r2, #32
10006568:	21ff      	movs	r1, #255	@ 0xff
1000656a:	3014      	adds	r0, #20
1000656c:	4646      	mov	r6, r8
1000656e:	464f      	mov	r7, r9
10006570:	f7fd fc0a 	bl	10003d88 <__wrap_memset>
10006574:	f000 fbf4 	bl	10006d60 <usbd_control_reset>
10006578:	7923      	ldrb	r3, [r4, #4]
1000657a:	70ab      	strb	r3, [r5, #2]
1000657c:	e706      	b.n	1000638c <tud_task_ext+0x34>
1000657e:	7823      	ldrb	r3, [r4, #0]
10006580:	4a4c      	ldr	r2, [pc, #304]	@ (100066b4 <tud_task_ext+0x35c>)
10006582:	4698      	mov	r8, r3
10006584:	4b4a      	ldr	r3, [pc, #296]	@ (100066b0 <tud_task_ext+0x358>)
10006586:	4692      	mov	sl, r2
10006588:	4699      	mov	r9, r3
1000658a:	0032      	movs	r2, r6
1000658c:	46bb      	mov	fp, r7
1000658e:	4646      	mov	r6, r8
10006590:	2500      	movs	r5, #0
10006592:	464f      	mov	r7, r9
10006594:	4690      	mov	r8, r2
10006596:	781b      	ldrb	r3, [r3, #0]
10006598:	e00d      	b.n	100065b6 <tud_task_ext+0x25e>
1000659a:	4653      	mov	r3, sl
1000659c:	681b      	ldr	r3, [r3, #0]
1000659e:	016a      	lsls	r2, r5, #5
100065a0:	189b      	adds	r3, r3, r2
100065a2:	2b00      	cmp	r3, #0
100065a4:	d041      	beq.n	1000662a <tud_task_ext+0x2d2>
100065a6:	68db      	ldr	r3, [r3, #12]
100065a8:	0030      	movs	r0, r6
100065aa:	4798      	blx	r3
100065ac:	3501      	adds	r5, #1
100065ae:	783b      	ldrb	r3, [r7, #0]
100065b0:	b2ed      	uxtb	r5, r5
100065b2:	42ab      	cmp	r3, r5
100065b4:	d30e      	bcc.n	100065d4 <tud_task_ext+0x27c>
100065b6:	42ab      	cmp	r3, r5
100065b8:	d8ef      	bhi.n	1000659a <tud_task_ext+0x242>
100065ba:	9a01      	ldr	r2, [sp, #4]
100065bc:	1aeb      	subs	r3, r5, r3
100065be:	4694      	mov	ip, r2
100065c0:	015b      	lsls	r3, r3, #5
100065c2:	4463      	add	r3, ip
100065c4:	68db      	ldr	r3, [r3, #12]
100065c6:	0030      	movs	r0, r6
100065c8:	4798      	blx	r3
100065ca:	3501      	adds	r5, #1
100065cc:	783b      	ldrb	r3, [r7, #0]
100065ce:	b2ed      	uxtb	r5, r5
100065d0:	42ab      	cmp	r3, r5
100065d2:	d2f0      	bcs.n	100065b6 <tud_task_ext+0x25e>
100065d4:	9d02      	ldr	r5, [sp, #8]
100065d6:	2254      	movs	r2, #84	@ 0x54
100065d8:	2100      	movs	r1, #0
100065da:	0028      	movs	r0, r5
100065dc:	f7fd fbd4 	bl	10003d88 <__wrap_memset>
100065e0:	2210      	movs	r2, #16
100065e2:	21ff      	movs	r1, #255	@ 0xff
100065e4:	4836      	ldr	r0, [pc, #216]	@ (100066c0 <tud_task_ext+0x368>)
100065e6:	f7fd fbcf 	bl	10003d88 <__wrap_memset>
100065ea:	0028      	movs	r0, r5
100065ec:	2220      	movs	r2, #32
100065ee:	21ff      	movs	r1, #255	@ 0xff
100065f0:	3014      	adds	r0, #20
100065f2:	4646      	mov	r6, r8
100065f4:	465f      	mov	r7, fp
100065f6:	f7fd fbc7 	bl	10003d88 <__wrap_memset>
100065fa:	f000 fbb1 	bl	10006d60 <usbd_control_reset>
100065fe:	f7f9 ff61 	bl	100004c4 <tud_umount_cb>
10006602:	e6c3      	b.n	1000638c <tud_task_ext+0x34>
10006604:	4293      	cmp	r3, r2
10006606:	d013      	beq.n	10006630 <tud_task_ext+0x2d8>
10006608:	b00f      	add	sp, #60	@ 0x3c
1000660a:	bcf0      	pop	{r4, r5, r6, r7}
1000660c:	46bb      	mov	fp, r7
1000660e:	46b2      	mov	sl, r6
10006610:	46a9      	mov	r9, r5
10006612:	46a0      	mov	r8, r4
10006614:	bdf0      	pop	{r4, r5, r6, r7, pc}
10006616:	68a3      	ldr	r3, [r4, #8]
10006618:	7962      	ldrb	r2, [r4, #5]
1000661a:	7820      	ldrb	r0, [r4, #0]
1000661c:	f000 fbc8 	bl	10006db0 <usbd_control_xfer_cb>
10006620:	e6b4      	b.n	1000638c <tud_task_ext+0x34>
10006622:	4646      	mov	r6, r8
10006624:	464f      	mov	r7, r9
10006626:	4d20      	ldr	r5, [pc, #128]	@ (100066a8 <tud_task_ext+0x350>)
10006628:	e7a4      	b.n	10006574 <tud_task_ext+0x21c>
1000662a:	4646      	mov	r6, r8
1000662c:	465f      	mov	r7, fp
1000662e:	e7e4      	b.n	100065fa <tud_task_ext+0x2a2>
10006630:	4d1e      	ldr	r5, [pc, #120]	@ (100066ac <tud_task_ext+0x354>)
10006632:	e6f5      	b.n	10006420 <tud_task_ext+0xc8>
10006634:	2370      	movs	r3, #112	@ 0x70
10006636:	7a21      	ldrb	r1, [r4, #8]
10006638:	420b      	tst	r3, r1
1000663a:	d117      	bne.n	1000666c <tud_task_ext+0x314>
1000663c:	09c8      	lsrs	r0, r1, #7
1000663e:	4683      	mov	fp, r0
10006640:	330f      	adds	r3, #15
10006642:	400b      	ands	r3, r1
10006644:	005b      	lsls	r3, r3, #1
10006646:	4699      	mov	r9, r3
10006648:	4819      	ldr	r0, [pc, #100]	@ (100066b0 <tud_task_ext+0x358>)
1000664a:	18eb      	adds	r3, r5, r3
1000664c:	445b      	add	r3, fp
1000664e:	7d1b      	ldrb	r3, [r3, #20]
10006650:	7800      	ldrb	r0, [r0, #0]
10006652:	4283      	cmp	r3, r0
10006654:	d263      	bcs.n	1000671e <tud_task_ext+0x3c6>
10006656:	4817      	ldr	r0, [pc, #92]	@ (100066b4 <tud_task_ext+0x35c>)
10006658:	015b      	lsls	r3, r3, #5
1000665a:	6800      	ldr	r0, [r0, #0]
1000665c:	4682      	mov	sl, r0
1000665e:	449a      	add	sl, r3
10006660:	2a00      	cmp	r2, #0
10006662:	d100      	bne.n	10006666 <tud_task_ext+0x30e>
10006664:	e150      	b.n	10006908 <tud_task_ext+0x5b0>
10006666:	4653      	mov	r3, sl
10006668:	2b00      	cmp	r3, #0
1000666a:	d160      	bne.n	1000672e <tud_task_ext+0x3d6>
1000666c:	7820      	ldrb	r0, [r4, #0]
1000666e:	2100      	movs	r1, #0
10006670:	f7ff fd3a 	bl	100060e8 <dcd_edpt_stall>
10006674:	2180      	movs	r1, #128	@ 0x80
10006676:	7820      	ldrb	r0, [r4, #0]
10006678:	f7ff fd36 	bl	100060e8 <dcd_edpt_stall>
1000667c:	e686      	b.n	1000638c <tud_task_ext+0x34>
1000667e:	4811      	ldr	r0, [pc, #68]	@ (100066c4 <tud_task_ext+0x36c>)
10006680:	f000 fb7e 	bl	10006d80 <usbd_control_set_complete_callback>
10006684:	2101      	movs	r1, #1
10006686:	4640      	mov	r0, r8
10006688:	aa0c      	add	r2, sp, #48	@ 0x30
1000668a:	f7ff fdb7 	bl	100061fc <tud_vendor_control_xfer_cb>
1000668e:	2800      	cmp	r0, #0
10006690:	d000      	beq.n	10006694 <tud_task_ext+0x33c>
10006692:	e67b      	b.n	1000638c <tud_task_ext+0x34>
10006694:	e7ea      	b.n	1000666c <tud_task_ext+0x314>
10006696:	46c0      	nop			@ (mov r8, r8)
10006698:	ffffeed8 	.word	0xffffeed8
1000669c:	200011f4 	.word	0x200011f4
100066a0:	1000bc8c 	.word	0x1000bc8c
100066a4:	20001f34 	.word	0x20001f34
100066a8:	20001edc 	.word	0x20001edc
100066ac:	1000bd34 	.word	0x1000bd34
100066b0:	20002690 	.word	0x20002690
100066b4:	20001dfc 	.word	0x20001dfc
100066b8:	20002692 	.word	0x20002692
100066bc:	1000bcb0 	.word	0x1000bcb0
100066c0:	20001ee0 	.word	0x20001ee0
100066c4:	100061fd 	.word	0x100061fd
100066c8:	7a23      	ldrb	r3, [r4, #8]
100066ca:	2b0f      	cmp	r3, #15
100066cc:	d8ce      	bhi.n	1000666c <tud_task_ext+0x314>
100066ce:	4ad5      	ldr	r2, [pc, #852]	@ (10006a24 <tud_task_ext+0x6cc>)
100066d0:	18eb      	adds	r3, r5, r3
100066d2:	791b      	ldrb	r3, [r3, #4]
100066d4:	7812      	ldrb	r2, [r2, #0]
100066d6:	4293      	cmp	r3, r2
100066d8:	d334      	bcc.n	10006744 <tud_task_ext+0x3ec>
100066da:	d1c7      	bne.n	1000666c <tud_task_ext+0x314>
100066dc:	4dd2      	ldr	r5, [pc, #840]	@ (10006a28 <tud_task_ext+0x6d0>)
100066de:	6968      	ldr	r0, [r5, #20]
100066e0:	f000 fb4e 	bl	10006d80 <usbd_control_set_complete_callback>
100066e4:	2101      	movs	r1, #1
100066e6:	4640      	mov	r0, r8
100066e8:	696b      	ldr	r3, [r5, #20]
100066ea:	aa0c      	add	r2, sp, #48	@ 0x30
100066ec:	4798      	blx	r3
100066ee:	2800      	cmp	r0, #0
100066f0:	d000      	beq.n	100066f4 <tud_task_ext+0x39c>
100066f2:	e64b      	b.n	1000638c <tud_task_ext+0x34>
100066f4:	2260      	movs	r2, #96	@ 0x60
100066f6:	0015      	movs	r5, r2
100066f8:	7923      	ldrb	r3, [r4, #4]
100066fa:	401d      	ands	r5, r3
100066fc:	421a      	tst	r2, r3
100066fe:	d1b5      	bne.n	1000666c <tud_task_ext+0x314>
10006700:	7963      	ldrb	r3, [r4, #5]
10006702:	3b0a      	subs	r3, #10
10006704:	2b01      	cmp	r3, #1
10006706:	d8b1      	bhi.n	1000666c <tud_task_ext+0x314>
10006708:	f000 fb3a 	bl	10006d80 <usbd_control_set_complete_callback>
1000670c:	7963      	ldrb	r3, [r4, #5]
1000670e:	2b0a      	cmp	r3, #10
10006710:	d100      	bne.n	10006714 <tud_task_ext+0x3bc>
10006712:	e17d      	b.n	10006a10 <tud_task_ext+0x6b8>
10006714:	4640      	mov	r0, r8
10006716:	a90c      	add	r1, sp, #48	@ 0x30
10006718:	f000 faac 	bl	10006c74 <tud_control_status>
1000671c:	e636      	b.n	1000638c <tud_task_ext+0x34>
1000671e:	4283      	cmp	r3, r0
10006720:	d000      	beq.n	10006724 <tud_task_ext+0x3cc>
10006722:	e0ec      	b.n	100068fe <tud_task_ext+0x5a6>
10006724:	4bc0      	ldr	r3, [pc, #768]	@ (10006a28 <tud_task_ext+0x6d0>)
10006726:	469a      	mov	sl, r3
10006728:	2a00      	cmp	r2, #0
1000672a:	d100      	bne.n	1000672e <tud_task_ext+0x3d6>
1000672c:	e0ec      	b.n	10006908 <tud_task_ext+0x5b0>
1000672e:	4653      	mov	r3, sl
10006730:	6958      	ldr	r0, [r3, #20]
10006732:	f000 fb25 	bl	10006d80 <usbd_control_set_complete_callback>
10006736:	4653      	mov	r3, sl
10006738:	2101      	movs	r1, #1
1000673a:	4640      	mov	r0, r8
1000673c:	695b      	ldr	r3, [r3, #20]
1000673e:	aa0c      	add	r2, sp, #48	@ 0x30
10006740:	4798      	blx	r3
10006742:	e7a4      	b.n	1000668e <tud_task_ext+0x336>
10006744:	4ab9      	ldr	r2, [pc, #740]	@ (10006a2c <tud_task_ext+0x6d4>)
10006746:	015b      	lsls	r3, r3, #5
10006748:	6815      	ldr	r5, [r2, #0]
1000674a:	18ed      	adds	r5, r5, r3
1000674c:	2d00      	cmp	r5, #0
1000674e:	d1c6      	bne.n	100066de <tud_task_ext+0x386>
10006750:	e78c      	b.n	1000666c <tud_task_ext+0x314>
10006752:	79a3      	ldrb	r3, [r4, #6]
10006754:	469a      	mov	sl, r3
10006756:	786b      	ldrb	r3, [r5, #1]
10006758:	459a      	cmp	sl, r3
1000675a:	d0db      	beq.n	10006714 <tud_task_ext+0x3bc>
1000675c:	786b      	ldrb	r3, [r5, #1]
1000675e:	2b00      	cmp	r3, #0
10006760:	d000      	beq.n	10006764 <tud_task_ext+0x40c>
10006762:	e128      	b.n	100069b6 <tud_task_ext+0x65e>
10006764:	4653      	mov	r3, sl
10006766:	706b      	strb	r3, [r5, #1]
10006768:	2b00      	cmp	r3, #0
1000676a:	d100      	bne.n	1000676e <tud_task_ext+0x416>
1000676c:	e120      	b.n	100069b0 <tud_task_ext+0x658>
1000676e:	4650      	mov	r0, sl
10006770:	3801      	subs	r0, #1
10006772:	b2c0      	uxtb	r0, r0
10006774:	f7f9 fef0 	bl	10000558 <tud_descriptor_configuration_cb>
10006778:	2800      	cmp	r0, #0
1000677a:	d100      	bne.n	1000677e <tud_task_ext+0x426>
1000677c:	e171      	b.n	10006a62 <tud_task_ext+0x70a>
1000677e:	7843      	ldrb	r3, [r0, #1]
10006780:	2b02      	cmp	r3, #2
10006782:	d000      	beq.n	10006786 <tud_task_ext+0x42e>
10006784:	e16d      	b.n	10006a62 <tud_task_ext+0x70a>
10006786:	2201      	movs	r2, #1
10006788:	79c1      	ldrb	r1, [r0, #7]
1000678a:	46a9      	mov	r9, r5
1000678c:	118b      	asrs	r3, r1, #6
1000678e:	1149      	asrs	r1, r1, #5
10006790:	4013      	ands	r3, r2
10006792:	400a      	ands	r2, r1
10006794:	2130      	movs	r1, #48	@ 0x30
10006796:	0112      	lsls	r2, r2, #4
10006798:	015b      	lsls	r3, r3, #5
1000679a:	4313      	orrs	r3, r2
1000679c:	782a      	ldrb	r2, [r5, #0]
1000679e:	438a      	bics	r2, r1
100067a0:	4313      	orrs	r3, r2
100067a2:	702b      	strb	r3, [r5, #0]
100067a4:	2309      	movs	r3, #9
100067a6:	469b      	mov	fp, r3
100067a8:	4483      	add	fp, r0
100067aa:	465d      	mov	r5, fp
100067ac:	46b3      	mov	fp, r6
100067ae:	78c3      	ldrb	r3, [r0, #3]
100067b0:	7882      	ldrb	r2, [r0, #2]
100067b2:	021b      	lsls	r3, r3, #8
100067b4:	4313      	orrs	r3, r2
100067b6:	18c3      	adds	r3, r0, r3
100067b8:	9306      	str	r3, [sp, #24]
100067ba:	4b9a      	ldr	r3, [pc, #616]	@ (10006a24 <tud_task_ext+0x6cc>)
100067bc:	9704      	str	r7, [sp, #16]
100067be:	9305      	str	r3, [sp, #20]
100067c0:	4b99      	ldr	r3, [pc, #612]	@ (10006a28 <tud_task_ext+0x6d0>)
100067c2:	9308      	str	r3, [sp, #32]
100067c4:	4b99      	ldr	r3, [pc, #612]	@ (10006a2c <tud_task_ext+0x6d4>)
100067c6:	469a      	mov	sl, r3
100067c8:	4b99      	ldr	r3, [pc, #612]	@ (10006a30 <tud_task_ext+0x6d8>)
100067ca:	9309      	str	r3, [sp, #36]	@ 0x24
100067cc:	9b06      	ldr	r3, [sp, #24]
100067ce:	42ab      	cmp	r3, r5
100067d0:	d800      	bhi.n	100067d4 <tud_task_ext+0x47c>
100067d2:	e149      	b.n	10006a68 <tud_task_ext+0x710>
100067d4:	786b      	ldrb	r3, [r5, #1]
100067d6:	2201      	movs	r2, #1
100067d8:	2b0b      	cmp	r3, #11
100067da:	d103      	bne.n	100067e4 <tud_task_ext+0x48c>
100067dc:	782b      	ldrb	r3, [r5, #0]
100067de:	78ea      	ldrb	r2, [r5, #3]
100067e0:	18ed      	adds	r5, r5, r3
100067e2:	786b      	ldrb	r3, [r5, #1]
100067e4:	2b04      	cmp	r3, #4
100067e6:	d000      	beq.n	100067ea <tud_task_ext+0x492>
100067e8:	e138      	b.n	10006a5c <tud_task_ext+0x704>
100067ea:	9b06      	ldr	r3, [sp, #24]
100067ec:	2600      	movs	r6, #0
100067ee:	1b5b      	subs	r3, r3, r5
100067f0:	b29b      	uxth	r3, r3
100067f2:	9307      	str	r3, [sp, #28]
100067f4:	9b05      	ldr	r3, [sp, #20]
100067f6:	0017      	movs	r7, r2
100067f8:	781b      	ldrb	r3, [r3, #0]
100067fa:	e018      	b.n	1000682e <tud_task_ext+0x4d6>
100067fc:	4653      	mov	r3, sl
100067fe:	681b      	ldr	r3, [r3, #0]
10006800:	0172      	lsls	r2, r6, #5
10006802:	189b      	adds	r3, r3, r2
10006804:	2b00      	cmp	r3, #0
10006806:	d100      	bne.n	1000680a <tud_task_ext+0x4b2>
10006808:	e128      	b.n	10006a5c <tud_task_ext+0x704>
1000680a:	0029      	movs	r1, r5
1000680c:	4640      	mov	r0, r8
1000680e:	691b      	ldr	r3, [r3, #16]
10006810:	9a07      	ldr	r2, [sp, #28]
10006812:	4798      	blx	r3
10006814:	2808      	cmp	r0, #8
10006816:	d903      	bls.n	10006820 <tud_task_ext+0x4c8>
10006818:	9b07      	ldr	r3, [sp, #28]
1000681a:	4283      	cmp	r3, r0
1000681c:	d300      	bcc.n	10006820 <tud_task_ext+0x4c8>
1000681e:	e10b      	b.n	10006a38 <tud_task_ext+0x6e0>
10006820:	9b05      	ldr	r3, [sp, #20]
10006822:	3601      	adds	r6, #1
10006824:	781b      	ldrb	r3, [r3, #0]
10006826:	b2f6      	uxtb	r6, r6
10006828:	42b3      	cmp	r3, r6
1000682a:	d200      	bcs.n	1000682e <tud_task_ext+0x4d6>
1000682c:	e116      	b.n	10006a5c <tud_task_ext+0x704>
1000682e:	42b3      	cmp	r3, r6
10006830:	d8e4      	bhi.n	100067fc <tud_task_ext+0x4a4>
10006832:	9a08      	ldr	r2, [sp, #32]
10006834:	1af3      	subs	r3, r6, r3
10006836:	4694      	mov	ip, r2
10006838:	015b      	lsls	r3, r3, #5
1000683a:	4463      	add	r3, ip
1000683c:	e7e5      	b.n	1000680a <tud_task_ext+0x4b2>
1000683e:	786b      	ldrb	r3, [r5, #1]
10006840:	aa0a      	add	r2, sp, #40	@ 0x28
10006842:	3202      	adds	r2, #2
10006844:	7013      	strb	r3, [r2, #0]
10006846:	4640      	mov	r0, r8
10006848:	2301      	movs	r3, #1
1000684a:	a90c      	add	r1, sp, #48	@ 0x30
1000684c:	f000 fa2e 	bl	10006cac <tud_control_xfer>
10006850:	e59c      	b.n	1000638c <tud_task_ext+0x34>
10006852:	88e3      	ldrh	r3, [r4, #6]
10006854:	0a1a      	lsrs	r2, r3, #8
10006856:	b2d8      	uxtb	r0, r3
10006858:	2a0f      	cmp	r2, #15
1000685a:	d900      	bls.n	1000685e <tud_task_ext+0x506>
1000685c:	e706      	b.n	1000666c <tud_task_ext+0x314>
1000685e:	4975      	ldr	r1, [pc, #468]	@ (10006a34 <tud_task_ext+0x6dc>)
10006860:	0093      	lsls	r3, r2, #2
10006862:	58cb      	ldr	r3, [r1, r3]
10006864:	469f      	mov	pc, r3
10006866:	a80c      	add	r0, sp, #48	@ 0x30
10006868:	f000 fa90 	bl	10006d8c <usbd_control_set_request>
1000686c:	4640      	mov	r0, r8
1000686e:	79a1      	ldrb	r1, [r4, #6]
10006870:	f7ff fb54 	bl	10005f1c <dcd_set_address>
10006874:	2202      	movs	r2, #2
10006876:	782b      	ldrb	r3, [r5, #0]
10006878:	4313      	orrs	r3, r2
1000687a:	702b      	strb	r3, [r5, #0]
1000687c:	e586      	b.n	1000638c <tud_task_ext+0x34>
1000687e:	88e3      	ldrh	r3, [r4, #6]
10006880:	2b01      	cmp	r3, #1
10006882:	d000      	beq.n	10006886 <tud_task_ext+0x52e>
10006884:	e6f2      	b.n	1000666c <tud_task_ext+0x314>
10006886:	2208      	movs	r2, #8
10006888:	782b      	ldrb	r3, [r5, #0]
1000688a:	4640      	mov	r0, r8
1000688c:	4393      	bics	r3, r2
1000688e:	a90c      	add	r1, sp, #48	@ 0x30
10006890:	702b      	strb	r3, [r5, #0]
10006892:	f000 f9ef 	bl	10006c74 <tud_control_status>
10006896:	e579      	b.n	1000638c <tud_task_ext+0x34>
10006898:	2002      	movs	r0, #2
1000689a:	7829      	ldrb	r1, [r5, #0]
1000689c:	ab0a      	add	r3, sp, #40	@ 0x28
1000689e:	1c9a      	adds	r2, r3, #2
100068a0:	068b      	lsls	r3, r1, #26
100068a2:	0889      	lsrs	r1, r1, #2
100068a4:	0fdb      	lsrs	r3, r3, #31
100068a6:	4001      	ands	r1, r0
100068a8:	430b      	orrs	r3, r1
100068aa:	8013      	strh	r3, [r2, #0]
100068ac:	4640      	mov	r0, r8
100068ae:	2302      	movs	r3, #2
100068b0:	a90c      	add	r1, sp, #48	@ 0x30
100068b2:	f000 f9fb 	bl	10006cac <tud_control_xfer>
100068b6:	e569      	b.n	1000638c <tud_task_ext+0x34>
100068b8:	88e3      	ldrh	r3, [r4, #6]
100068ba:	2b01      	cmp	r3, #1
100068bc:	d000      	beq.n	100068c0 <tud_task_ext+0x568>
100068be:	e6d5      	b.n	1000666c <tud_task_ext+0x314>
100068c0:	2208      	movs	r2, #8
100068c2:	782b      	ldrb	r3, [r5, #0]
100068c4:	4313      	orrs	r3, r2
100068c6:	702b      	strb	r3, [r5, #0]
100068c8:	e724      	b.n	10006714 <tud_task_ext+0x3bc>
100068ca:	7a23      	ldrb	r3, [r4, #8]
100068cc:	2b0f      	cmp	r3, #15
100068ce:	d900      	bls.n	100068d2 <tud_task_ext+0x57a>
100068d0:	e6cc      	b.n	1000666c <tud_task_ext+0x314>
100068d2:	4a54      	ldr	r2, [pc, #336]	@ (10006a24 <tud_task_ext+0x6cc>)
100068d4:	18eb      	adds	r3, r5, r3
100068d6:	791b      	ldrb	r3, [r3, #4]
100068d8:	7812      	ldrb	r2, [r2, #0]
100068da:	4293      	cmp	r3, r2
100068dc:	d228      	bcs.n	10006930 <tud_task_ext+0x5d8>
100068de:	4a53      	ldr	r2, [pc, #332]	@ (10006a2c <tud_task_ext+0x6d4>)
100068e0:	015b      	lsls	r3, r3, #5
100068e2:	6815      	ldr	r5, [r2, #0]
100068e4:	18ed      	adds	r5, r5, r3
100068e6:	2d00      	cmp	r5, #0
100068e8:	d100      	bne.n	100068ec <tud_task_ext+0x594>
100068ea:	e6bf      	b.n	1000666c <tud_task_ext+0x314>
100068ec:	6968      	ldr	r0, [r5, #20]
100068ee:	f000 fa47 	bl	10006d80 <usbd_control_set_complete_callback>
100068f2:	2101      	movs	r1, #1
100068f4:	4640      	mov	r0, r8
100068f6:	696b      	ldr	r3, [r5, #20]
100068f8:	aa0c      	add	r2, sp, #48	@ 0x30
100068fa:	4798      	blx	r3
100068fc:	e6c7      	b.n	1000668e <tud_task_ext+0x336>
100068fe:	2a00      	cmp	r2, #0
10006900:	d000      	beq.n	10006904 <tud_task_ext+0x5ac>
10006902:	e6b3      	b.n	1000666c <tud_task_ext+0x314>
10006904:	2300      	movs	r3, #0
10006906:	469a      	mov	sl, r3
10006908:	7962      	ldrb	r2, [r4, #5]
1000690a:	2002      	movs	r0, #2
1000690c:	0013      	movs	r3, r2
1000690e:	9204      	str	r2, [sp, #16]
10006910:	4383      	bics	r3, r0
10006912:	2b01      	cmp	r3, #1
10006914:	d011      	beq.n	1000693a <tud_task_ext+0x5e2>
10006916:	2a00      	cmp	r2, #0
10006918:	d000      	beq.n	1000691c <tud_task_ext+0x5c4>
1000691a:	e6a7      	b.n	1000666c <tud_task_ext+0x314>
1000691c:	002b      	movs	r3, r5
1000691e:	444b      	add	r3, r9
10006920:	445b      	add	r3, fp
10006922:	3330      	adds	r3, #48	@ 0x30
10006924:	791b      	ldrb	r3, [r3, #4]
10006926:	aa0a      	add	r2, sp, #40	@ 0x28
10006928:	079b      	lsls	r3, r3, #30
1000692a:	0fdb      	lsrs	r3, r3, #31
1000692c:	3202      	adds	r2, #2
1000692e:	e7bc      	b.n	100068aa <tud_task_ext+0x552>
10006930:	4293      	cmp	r3, r2
10006932:	d000      	beq.n	10006936 <tud_task_ext+0x5de>
10006934:	e69a      	b.n	1000666c <tud_task_ext+0x314>
10006936:	4d3c      	ldr	r5, [pc, #240]	@ (10006a28 <tud_task_ext+0x6d0>)
10006938:	e7d8      	b.n	100068ec <tud_task_ext+0x594>
1000693a:	88e3      	ldrh	r3, [r4, #6]
1000693c:	2b00      	cmp	r3, #0
1000693e:	d112      	bne.n	10006966 <tud_task_ext+0x60e>
10006940:	9b03      	ldr	r3, [sp, #12]
10006942:	7818      	ldrb	r0, [r3, #0]
10006944:	9b04      	ldr	r3, [sp, #16]
10006946:	2b01      	cmp	r3, #1
10006948:	d023      	beq.n	10006992 <tud_task_ext+0x63a>
1000694a:	f7ff fbcd 	bl	100060e8 <dcd_edpt_stall>
1000694e:	464b      	mov	r3, r9
10006950:	2102      	movs	r1, #2
10006952:	18eb      	adds	r3, r5, r3
10006954:	445b      	add	r3, fp
10006956:	3330      	adds	r3, #48	@ 0x30
10006958:	791a      	ldrb	r2, [r3, #4]
1000695a:	430a      	orrs	r2, r1
1000695c:	2101      	movs	r1, #1
1000695e:	711a      	strb	r2, [r3, #4]
10006960:	791a      	ldrb	r2, [r3, #4]
10006962:	430a      	orrs	r2, r1
10006964:	711a      	strb	r2, [r3, #4]
10006966:	4653      	mov	r3, sl
10006968:	2b00      	cmp	r3, #0
1000696a:	d100      	bne.n	1000696e <tud_task_ext+0x616>
1000696c:	e50e      	b.n	1000638c <tud_task_ext+0x34>
1000696e:	6958      	ldr	r0, [r3, #20]
10006970:	f000 fa06 	bl	10006d80 <usbd_control_set_complete_callback>
10006974:	4653      	mov	r3, sl
10006976:	2101      	movs	r1, #1
10006978:	695b      	ldr	r3, [r3, #20]
1000697a:	aa0c      	add	r2, sp, #48	@ 0x30
1000697c:	4640      	mov	r0, r8
1000697e:	4798      	blx	r3
10006980:	2000      	movs	r0, #0
10006982:	f000 f9fd 	bl	10006d80 <usbd_control_set_complete_callback>
10006986:	2335      	movs	r3, #53	@ 0x35
10006988:	5ceb      	ldrb	r3, [r5, r3]
1000698a:	07db      	lsls	r3, r3, #31
1000698c:	d500      	bpl.n	10006990 <tud_task_ext+0x638>
1000698e:	e4fd      	b.n	1000638c <tud_task_ext+0x34>
10006990:	e6c0      	b.n	10006714 <tud_task_ext+0x3bc>
10006992:	f7ff fbc9 	bl	10006128 <dcd_edpt_clear_stall>
10006996:	464b      	mov	r3, r9
10006998:	2102      	movs	r1, #2
1000699a:	18eb      	adds	r3, r5, r3
1000699c:	445b      	add	r3, fp
1000699e:	3330      	adds	r3, #48	@ 0x30
100069a0:	791a      	ldrb	r2, [r3, #4]
100069a2:	438a      	bics	r2, r1
100069a4:	711a      	strb	r2, [r3, #4]
100069a6:	791a      	ldrb	r2, [r3, #4]
100069a8:	9904      	ldr	r1, [sp, #16]
100069aa:	438a      	bics	r2, r1
100069ac:	711a      	strb	r2, [r3, #4]
100069ae:	e7da      	b.n	10006966 <tud_task_ext+0x60e>
100069b0:	f7f9 fd88 	bl	100004c4 <tud_umount_cb>
100069b4:	e6ae      	b.n	10006714 <tud_task_ext+0x3bc>
100069b6:	2100      	movs	r1, #0
100069b8:	4640      	mov	r0, r8
100069ba:	f7ff fac9 	bl	10005f50 <dcd_sof_enable>
100069be:	4640      	mov	r0, r8
100069c0:	f7ff fb70 	bl	100060a4 <dcd_edpt_close_all>
100069c4:	2200      	movs	r2, #0
100069c6:	4693      	mov	fp, r2
100069c8:	4a17      	ldr	r2, [pc, #92]	@ (10006a28 <tud_task_ext+0x6d0>)
100069ca:	78ab      	ldrb	r3, [r5, #2]
100069cc:	9205      	str	r2, [sp, #20]
100069ce:	4a17      	ldr	r2, [pc, #92]	@ (10006a2c <tud_task_ext+0x6d4>)
100069d0:	9304      	str	r3, [sp, #16]
100069d2:	9206      	str	r2, [sp, #24]
100069d4:	002a      	movs	r2, r5
100069d6:	4b13      	ldr	r3, [pc, #76]	@ (10006a24 <tud_task_ext+0x6cc>)
100069d8:	465d      	mov	r5, fp
100069da:	4699      	mov	r9, r3
100069dc:	4693      	mov	fp, r2
100069de:	781b      	ldrb	r3, [r3, #0]
100069e0:	e00e      	b.n	10006a00 <tud_task_ext+0x6a8>
100069e2:	9b06      	ldr	r3, [sp, #24]
100069e4:	016a      	lsls	r2, r5, #5
100069e6:	681b      	ldr	r3, [r3, #0]
100069e8:	189b      	adds	r3, r3, r2
100069ea:	2b00      	cmp	r3, #0
100069ec:	d055      	beq.n	10006a9a <tud_task_ext+0x742>
100069ee:	68db      	ldr	r3, [r3, #12]
100069f0:	4640      	mov	r0, r8
100069f2:	4798      	blx	r3
100069f4:	464b      	mov	r3, r9
100069f6:	3501      	adds	r5, #1
100069f8:	781b      	ldrb	r3, [r3, #0]
100069fa:	b2ed      	uxtb	r5, r5
100069fc:	42ab      	cmp	r3, r5
100069fe:	d338      	bcc.n	10006a72 <tud_task_ext+0x71a>
10006a00:	429d      	cmp	r5, r3
10006a02:	d3ee      	bcc.n	100069e2 <tud_task_ext+0x68a>
10006a04:	9a05      	ldr	r2, [sp, #20]
10006a06:	1aeb      	subs	r3, r5, r3
10006a08:	4694      	mov	ip, r2
10006a0a:	015b      	lsls	r3, r3, #5
10006a0c:	4463      	add	r3, ip
10006a0e:	e7ee      	b.n	100069ee <tud_task_ext+0x696>
10006a10:	ab0a      	add	r3, sp, #40	@ 0x28
10006a12:	1c9a      	adds	r2, r3, #2
10006a14:	4640      	mov	r0, r8
10006a16:	2301      	movs	r3, #1
10006a18:	a90c      	add	r1, sp, #48	@ 0x30
10006a1a:	7015      	strb	r5, [r2, #0]
10006a1c:	f000 f946 	bl	10006cac <tud_control_xfer>
10006a20:	e4b4      	b.n	1000638c <tud_task_ext+0x34>
10006a22:	46c0      	nop			@ (mov r8, r8)
10006a24:	20002690 	.word	0x20002690
10006a28:	1000bd34 	.word	0x1000bd34
10006a2c:	20001dfc 	.word	0x20001dfc
10006a30:	20001ef0 	.word	0x20001ef0
10006a34:	1000bcd8 	.word	0x1000bcd8
10006a38:	003a      	movs	r2, r7
10006a3a:	0007      	movs	r7, r0
10006a3c:	2a00      	cmp	r2, #0
10006a3e:	d03c      	beq.n	10006aba <tud_task_ext+0x762>
10006a40:	78ab      	ldrb	r3, [r5, #2]
10006a42:	189a      	adds	r2, r3, r2
10006a44:	b2d2      	uxtb	r2, r2
10006a46:	e004      	b.n	10006a52 <tud_task_ext+0x6fa>
10006a48:	3301      	adds	r3, #1
10006a4a:	b2db      	uxtb	r3, r3
10006a4c:	710e      	strb	r6, [r1, #4]
10006a4e:	429a      	cmp	r2, r3
10006a50:	d033      	beq.n	10006aba <tud_task_ext+0x762>
10006a52:	4649      	mov	r1, r9
10006a54:	18c9      	adds	r1, r1, r3
10006a56:	7908      	ldrb	r0, [r1, #4]
10006a58:	28ff      	cmp	r0, #255	@ 0xff
10006a5a:	d0f5      	beq.n	10006a48 <tud_task_ext+0x6f0>
10006a5c:	465e      	mov	r6, fp
10006a5e:	464d      	mov	r5, r9
10006a60:	9f04      	ldr	r7, [sp, #16]
10006a62:	2300      	movs	r3, #0
10006a64:	706b      	strb	r3, [r5, #1]
10006a66:	e601      	b.n	1000666c <tud_task_ext+0x314>
10006a68:	465e      	mov	r6, fp
10006a6a:	9f04      	ldr	r7, [sp, #16]
10006a6c:	f7f9 fd28 	bl	100004c0 <tud_mount_cb>
10006a70:	e650      	b.n	10006714 <tud_task_ext+0x3bc>
10006a72:	465d      	mov	r5, fp
10006a74:	2254      	movs	r2, #84	@ 0x54
10006a76:	2100      	movs	r1, #0
10006a78:	0028      	movs	r0, r5
10006a7a:	f7fd f985 	bl	10003d88 <__wrap_memset>
10006a7e:	2210      	movs	r2, #16
10006a80:	21ff      	movs	r1, #255	@ 0xff
10006a82:	1d28      	adds	r0, r5, #4
10006a84:	f7fd f980 	bl	10003d88 <__wrap_memset>
10006a88:	0028      	movs	r0, r5
10006a8a:	2220      	movs	r2, #32
10006a8c:	21ff      	movs	r1, #255	@ 0xff
10006a8e:	3014      	adds	r0, #20
10006a90:	f7fd f97a 	bl	10003d88 <__wrap_memset>
10006a94:	9b04      	ldr	r3, [sp, #16]
10006a96:	70ab      	strb	r3, [r5, #2]
10006a98:	e664      	b.n	10006764 <tud_task_ext+0x40c>
10006a9a:	465d      	mov	r5, fp
10006a9c:	e7fa      	b.n	10006a94 <tud_task_ext+0x73c>
10006a9e:	f7ff fbb3 	bl	10006208 <tud_descriptor_bos_cb>
10006aa2:	1e02      	subs	r2, r0, #0
10006aa4:	d100      	bne.n	10006aa8 <tud_task_ext+0x750>
10006aa6:	e5e1      	b.n	1000666c <tud_task_ext+0x314>
10006aa8:	78d3      	ldrb	r3, [r2, #3]
10006aaa:	7891      	ldrb	r1, [r2, #2]
10006aac:	021b      	lsls	r3, r3, #8
10006aae:	430b      	orrs	r3, r1
10006ab0:	4640      	mov	r0, r8
10006ab2:	a90c      	add	r1, sp, #48	@ 0x30
10006ab4:	f000 f8fa 	bl	10006cac <tud_control_xfer>
10006ab8:	e5e9      	b.n	1000668e <tud_task_ext+0x336>
10006aba:	0033      	movs	r3, r6
10006abc:	0029      	movs	r1, r5
10006abe:	003a      	movs	r2, r7
10006ac0:	9809      	ldr	r0, [sp, #36]	@ 0x24
10006ac2:	f000 fcb3 	bl	1000742c <tu_edpt_bind_driver>
10006ac6:	9b05      	ldr	r3, [sp, #20]
10006ac8:	19ed      	adds	r5, r5, r7
10006aca:	781b      	ldrb	r3, [r3, #0]
10006acc:	42b3      	cmp	r3, r6
10006ace:	d300      	bcc.n	10006ad2 <tud_task_ext+0x77a>
10006ad0:	e67c      	b.n	100067cc <tud_task_ext+0x474>
10006ad2:	e7c3      	b.n	10006a5c <tud_task_ext+0x704>
10006ad4:	f7ff fb9a 	bl	1000620c <tud_descriptor_device_qualifier_cb>
10006ad8:	1e02      	subs	r2, r0, #0
10006ada:	d100      	bne.n	10006ade <tud_task_ext+0x786>
10006adc:	e5c6      	b.n	1000666c <tud_task_ext+0x314>
10006ade:	4640      	mov	r0, r8
10006ae0:	7813      	ldrb	r3, [r2, #0]
10006ae2:	a90c      	add	r1, sp, #48	@ 0x30
10006ae4:	f000 f8e2 	bl	10006cac <tud_control_xfer>
10006ae8:	e5d1      	b.n	1000668e <tud_task_ext+0x336>
10006aea:	8921      	ldrh	r1, [r4, #8]
10006aec:	f7f9 fd38 	bl	10000560 <tud_descriptor_string_cb>
10006af0:	1e02      	subs	r2, r0, #0
10006af2:	d1f4      	bne.n	10006ade <tud_task_ext+0x786>
10006af4:	e5ba      	b.n	1000666c <tud_task_ext+0x314>
10006af6:	2a02      	cmp	r2, #2
10006af8:	d00f      	beq.n	10006b1a <tud_task_ext+0x7c2>
10006afa:	f7ff fb89 	bl	10006210 <tud_descriptor_other_speed_configuration_cb>
10006afe:	1e02      	subs	r2, r0, #0
10006b00:	d1d2      	bne.n	10006aa8 <tud_task_ext+0x750>
10006b02:	e5b3      	b.n	1000666c <tud_task_ext+0x314>
10006b04:	f7f9 fd20 	bl	10000548 <tud_descriptor_device_cb>
10006b08:	1e02      	subs	r2, r0, #0
10006b0a:	d100      	bne.n	10006b0e <tud_task_ext+0x7b6>
10006b0c:	e5ae      	b.n	1000666c <tud_task_ext+0x314>
10006b0e:	2312      	movs	r3, #18
10006b10:	4640      	mov	r0, r8
10006b12:	a90c      	add	r1, sp, #48	@ 0x30
10006b14:	f000 f8ca 	bl	10006cac <tud_control_xfer>
10006b18:	e5b9      	b.n	1000668e <tud_task_ext+0x336>
10006b1a:	f7f9 fd1d 	bl	10000558 <tud_descriptor_configuration_cb>
10006b1e:	1e02      	subs	r2, r0, #0
10006b20:	d1c2      	bne.n	10006aa8 <tud_task_ext+0x750>
10006b22:	e5a3      	b.n	1000666c <tud_task_ext+0x314>

10006b24 <usbd_open_edpt_pair>:
10006b24:	b5f8      	push	{r3, r4, r5, r6, r7, lr}
10006b26:	4657      	mov	r7, sl
10006b28:	464e      	mov	r6, r9
10006b2a:	46de      	mov	lr, fp
10006b2c:	4645      	mov	r5, r8
10006b2e:	000c      	movs	r4, r1
10006b30:	b5e0      	push	{r5, r6, r7, lr}
10006b32:	0016      	movs	r6, r2
10006b34:	001f      	movs	r7, r3
10006b36:	2200      	movs	r2, #0
10006b38:	4b21      	ldr	r3, [pc, #132]	@ (10006bc0 <usbd_open_edpt_pair+0x9c>)
10006b3a:	446b      	add	r3, sp
10006b3c:	601a      	str	r2, [r3, #0]
10006b3e:	2e00      	cmp	r6, #0
10006b40:	d03c      	beq.n	10006bbc <usbd_open_edpt_pair+0x98>
10006b42:	4b20      	ldr	r3, [pc, #128]	@ (10006bc4 <usbd_open_edpt_pair+0xa0>)
10006b44:	2500      	movs	r5, #0
10006b46:	469a      	mov	sl, r3
10006b48:	2370      	movs	r3, #112	@ 0x70
10006b4a:	4699      	mov	r9, r3
10006b4c:	4b1e      	ldr	r3, [pc, #120]	@ (10006bc8 <usbd_open_edpt_pair+0xa4>)
10006b4e:	469b      	mov	fp, r3
10006b50:	e017      	b.n	10006b82 <usbd_open_edpt_pair+0x5e>
10006b52:	465b      	mov	r3, fp
10006b54:	0020      	movs	r0, r4
10006b56:	7899      	ldrb	r1, [r3, #2]
10006b58:	f000 fc2a 	bl	100073b0 <tu_edpt_validate>
10006b5c:	2800      	cmp	r0, #0
10006b5e:	d01f      	beq.n	10006ba0 <usbd_open_edpt_pair+0x7c>
10006b60:	0021      	movs	r1, r4
10006b62:	4640      	mov	r0, r8
10006b64:	f7ff fa10 	bl	10005f88 <dcd_edpt_open>
10006b68:	2800      	cmp	r0, #0
10006b6a:	d019      	beq.n	10006ba0 <usbd_open_edpt_pair+0x7c>
10006b6c:	78a3      	ldrb	r3, [r4, #2]
10006b6e:	09da      	lsrs	r2, r3, #7
10006b70:	2a01      	cmp	r2, #1
10006b72:	d01c      	beq.n	10006bae <usbd_open_edpt_pair+0x8a>
10006b74:	9a0a      	ldr	r2, [sp, #40]	@ 0x28
10006b76:	3501      	adds	r5, #1
10006b78:	7013      	strb	r3, [r2, #0]
10006b7a:	7823      	ldrb	r3, [r4, #0]
10006b7c:	18e4      	adds	r4, r4, r3
10006b7e:	42b5      	cmp	r5, r6
10006b80:	da1c      	bge.n	10006bbc <usbd_open_edpt_pair+0x98>
10006b82:	7863      	ldrb	r3, [r4, #1]
10006b84:	2b05      	cmp	r3, #5
10006b86:	d10b      	bne.n	10006ba0 <usbd_open_edpt_pair+0x7c>
10006b88:	78e3      	ldrb	r3, [r4, #3]
10006b8a:	079b      	lsls	r3, r3, #30
10006b8c:	0f9b      	lsrs	r3, r3, #30
10006b8e:	42bb      	cmp	r3, r7
10006b90:	d106      	bne.n	10006ba0 <usbd_open_edpt_pair+0x7c>
10006b92:	4653      	mov	r3, sl
10006b94:	464a      	mov	r2, r9
10006b96:	781b      	ldrb	r3, [r3, #0]
10006b98:	4698      	mov	r8, r3
10006b9a:	78a3      	ldrb	r3, [r4, #2]
10006b9c:	421a      	tst	r2, r3
10006b9e:	d0d8      	beq.n	10006b52 <usbd_open_edpt_pair+0x2e>
10006ba0:	2000      	movs	r0, #0
10006ba2:	bcf0      	pop	{r4, r5, r6, r7}
10006ba4:	46bb      	mov	fp, r7
10006ba6:	46b2      	mov	sl, r6
10006ba8:	46a9      	mov	r9, r5
10006baa:	46a0      	mov	r8, r4
10006bac:	bdf8      	pop	{r3, r4, r5, r6, r7, pc}
10006bae:	9a0b      	ldr	r2, [sp, #44]	@ 0x2c
10006bb0:	3501      	adds	r5, #1
10006bb2:	7013      	strb	r3, [r2, #0]
10006bb4:	7823      	ldrb	r3, [r4, #0]
10006bb6:	18e4      	adds	r4, r4, r3
10006bb8:	42b5      	cmp	r5, r6
10006bba:	dbe2      	blt.n	10006b82 <usbd_open_edpt_pair+0x5e>
10006bbc:	2001      	movs	r0, #1
10006bbe:	e7f0      	b.n	10006ba2 <usbd_open_edpt_pair+0x7e>
10006bc0:	ffffeed8 	.word	0xffffeed8
10006bc4:	200011f4 	.word	0x200011f4
10006bc8:	20001edc 	.word	0x20001edc

10006bcc <usbd_edpt_claim>:
10006bcc:	000b      	movs	r3, r1
10006bce:	2100      	movs	r1, #0
10006bd0:	b510      	push	{r4, lr}
10006bd2:	4a08      	ldr	r2, [pc, #32]	@ (10006bf4 <usbd_edpt_claim+0x28>)
10006bd4:	446a      	add	r2, sp
10006bd6:	6011      	str	r1, [r2, #0]
10006bd8:	207f      	movs	r0, #127	@ 0x7f
10006bda:	4018      	ands	r0, r3
10006bdc:	09db      	lsrs	r3, r3, #7
10006bde:	3334      	adds	r3, #52	@ 0x34
10006be0:	0040      	lsls	r0, r0, #1
10006be2:	4a05      	ldr	r2, [pc, #20]	@ (10006bf8 <usbd_edpt_claim+0x2c>)
10006be4:	18c0      	adds	r0, r0, r3
10006be6:	4b05      	ldr	r3, [pc, #20]	@ (10006bfc <usbd_edpt_claim+0x30>)
10006be8:	6811      	ldr	r1, [r2, #0]
10006bea:	18c0      	adds	r0, r0, r3
10006bec:	f000 fbb2 	bl	10007354 <tu_edpt_claim>
10006bf0:	bd10      	pop	{r4, pc}
10006bf2:	46c0      	nop			@ (mov r8, r8)
10006bf4:	ffffeed8 	.word	0xffffeed8
10006bf8:	20001f30 	.word	0x20001f30
10006bfc:	20001edc 	.word	0x20001edc

10006c00 <usbd_edpt_xfer>:
10006c00:	b570      	push	{r4, r5, r6, lr}
10006c02:	2400      	movs	r4, #0
10006c04:	4811      	ldr	r0, [pc, #68]	@ (10006c4c <usbd_edpt_xfer+0x4c>)
10006c06:	4468      	add	r0, sp
10006c08:	6004      	str	r4, [r0, #0]
10006c0a:	347f      	adds	r4, #127	@ 0x7f
10006c0c:	4810      	ldr	r0, [pc, #64]	@ (10006c50 <usbd_edpt_xfer+0x50>)
10006c0e:	400c      	ands	r4, r1
10006c10:	0064      	lsls	r4, r4, #1
10006c12:	1904      	adds	r4, r0, r4
10006c14:	09cd      	lsrs	r5, r1, #7
10006c16:	1964      	adds	r4, r4, r5
10006c18:	3430      	adds	r4, #48	@ 0x30
10006c1a:	7920      	ldrb	r0, [r4, #4]
10006c1c:	07c0      	lsls	r0, r0, #31
10006c1e:	d501      	bpl.n	10006c24 <usbd_edpt_xfer+0x24>
10006c20:	2000      	movs	r0, #0
10006c22:	bd70      	pop	{r4, r5, r6, pc}
10006c24:	2601      	movs	r6, #1
10006c26:	7925      	ldrb	r5, [r4, #4]
10006c28:	480a      	ldr	r0, [pc, #40]	@ (10006c54 <usbd_edpt_xfer+0x54>)
10006c2a:	4335      	orrs	r5, r6
10006c2c:	7800      	ldrb	r0, [r0, #0]
10006c2e:	7125      	strb	r5, [r4, #4]
10006c30:	f7ff fa42 	bl	100060b8 <dcd_edpt_xfer>
10006c34:	2800      	cmp	r0, #0
10006c36:	d1f4      	bne.n	10006c22 <usbd_edpt_xfer+0x22>
10006c38:	2201      	movs	r2, #1
10006c3a:	7923      	ldrb	r3, [r4, #4]
10006c3c:	4393      	bics	r3, r2
10006c3e:	7123      	strb	r3, [r4, #4]
10006c40:	7923      	ldrb	r3, [r4, #4]
10006c42:	3203      	adds	r2, #3
10006c44:	4393      	bics	r3, r2
10006c46:	7123      	strb	r3, [r4, #4]
10006c48:	e7ea      	b.n	10006c20 <usbd_edpt_xfer+0x20>
10006c4a:	46c0      	nop			@ (mov r8, r8)
10006c4c:	ffffeed8 	.word	0xffffeed8
10006c50:	20001edc 	.word	0x20001edc
10006c54:	200011f4 	.word	0x200011f4

10006c58 <usbd_edpt_busy>:
10006c58:	227f      	movs	r2, #127	@ 0x7f
10006c5a:	4b05      	ldr	r3, [pc, #20]	@ (10006c70 <usbd_edpt_busy+0x18>)
10006c5c:	400a      	ands	r2, r1
10006c5e:	0052      	lsls	r2, r2, #1
10006c60:	09c9      	lsrs	r1, r1, #7
10006c62:	189b      	adds	r3, r3, r2
10006c64:	185b      	adds	r3, r3, r1
10006c66:	3330      	adds	r3, #48	@ 0x30
10006c68:	7918      	ldrb	r0, [r3, #4]
10006c6a:	07c0      	lsls	r0, r0, #31
10006c6c:	0fc0      	lsrs	r0, r0, #31
10006c6e:	4770      	bx	lr
10006c70:	20001edc 	.word	0x20001edc

10006c74 <tud_control_status>:
10006c74:	b5f8      	push	{r3, r4, r5, r6, r7, lr}
10006c76:	2700      	movs	r7, #0
10006c78:	0006      	movs	r6, r0
10006c7a:	000d      	movs	r5, r1
10006c7c:	4b09      	ldr	r3, [pc, #36]	@ (10006ca4 <tud_control_status+0x30>)
10006c7e:	446b      	add	r3, sp
10006c80:	601f      	str	r7, [r3, #0]
10006c82:	4c09      	ldr	r4, [pc, #36]	@ (10006ca8 <tud_control_status+0x34>)
10006c84:	2208      	movs	r2, #8
10006c86:	0020      	movs	r0, r4
10006c88:	f7fd f884 	bl	10003d94 <__wrap___aeabi_memcpy>
10006c8c:	2180      	movs	r1, #128	@ 0x80
10006c8e:	60e7      	str	r7, [r4, #12]
10006c90:	782b      	ldrb	r3, [r5, #0]
10006c92:	0030      	movs	r0, r6
10006c94:	4399      	bics	r1, r3
10006c96:	2200      	movs	r2, #0
10006c98:	2300      	movs	r3, #0
10006c9a:	60a7      	str	r7, [r4, #8]
10006c9c:	f7ff ffb0 	bl	10006c00 <usbd_edpt_xfer>
10006ca0:	bdf8      	pop	{r3, r4, r5, r6, r7, pc}
10006ca2:	46c0      	nop			@ (mov r8, r8)
10006ca4:	ffffeed8 	.word	0xffffeed8
10006ca8:	20001e00 	.word	0x20001e00

10006cac <tud_control_xfer>:
10006cac:	b5f8      	push	{r3, r4, r5, r6, r7, lr}
10006cae:	46ce      	mov	lr, r9
10006cb0:	4647      	mov	r7, r8
10006cb2:	2400      	movs	r4, #0
10006cb4:	b580      	push	{r7, lr}
10006cb6:	4681      	mov	r9, r0
10006cb8:	001f      	movs	r7, r3
10006cba:	000d      	movs	r5, r1
10006cbc:	4690      	mov	r8, r2
10006cbe:	4b25      	ldr	r3, [pc, #148]	@ (10006d54 <tud_control_xfer+0xa8>)
10006cc0:	446b      	add	r3, sp
10006cc2:	601c      	str	r4, [r3, #0]
10006cc4:	4e24      	ldr	r6, [pc, #144]	@ (10006d58 <tud_control_xfer+0xac>)
10006cc6:	2208      	movs	r2, #8
10006cc8:	0030      	movs	r0, r6
10006cca:	f7fd f863 	bl	10003d94 <__wrap___aeabi_memcpy>
10006cce:	4643      	mov	r3, r8
10006cd0:	81f4      	strh	r4, [r6, #14]
10006cd2:	60b3      	str	r3, [r6, #8]
10006cd4:	79ec      	ldrb	r4, [r5, #7]
10006cd6:	79ab      	ldrb	r3, [r5, #6]
10006cd8:	0224      	lsls	r4, r4, #8
10006cda:	431c      	orrs	r4, r3
10006cdc:	1c23      	adds	r3, r4, #0
10006cde:	42bc      	cmp	r4, r7
10006ce0:	d900      	bls.n	10006ce4 <tud_control_xfer+0x38>
10006ce2:	1c3b      	adds	r3, r7, #0
10006ce4:	b29f      	uxth	r7, r3
10006ce6:	81b3      	strh	r3, [r6, #12]
10006ce8:	2c00      	cmp	r4, #0
10006cea:	d00e      	beq.n	10006d0a <tud_control_xfer+0x5e>
10006cec:	2f00      	cmp	r7, #0
10006cee:	d018      	beq.n	10006d22 <tud_control_xfer+0x76>
10006cf0:	4643      	mov	r3, r8
10006cf2:	2b00      	cmp	r3, #0
10006cf4:	d02c      	beq.n	10006d50 <tud_control_xfer+0xa4>
10006cf6:	1c3b      	adds	r3, r7, #0
10006cf8:	2f40      	cmp	r7, #64	@ 0x40
10006cfa:	d81b      	bhi.n	10006d34 <tud_control_xfer+0x88>
10006cfc:	b29f      	uxth	r7, r3
10006cfe:	7833      	ldrb	r3, [r6, #0]
10006d00:	2b7f      	cmp	r3, #127	@ 0x7f
10006d02:	d81c      	bhi.n	10006d3e <tud_control_xfer+0x92>
10006d04:	2100      	movs	r1, #0
10006d06:	4a15      	ldr	r2, [pc, #84]	@ (10006d5c <tud_control_xfer+0xb0>)
10006d08:	e00f      	b.n	10006d2a <tud_control_xfer+0x7e>
10006d0a:	2180      	movs	r1, #128	@ 0x80
10006d0c:	782b      	ldrb	r3, [r5, #0]
10006d0e:	2200      	movs	r2, #0
10006d10:	4399      	bics	r1, r3
10006d12:	4648      	mov	r0, r9
10006d14:	2300      	movs	r3, #0
10006d16:	f7ff ff73 	bl	10006c00 <usbd_edpt_xfer>
10006d1a:	bcc0      	pop	{r6, r7}
10006d1c:	46b9      	mov	r9, r7
10006d1e:	46b0      	mov	r8, r6
10006d20:	bdf8      	pop	{r3, r4, r5, r6, r7, pc}
10006d22:	237f      	movs	r3, #127	@ 0x7f
10006d24:	2200      	movs	r2, #0
10006d26:	7831      	ldrb	r1, [r6, #0]
10006d28:	4399      	bics	r1, r3
10006d2a:	003b      	movs	r3, r7
10006d2c:	4648      	mov	r0, r9
10006d2e:	f7ff ff67 	bl	10006c00 <usbd_edpt_xfer>
10006d32:	e7f2      	b.n	10006d1a <tud_control_xfer+0x6e>
10006d34:	2340      	movs	r3, #64	@ 0x40
10006d36:	b29f      	uxth	r7, r3
10006d38:	7833      	ldrb	r3, [r6, #0]
10006d3a:	2b7f      	cmp	r3, #127	@ 0x7f
10006d3c:	d9e2      	bls.n	10006d04 <tud_control_xfer+0x58>
10006d3e:	4c07      	ldr	r4, [pc, #28]	@ (10006d5c <tud_control_xfer+0xb0>)
10006d40:	003a      	movs	r2, r7
10006d42:	4641      	mov	r1, r8
10006d44:	0020      	movs	r0, r4
10006d46:	f7fd f825 	bl	10003d94 <__wrap___aeabi_memcpy>
10006d4a:	2180      	movs	r1, #128	@ 0x80
10006d4c:	0022      	movs	r2, r4
10006d4e:	e7ec      	b.n	10006d2a <tud_control_xfer+0x7e>
10006d50:	2000      	movs	r0, #0
10006d52:	e7e2      	b.n	10006d1a <tud_control_xfer+0x6e>
10006d54:	ffffeed8 	.word	0xffffeed8
10006d58:	20001e00 	.word	0x20001e00
10006d5c:	20001e9c 	.word	0x20001e9c

10006d60 <usbd_control_reset>:
10006d60:	2200      	movs	r2, #0
10006d62:	b510      	push	{r4, lr}
10006d64:	4b04      	ldr	r3, [pc, #16]	@ (10006d78 <usbd_control_reset+0x18>)
10006d66:	446b      	add	r3, sp
10006d68:	601a      	str	r2, [r3, #0]
10006d6a:	2100      	movs	r1, #0
10006d6c:	4803      	ldr	r0, [pc, #12]	@ (10006d7c <usbd_control_reset+0x1c>)
10006d6e:	3214      	adds	r2, #20
10006d70:	f7fd f80a 	bl	10003d88 <__wrap_memset>
10006d74:	bd10      	pop	{r4, pc}
10006d76:	46c0      	nop			@ (mov r8, r8)
10006d78:	ffffeed8 	.word	0xffffeed8
10006d7c:	20001e00 	.word	0x20001e00

10006d80 <usbd_control_set_complete_callback>:
10006d80:	4b01      	ldr	r3, [pc, #4]	@ (10006d88 <usbd_control_set_complete_callback+0x8>)
10006d82:	6118      	str	r0, [r3, #16]
10006d84:	4770      	bx	lr
10006d86:	46c0      	nop			@ (mov r8, r8)
10006d88:	20001e00 	.word	0x20001e00

10006d8c <usbd_control_set_request>:
10006d8c:	b570      	push	{r4, r5, r6, lr}
10006d8e:	0001      	movs	r1, r0
10006d90:	2500      	movs	r5, #0
10006d92:	4b05      	ldr	r3, [pc, #20]	@ (10006da8 <usbd_control_set_request+0x1c>)
10006d94:	446b      	add	r3, sp
10006d96:	601d      	str	r5, [r3, #0]
10006d98:	4c04      	ldr	r4, [pc, #16]	@ (10006dac <usbd_control_set_request+0x20>)
10006d9a:	2208      	movs	r2, #8
10006d9c:	0020      	movs	r0, r4
10006d9e:	f7fc fff9 	bl	10003d94 <__wrap___aeabi_memcpy>
10006da2:	60a5      	str	r5, [r4, #8]
10006da4:	60e5      	str	r5, [r4, #12]
10006da6:	bd70      	pop	{r4, r5, r6, pc}
10006da8:	ffffeed8 	.word	0xffffeed8
10006dac:	20001e00 	.word	0x20001e00

10006db0 <usbd_control_xfer_cb>:
10006db0:	b570      	push	{r4, r5, r6, lr}
10006db2:	2200      	movs	r2, #0
10006db4:	001d      	movs	r5, r3
10006db6:	0006      	movs	r6, r0
10006db8:	4b38      	ldr	r3, [pc, #224]	@ (10006e9c <usbd_control_xfer_cb+0xec>)
10006dba:	446b      	add	r3, sp
10006dbc:	601a      	str	r2, [r3, #0]
10006dbe:	4c38      	ldr	r4, [pc, #224]	@ (10006ea0 <usbd_control_xfer_cb+0xf0>)
10006dc0:	09c9      	lsrs	r1, r1, #7
10006dc2:	7823      	ldrb	r3, [r4, #0]
10006dc4:	09da      	lsrs	r2, r3, #7
10006dc6:	428a      	cmp	r2, r1
10006dc8:	d010      	beq.n	10006dec <usbd_control_xfer_cb+0x3c>
10006dca:	2000      	movs	r0, #0
10006dcc:	2d00      	cmp	r5, #0
10006dce:	d000      	beq.n	10006dd2 <usbd_control_xfer_cb+0x22>
10006dd0:	bd70      	pop	{r4, r5, r6, pc}
10006dd2:	0021      	movs	r1, r4
10006dd4:	0030      	movs	r0, r6
10006dd6:	f7ff f8c9 	bl	10005f6c <dcd_edpt0_status_complete>
10006dda:	6923      	ldr	r3, [r4, #16]
10006ddc:	2b00      	cmp	r3, #0
10006dde:	d003      	beq.n	10006de8 <usbd_control_xfer_cb+0x38>
10006de0:	0022      	movs	r2, r4
10006de2:	2103      	movs	r1, #3
10006de4:	0030      	movs	r0, r6
10006de6:	4798      	blx	r3
10006de8:	2001      	movs	r0, #1
10006dea:	e7f1      	b.n	10006dd0 <usbd_control_xfer_cb+0x20>
10006dec:	68a0      	ldr	r0, [r4, #8]
10006dee:	2b7f      	cmp	r3, #127	@ 0x7f
10006df0:	d805      	bhi.n	10006dfe <usbd_control_xfer_cb+0x4e>
10006df2:	2800      	cmp	r0, #0
10006df4:	d034      	beq.n	10006e60 <usbd_control_xfer_cb+0xb0>
10006df6:	002a      	movs	r2, r5
10006df8:	492a      	ldr	r1, [pc, #168]	@ (10006ea4 <usbd_control_xfer_cb+0xf4>)
10006dfa:	f7fc ffcb 	bl	10003d94 <__wrap___aeabi_memcpy>
10006dfe:	89e2      	ldrh	r2, [r4, #14]
10006e00:	68a1      	ldr	r1, [r4, #8]
10006e02:	1952      	adds	r2, r2, r5
10006e04:	88e3      	ldrh	r3, [r4, #6]
10006e06:	b292      	uxth	r2, r2
10006e08:	1949      	adds	r1, r1, r5
10006e0a:	81e2      	strh	r2, [r4, #14]
10006e0c:	60a1      	str	r1, [r4, #8]
10006e0e:	4293      	cmp	r3, r2
10006e10:	d014      	beq.n	10006e3c <usbd_control_xfer_cb+0x8c>
10006e12:	2d3f      	cmp	r5, #63	@ 0x3f
10006e14:	d912      	bls.n	10006e3c <usbd_control_xfer_cb+0x8c>
10006e16:	89a3      	ldrh	r3, [r4, #12]
10006e18:	1a98      	subs	r0, r3, r2
10006e1a:	1c05      	adds	r5, r0, #0
10006e1c:	b280      	uxth	r0, r0
10006e1e:	2840      	cmp	r0, #64	@ 0x40
10006e20:	d82a      	bhi.n	10006e78 <usbd_control_xfer_cb+0xc8>
10006e22:	7820      	ldrb	r0, [r4, #0]
10006e24:	b2ad      	uxth	r5, r5
10006e26:	287f      	cmp	r0, #127	@ 0x7f
10006e28:	d828      	bhi.n	10006e7c <usbd_control_xfer_cb+0xcc>
10006e2a:	2100      	movs	r1, #0
10006e2c:	429a      	cmp	r2, r3
10006e2e:	d032      	beq.n	10006e96 <usbd_control_xfer_cb+0xe6>
10006e30:	4a1c      	ldr	r2, [pc, #112]	@ (10006ea4 <usbd_control_xfer_cb+0xf4>)
10006e32:	002b      	movs	r3, r5
10006e34:	0030      	movs	r0, r6
10006e36:	f7ff fee3 	bl	10006c00 <usbd_edpt_xfer>
10006e3a:	e7c9      	b.n	10006dd0 <usbd_control_xfer_cb+0x20>
10006e3c:	6923      	ldr	r3, [r4, #16]
10006e3e:	2b00      	cmp	r3, #0
10006e40:	d005      	beq.n	10006e4e <usbd_control_xfer_cb+0x9e>
10006e42:	0022      	movs	r2, r4
10006e44:	2102      	movs	r1, #2
10006e46:	0030      	movs	r0, r6
10006e48:	4798      	blx	r3
10006e4a:	2800      	cmp	r0, #0
10006e4c:	d00a      	beq.n	10006e64 <usbd_control_xfer_cb+0xb4>
10006e4e:	2180      	movs	r1, #128	@ 0x80
10006e50:	7823      	ldrb	r3, [r4, #0]
10006e52:	2200      	movs	r2, #0
10006e54:	4399      	bics	r1, r3
10006e56:	0030      	movs	r0, r6
10006e58:	2300      	movs	r3, #0
10006e5a:	f7ff fed1 	bl	10006c00 <usbd_edpt_xfer>
10006e5e:	e7b7      	b.n	10006dd0 <usbd_control_xfer_cb+0x20>
10006e60:	2000      	movs	r0, #0
10006e62:	e7b5      	b.n	10006dd0 <usbd_control_xfer_cb+0x20>
10006e64:	2100      	movs	r1, #0
10006e66:	0030      	movs	r0, r6
10006e68:	f7ff f93e 	bl	100060e8 <dcd_edpt_stall>
10006e6c:	0030      	movs	r0, r6
10006e6e:	2180      	movs	r1, #128	@ 0x80
10006e70:	f7ff f93a 	bl	100060e8 <dcd_edpt_stall>
10006e74:	2001      	movs	r0, #1
10006e76:	e7ab      	b.n	10006dd0 <usbd_control_xfer_cb+0x20>
10006e78:	2540      	movs	r5, #64	@ 0x40
10006e7a:	e7d2      	b.n	10006e22 <usbd_control_xfer_cb+0x72>
10006e7c:	429a      	cmp	r2, r3
10006e7e:	d007      	beq.n	10006e90 <usbd_control_xfer_cb+0xe0>
10006e80:	4c08      	ldr	r4, [pc, #32]	@ (10006ea4 <usbd_control_xfer_cb+0xf4>)
10006e82:	002a      	movs	r2, r5
10006e84:	0020      	movs	r0, r4
10006e86:	f7fc ff85 	bl	10003d94 <__wrap___aeabi_memcpy>
10006e8a:	2180      	movs	r1, #128	@ 0x80
10006e8c:	0022      	movs	r2, r4
10006e8e:	e7d0      	b.n	10006e32 <usbd_control_xfer_cb+0x82>
10006e90:	2180      	movs	r1, #128	@ 0x80
10006e92:	2200      	movs	r2, #0
10006e94:	e7cd      	b.n	10006e32 <usbd_control_xfer_cb+0x82>
10006e96:	2200      	movs	r2, #0
10006e98:	e7cb      	b.n	10006e32 <usbd_control_xfer_cb+0x82>
10006e9a:	46c0      	nop			@ (mov r8, r8)
10006e9c:	ffffeed8 	.word	0xffffeed8
10006ea0:	20001e00 	.word	0x20001e00
10006ea4:	20001e9c 	.word	0x20001e9c

10006ea8 <tud_hid_set_protocol_cb>:
10006ea8:	4770      	bx	lr
10006eaa:	46c0      	nop			@ (mov r8, r8)

10006eac <tud_hid_set_idle_cb>:
10006eac:	2001      	movs	r0, #1
10006eae:	4770      	bx	lr

10006eb0 <tud_hid_report_failed_cb>:
10006eb0:	4770      	bx	lr
10006eb2:	46c0      	nop			@ (mov r8, r8)

10006eb4 <tud_hid_n_ready>:
10006eb4:	2200      	movs	r2, #0
10006eb6:	b510      	push	{r4, lr}
10006eb8:	4b0d      	ldr	r3, [pc, #52]	@ (10006ef0 <tud_hid_n_ready+0x3c>)
10006eba:	446b      	add	r3, sp
10006ebc:	601a      	str	r2, [r3, #0]
10006ebe:	0102      	lsls	r2, r0, #4
10006ec0:	4b0c      	ldr	r3, [pc, #48]	@ (10006ef4 <tud_hid_n_ready+0x40>)
10006ec2:	1a10      	subs	r0, r2, r0
10006ec4:	0080      	lsls	r0, r0, #2
10006ec6:	181b      	adds	r3, r3, r0
10006ec8:	785c      	ldrb	r4, [r3, #1]
10006eca:	f7ff f9a3 	bl	10006214 <tud_mounted>
10006ece:	2800      	cmp	r0, #0
10006ed0:	d101      	bne.n	10006ed6 <tud_hid_n_ready+0x22>
10006ed2:	2000      	movs	r0, #0
10006ed4:	bd10      	pop	{r4, pc}
10006ed6:	f7ff f9a5 	bl	10006224 <tud_suspended>
10006eda:	2800      	cmp	r0, #0
10006edc:	d1f9      	bne.n	10006ed2 <tud_hid_n_ready+0x1e>
10006ede:	2c00      	cmp	r4, #0
10006ee0:	d0f7      	beq.n	10006ed2 <tud_hid_n_ready+0x1e>
10006ee2:	0021      	movs	r1, r4
10006ee4:	f7ff feb8 	bl	10006c58 <usbd_edpt_busy>
10006ee8:	2301      	movs	r3, #1
10006eea:	4058      	eors	r0, r3
10006eec:	b2c0      	uxtb	r0, r0
10006eee:	e7f1      	b.n	10006ed4 <tud_hid_n_ready+0x20>
10006ef0:	ffffeed8 	.word	0xffffeed8
10006ef4:	20001e58 	.word	0x20001e58

10006ef8 <tud_hid_n_report>:
10006ef8:	b5f8      	push	{r3, r4, r5, r6, r7, lr}
10006efa:	4657      	mov	r7, sl
10006efc:	464e      	mov	r6, r9
10006efe:	4645      	mov	r5, r8
10006f00:	46de      	mov	lr, fp
10006f02:	4692      	mov	sl, r2
10006f04:	b5e0      	push	{r5, r6, r7, lr}
10006f06:	2200      	movs	r2, #0
10006f08:	001d      	movs	r5, r3
10006f0a:	0006      	movs	r6, r0
10006f0c:	4689      	mov	r9, r1
10006f0e:	4b1d      	ldr	r3, [pc, #116]	@ (10006f84 <tud_hid_n_report+0x8c>)
10006f10:	446b      	add	r3, sp
10006f12:	601a      	str	r2, [r3, #0]
10006f14:	0107      	lsls	r7, r0, #4
10006f16:	4b1c      	ldr	r3, [pc, #112]	@ (10006f88 <tud_hid_n_report+0x90>)
10006f18:	1a3c      	subs	r4, r7, r0
10006f1a:	00a4      	lsls	r4, r4, #2
10006f1c:	4698      	mov	r8, r3
10006f1e:	46a3      	mov	fp, r4
10006f20:	44c3      	add	fp, r8
10006f22:	465b      	mov	r3, fp
10006f24:	2000      	movs	r0, #0
10006f26:	7859      	ldrb	r1, [r3, #1]
10006f28:	f7ff fe50 	bl	10006bcc <usbd_edpt_claim>
10006f2c:	2800      	cmp	r0, #0
10006f2e:	d027      	beq.n	10006f80 <tud_hid_n_report+0x88>
10006f30:	464b      	mov	r3, r9
10006f32:	341c      	adds	r4, #28
10006f34:	4444      	add	r4, r8
10006f36:	2b00      	cmp	r3, #0
10006f38:	d115      	bne.n	10006f66 <tud_hid_n_report+0x6e>
10006f3a:	2d10      	cmp	r5, #16
10006f3c:	d820      	bhi.n	10006f80 <tud_hid_n_report+0x88>
10006f3e:	002a      	movs	r2, r5
10006f40:	4651      	mov	r1, sl
10006f42:	0020      	movs	r0, r4
10006f44:	f7fc ff26 	bl	10003d94 <__wrap___aeabi_memcpy>
10006f48:	1bbf      	subs	r7, r7, r6
10006f4a:	00bf      	lsls	r7, r7, #2
10006f4c:	4447      	add	r7, r8
10006f4e:	002b      	movs	r3, r5
10006f50:	0022      	movs	r2, r4
10006f52:	2000      	movs	r0, #0
10006f54:	7879      	ldrb	r1, [r7, #1]
10006f56:	f7ff fe53 	bl	10006c00 <usbd_edpt_xfer>
10006f5a:	bcf0      	pop	{r4, r5, r6, r7}
10006f5c:	46bb      	mov	fp, r7
10006f5e:	46b2      	mov	sl, r6
10006f60:	46a9      	mov	r9, r5
10006f62:	46a0      	mov	r8, r4
10006f64:	bdf8      	pop	{r3, r4, r5, r6, r7, pc}
10006f66:	465b      	mov	r3, fp
10006f68:	464a      	mov	r2, r9
10006f6a:	1c60      	adds	r0, r4, #1
10006f6c:	771a      	strb	r2, [r3, #28]
10006f6e:	2d0f      	cmp	r5, #15
10006f70:	d806      	bhi.n	10006f80 <tud_hid_n_report+0x88>
10006f72:	002a      	movs	r2, r5
10006f74:	4651      	mov	r1, sl
10006f76:	3501      	adds	r5, #1
10006f78:	f7fc ff0c 	bl	10003d94 <__wrap___aeabi_memcpy>
10006f7c:	b2ad      	uxth	r5, r5
10006f7e:	e7e3      	b.n	10006f48 <tud_hid_n_report+0x50>
10006f80:	2000      	movs	r0, #0
10006f82:	e7ea      	b.n	10006f5a <tud_hid_n_report+0x62>
10006f84:	ffffeed8 	.word	0xffffeed8
10006f88:	20001e58 	.word	0x20001e58

10006f8c <tud_hid_n_keyboard_report>:
10006f8c:	b5f0      	push	{r4, r5, r6, r7, lr}
10006f8e:	464f      	mov	r7, r9
10006f90:	46d6      	mov	lr, sl
10006f92:	4646      	mov	r6, r8
10006f94:	0005      	movs	r5, r0
10006f96:	4689      	mov	r9, r1
10006f98:	0019      	movs	r1, r3
10006f9a:	2300      	movs	r3, #0
10006f9c:	b5c0      	push	{r6, r7, lr}
10006f9e:	4820      	ldr	r0, [pc, #128]	@ (10007020 <tud_hid_n_keyboard_report+0x94>)
10006fa0:	b082      	sub	sp, #8
10006fa2:	4468      	add	r0, sp
10006fa4:	6003      	str	r3, [r0, #0]
10006fa6:	466f      	mov	r7, sp
10006fa8:	703a      	strb	r2, [r7, #0]
10006faa:	707b      	strb	r3, [r7, #1]
10006fac:	2206      	movs	r2, #6
10006fae:	2900      	cmp	r1, #0
10006fb0:	d031      	beq.n	10007016 <tud_hid_n_keyboard_report+0x8a>
10006fb2:	1cb8      	adds	r0, r7, #2
10006fb4:	f7fc feee 	bl	10003d94 <__wrap___aeabi_memcpy>
10006fb8:	012e      	lsls	r6, r5, #4
10006fba:	4b1a      	ldr	r3, [pc, #104]	@ (10007024 <tud_hid_n_keyboard_report+0x98>)
10006fbc:	1b74      	subs	r4, r6, r5
10006fbe:	00a4      	lsls	r4, r4, #2
10006fc0:	4698      	mov	r8, r3
10006fc2:	46a2      	mov	sl, r4
10006fc4:	44c2      	add	sl, r8
10006fc6:	4653      	mov	r3, sl
10006fc8:	2000      	movs	r0, #0
10006fca:	7859      	ldrb	r1, [r3, #1]
10006fcc:	f7ff fdfe 	bl	10006bcc <usbd_edpt_claim>
10006fd0:	2800      	cmp	r0, #0
10006fd2:	d010      	beq.n	10006ff6 <tud_hid_n_keyboard_report+0x6a>
10006fd4:	464b      	mov	r3, r9
10006fd6:	341c      	adds	r4, #28
10006fd8:	4444      	add	r4, r8
10006fda:	2b00      	cmp	r3, #0
10006fdc:	d111      	bne.n	10007002 <tud_hid_n_keyboard_report+0x76>
10006fde:	0023      	movs	r3, r4
10006fe0:	cf06      	ldmia	r7!, {r1, r2}
10006fe2:	c306      	stmia	r3!, {r1, r2}
10006fe4:	2308      	movs	r3, #8
10006fe6:	1b76      	subs	r6, r6, r5
10006fe8:	00b6      	lsls	r6, r6, #2
10006fea:	4446      	add	r6, r8
10006fec:	0022      	movs	r2, r4
10006fee:	2000      	movs	r0, #0
10006ff0:	7871      	ldrb	r1, [r6, #1]
10006ff2:	f7ff fe05 	bl	10006c00 <usbd_edpt_xfer>
10006ff6:	b002      	add	sp, #8
10006ff8:	bce0      	pop	{r5, r6, r7}
10006ffa:	46ba      	mov	sl, r7
10006ffc:	46b1      	mov	r9, r6
10006ffe:	46a8      	mov	r8, r5
10007000:	bdf0      	pop	{r4, r5, r6, r7, pc}
10007002:	4653      	mov	r3, sl
10007004:	464a      	mov	r2, r9
10007006:	0039      	movs	r1, r7
10007008:	771a      	strb	r2, [r3, #28]
1000700a:	1c60      	adds	r0, r4, #1
1000700c:	2208      	movs	r2, #8
1000700e:	f7fc fec1 	bl	10003d94 <__wrap___aeabi_memcpy>
10007012:	2309      	movs	r3, #9
10007014:	e7e7      	b.n	10006fe6 <tud_hid_n_keyboard_report+0x5a>
10007016:	2100      	movs	r1, #0
10007018:	1cb8      	adds	r0, r7, #2
1000701a:	f7fc feb5 	bl	10003d88 <__wrap_memset>
1000701e:	e7cb      	b.n	10006fb8 <tud_hid_n_keyboard_report+0x2c>
10007020:	ffffeed8 	.word	0xffffeed8
10007024:	20001e58 	.word	0x20001e58

10007028 <hidd_init>:
10007028:	2200      	movs	r2, #0
1000702a:	b510      	push	{r4, lr}
1000702c:	4b04      	ldr	r3, [pc, #16]	@ (10007040 <hidd_init+0x18>)
1000702e:	446b      	add	r3, sp
10007030:	601a      	str	r2, [r3, #0]
10007032:	2100      	movs	r1, #0
10007034:	4803      	ldr	r0, [pc, #12]	@ (10007044 <hidd_init+0x1c>)
10007036:	323c      	adds	r2, #60	@ 0x3c
10007038:	f7fc fea6 	bl	10003d88 <__wrap_memset>
1000703c:	bd10      	pop	{r4, pc}
1000703e:	46c0      	nop			@ (mov r8, r8)
10007040:	ffffeed8 	.word	0xffffeed8
10007044:	20001e58 	.word	0x20001e58

10007048 <hidd_deinit>:
10007048:	2001      	movs	r0, #1
1000704a:	4770      	bx	lr

1000704c <hidd_reset>:
1000704c:	2200      	movs	r2, #0
1000704e:	b510      	push	{r4, lr}
10007050:	4b04      	ldr	r3, [pc, #16]	@ (10007064 <hidd_reset+0x18>)
10007052:	446b      	add	r3, sp
10007054:	601a      	str	r2, [r3, #0]
10007056:	2100      	movs	r1, #0
10007058:	4803      	ldr	r0, [pc, #12]	@ (10007068 <hidd_reset+0x1c>)
1000705a:	323c      	adds	r2, #60	@ 0x3c
1000705c:	f7fc fe94 	bl	10003d88 <__wrap_memset>
10007060:	bd10      	pop	{r4, pc}
10007062:	46c0      	nop			@ (mov r8, r8)
10007064:	ffffeed8 	.word	0xffffeed8
10007068:	20001e58 	.word	0x20001e58

1000706c <hidd_open>:
1000706c:	b5f0      	push	{r4, r5, r6, r7, lr}
1000706e:	000d      	movs	r5, r1
10007070:	0006      	movs	r6, r0
10007072:	2100      	movs	r1, #0
10007074:	4b20      	ldr	r3, [pc, #128]	@ (100070f8 <hidd_open+0x8c>)
10007076:	b083      	sub	sp, #12
10007078:	446b      	add	r3, sp
1000707a:	6019      	str	r1, [r3, #0]
1000707c:	796b      	ldrb	r3, [r5, #5]
1000707e:	2b03      	cmp	r3, #3
10007080:	d10f      	bne.n	100070a2 <hidd_open+0x36>
10007082:	7928      	ldrb	r0, [r5, #4]
10007084:	00c4      	lsls	r4, r0, #3
10007086:	1a24      	subs	r4, r4, r0
10007088:	3412      	adds	r4, #18
1000708a:	b2a4      	uxth	r4, r4
1000708c:	4294      	cmp	r4, r2
1000708e:	d808      	bhi.n	100070a2 <hidd_open+0x36>
10007090:	4f1a      	ldr	r7, [pc, #104]	@ (100070fc <hidd_open+0x90>)
10007092:	787b      	ldrb	r3, [r7, #1]
10007094:	2b00      	cmp	r3, #0
10007096:	d104      	bne.n	100070a2 <hidd_open+0x36>
10007098:	7829      	ldrb	r1, [r5, #0]
1000709a:	1869      	adds	r1, r5, r1
1000709c:	784b      	ldrb	r3, [r1, #1]
1000709e:	2b21      	cmp	r3, #33	@ 0x21
100070a0:	d003      	beq.n	100070aa <hidd_open+0x3e>
100070a2:	2400      	movs	r4, #0
100070a4:	0020      	movs	r0, r4
100070a6:	b003      	add	sp, #12
100070a8:	bdf0      	pop	{r4, r5, r6, r7, pc}
100070aa:	60b9      	str	r1, [r7, #8]
100070ac:	780b      	ldrb	r3, [r1, #0]
100070ae:	0002      	movs	r2, r0
100070b0:	18c9      	adds	r1, r1, r3
100070b2:	1c7b      	adds	r3, r7, #1
100070b4:	9301      	str	r3, [sp, #4]
100070b6:	1cbb      	adds	r3, r7, #2
100070b8:	9300      	str	r3, [sp, #0]
100070ba:	0030      	movs	r0, r6
100070bc:	2303      	movs	r3, #3
100070be:	f7ff fd31 	bl	10006b24 <usbd_open_edpt_pair>
100070c2:	2800      	cmp	r0, #0
100070c4:	d0ed      	beq.n	100070a2 <hidd_open+0x36>
100070c6:	79ab      	ldrb	r3, [r5, #6]
100070c8:	2b01      	cmp	r3, #1
100070ca:	d101      	bne.n	100070d0 <hidd_open+0x64>
100070cc:	79eb      	ldrb	r3, [r5, #7]
100070ce:	70fb      	strb	r3, [r7, #3]
100070d0:	2301      	movs	r3, #1
100070d2:	71bb      	strb	r3, [r7, #6]
100070d4:	78ab      	ldrb	r3, [r5, #2]
100070d6:	78b9      	ldrb	r1, [r7, #2]
100070d8:	703b      	strb	r3, [r7, #0]
100070da:	68bb      	ldr	r3, [r7, #8]
100070dc:	79da      	ldrb	r2, [r3, #7]
100070de:	7a1b      	ldrb	r3, [r3, #8]
100070e0:	021b      	lsls	r3, r3, #8
100070e2:	4313      	orrs	r3, r2
100070e4:	80bb      	strh	r3, [r7, #4]
100070e6:	2900      	cmp	r1, #0
100070e8:	d0dc      	beq.n	100070a4 <hidd_open+0x38>
100070ea:	003a      	movs	r2, r7
100070ec:	2310      	movs	r3, #16
100070ee:	0030      	movs	r0, r6
100070f0:	322c      	adds	r2, #44	@ 0x2c
100070f2:	f7ff fd85 	bl	10006c00 <usbd_edpt_xfer>
100070f6:	e7d5      	b.n	100070a4 <hidd_open+0x38>
100070f8:	ffffeed8 	.word	0xffffeed8
100070fc:	20001e58 	.word	0x20001e58

10007100 <hidd_control_xfer_cb>:
10007100:	b5f0      	push	{r4, r5, r6, r7, lr}
10007102:	0014      	movs	r4, r2
10007104:	0005      	movs	r5, r0
10007106:	2200      	movs	r2, #0
10007108:	4b61      	ldr	r3, [pc, #388]	@ (10007290 <hidd_control_xfer_cb+0x190>)
1000710a:	b083      	sub	sp, #12
1000710c:	446b      	add	r3, sp
1000710e:	601a      	str	r2, [r3, #0]
10007110:	231f      	movs	r3, #31
10007112:	7822      	ldrb	r2, [r4, #0]
10007114:	4013      	ands	r3, r2
10007116:	2b01      	cmp	r3, #1
10007118:	d11b      	bne.n	10007152 <hidd_control_xfer_cb+0x52>
1000711a:	4e5e      	ldr	r6, [pc, #376]	@ (10007294 <hidd_control_xfer_cb+0x194>)
1000711c:	7920      	ldrb	r0, [r4, #4]
1000711e:	7833      	ldrb	r3, [r6, #0]
10007120:	4298      	cmp	r0, r3
10007122:	d116      	bne.n	10007152 <hidd_control_xfer_cb+0x52>
10007124:	2360      	movs	r3, #96	@ 0x60
10007126:	0018      	movs	r0, r3
10007128:	4010      	ands	r0, r2
1000712a:	4213      	tst	r3, r2
1000712c:	d008      	beq.n	10007140 <hidd_control_xfer_cb+0x40>
1000712e:	2820      	cmp	r0, #32
10007130:	d10f      	bne.n	10007152 <hidd_control_xfer_cb+0x52>
10007132:	7863      	ldrb	r3, [r4, #1]
10007134:	2b0b      	cmp	r3, #11
10007136:	d80c      	bhi.n	10007152 <hidd_control_xfer_cb+0x52>
10007138:	4a57      	ldr	r2, [pc, #348]	@ (10007298 <hidd_control_xfer_cb+0x198>)
1000713a:	009b      	lsls	r3, r3, #2
1000713c:	58d3      	ldr	r3, [r2, r3]
1000713e:	469f      	mov	pc, r3
10007140:	2901      	cmp	r1, #1
10007142:	d118      	bne.n	10007176 <hidd_control_xfer_cb+0x76>
10007144:	78e3      	ldrb	r3, [r4, #3]
10007146:	78a1      	ldrb	r1, [r4, #2]
10007148:	7862      	ldrb	r2, [r4, #1]
1000714a:	021b      	lsls	r3, r3, #8
1000714c:	430b      	orrs	r3, r1
1000714e:	2a06      	cmp	r2, #6
10007150:	d002      	beq.n	10007158 <hidd_control_xfer_cb+0x58>
10007152:	2000      	movs	r0, #0
10007154:	b003      	add	sp, #12
10007156:	bdf0      	pop	{r4, r5, r6, r7, pc}
10007158:	0a1b      	lsrs	r3, r3, #8
1000715a:	2b21      	cmp	r3, #33	@ 0x21
1000715c:	d100      	bne.n	10007160 <hidd_control_xfer_cb+0x60>
1000715e:	e081      	b.n	10007264 <hidd_control_xfer_cb+0x164>
10007160:	2b22      	cmp	r3, #34	@ 0x22
10007162:	d1f6      	bne.n	10007152 <hidd_control_xfer_cb+0x52>
10007164:	2000      	movs	r0, #0
10007166:	f7f9 f9f3 	bl	10000550 <tud_hid_descriptor_report_cb>
1000716a:	0021      	movs	r1, r4
1000716c:	0002      	movs	r2, r0
1000716e:	88b3      	ldrh	r3, [r6, #4]
10007170:	0028      	movs	r0, r5
10007172:	f7ff fd9b 	bl	10006cac <tud_control_xfer>
10007176:	2001      	movs	r0, #1
10007178:	e7ec      	b.n	10007154 <hidd_control_xfer_cb+0x54>
1000717a:	2901      	cmp	r1, #1
1000717c:	d1fb      	bne.n	10007176 <hidd_control_xfer_cb+0x76>
1000717e:	78e1      	ldrb	r1, [r4, #3]
10007180:	2000      	movs	r0, #0
10007182:	71f1      	strb	r1, [r6, #7]
10007184:	f7ff fe92 	bl	10006eac <tud_hid_set_idle_cb>
10007188:	2800      	cmp	r0, #0
1000718a:	d0e2      	beq.n	10007152 <hidd_control_xfer_cb+0x52>
1000718c:	0021      	movs	r1, r4
1000718e:	0028      	movs	r0, r5
10007190:	f7ff fd70 	bl	10006c74 <tud_control_status>
10007194:	2001      	movs	r0, #1
10007196:	e7dd      	b.n	10007154 <hidd_control_xfer_cb+0x54>
10007198:	2901      	cmp	r1, #1
1000719a:	d06d      	beq.n	10007278 <hidd_control_xfer_cb+0x178>
1000719c:	2903      	cmp	r1, #3
1000719e:	d1ea      	bne.n	10007176 <hidd_control_xfer_cb+0x76>
100071a0:	79e0      	ldrb	r0, [r4, #7]
100071a2:	79a3      	ldrb	r3, [r4, #6]
100071a4:	0200      	lsls	r0, r0, #8
100071a6:	4318      	orrs	r0, r3
100071a8:	78e2      	ldrb	r2, [r4, #3]
100071aa:	78a1      	ldrb	r1, [r4, #2]
100071ac:	1c04      	adds	r4, r0, #0
100071ae:	2810      	cmp	r0, #16
100071b0:	d900      	bls.n	100071b4 <hidd_control_xfer_cb+0xb4>
100071b2:	2410      	movs	r4, #16
100071b4:	4b39      	ldr	r3, [pc, #228]	@ (1000729c <hidd_control_xfer_cb+0x19c>)
100071b6:	b2a4      	uxth	r4, r4
100071b8:	2900      	cmp	r1, #0
100071ba:	d007      	beq.n	100071cc <hidd_control_xfer_cb+0xcc>
100071bc:	2801      	cmp	r0, #1
100071be:	d905      	bls.n	100071cc <hidd_control_xfer_cb+0xcc>
100071c0:	7b30      	ldrb	r0, [r6, #12]
100071c2:	4288      	cmp	r0, r1
100071c4:	d102      	bne.n	100071cc <hidd_control_xfer_cb+0xcc>
100071c6:	3c01      	subs	r4, #1
100071c8:	4b35      	ldr	r3, [pc, #212]	@ (100072a0 <hidd_control_xfer_cb+0x1a0>)
100071ca:	b2a4      	uxth	r4, r4
100071cc:	2000      	movs	r0, #0
100071ce:	9400      	str	r4, [sp, #0]
100071d0:	f7f9 f974 	bl	100004bc <tud_hid_set_report_cb>
100071d4:	2001      	movs	r0, #1
100071d6:	e7bd      	b.n	10007154 <hidd_control_xfer_cb+0x54>
100071d8:	2901      	cmp	r1, #1
100071da:	d0d7      	beq.n	1000718c <hidd_control_xfer_cb+0x8c>
100071dc:	2903      	cmp	r1, #3
100071de:	d1ca      	bne.n	10007176 <hidd_control_xfer_cb+0x76>
100071e0:	78a1      	ldrb	r1, [r4, #2]
100071e2:	2000      	movs	r0, #0
100071e4:	71b1      	strb	r1, [r6, #6]
100071e6:	f7ff fe5f 	bl	10006ea8 <tud_hid_set_protocol_cb>
100071ea:	2001      	movs	r0, #1
100071ec:	e7b2      	b.n	10007154 <hidd_control_xfer_cb+0x54>
100071ee:	2901      	cmp	r1, #1
100071f0:	d1c1      	bne.n	10007176 <hidd_control_xfer_cb+0x76>
100071f2:	79e3      	ldrb	r3, [r4, #7]
100071f4:	79a0      	ldrb	r0, [r4, #6]
100071f6:	021b      	lsls	r3, r3, #8
100071f8:	4303      	orrs	r3, r0
100071fa:	78e2      	ldrb	r2, [r4, #3]
100071fc:	78a1      	ldrb	r1, [r4, #2]
100071fe:	1c18      	adds	r0, r3, #0
10007200:	2b10      	cmp	r3, #16
10007202:	d900      	bls.n	10007206 <hidd_control_xfer_cb+0x106>
10007204:	2010      	movs	r0, #16
10007206:	b280      	uxth	r0, r0
10007208:	2900      	cmp	r1, #0
1000720a:	d03d      	beq.n	10007288 <hidd_control_xfer_cb+0x188>
1000720c:	2b01      	cmp	r3, #1
1000720e:	d93b      	bls.n	10007288 <hidd_control_xfer_cb+0x188>
10007210:	0033      	movs	r3, r6
10007212:	2701      	movs	r7, #1
10007214:	3801      	subs	r0, #1
10007216:	7331      	strb	r1, [r6, #12]
10007218:	b280      	uxth	r0, r0
1000721a:	330d      	adds	r3, #13
1000721c:	9000      	str	r0, [sp, #0]
1000721e:	2000      	movs	r0, #0
10007220:	f7f9 f94a 	bl	100004b8 <tud_hid_get_report_cb>
10007224:	183b      	adds	r3, r7, r0
10007226:	b29b      	uxth	r3, r3
10007228:	2b00      	cmp	r3, #0
1000722a:	d100      	bne.n	1000722e <hidd_control_xfer_cb+0x12e>
1000722c:	e791      	b.n	10007152 <hidd_control_xfer_cb+0x52>
1000722e:	0021      	movs	r1, r4
10007230:	0028      	movs	r0, r5
10007232:	4a1a      	ldr	r2, [pc, #104]	@ (1000729c <hidd_control_xfer_cb+0x19c>)
10007234:	f7ff fd3a 	bl	10006cac <tud_control_xfer>
10007238:	2001      	movs	r0, #1
1000723a:	e78b      	b.n	10007154 <hidd_control_xfer_cb+0x54>
1000723c:	2901      	cmp	r1, #1
1000723e:	d19a      	bne.n	10007176 <hidd_control_xfer_cb+0x76>
10007240:	2301      	movs	r3, #1
10007242:	0021      	movs	r1, r4
10007244:	0028      	movs	r0, r5
10007246:	4a17      	ldr	r2, [pc, #92]	@ (100072a4 <hidd_control_xfer_cb+0x1a4>)
10007248:	f7ff fd30 	bl	10006cac <tud_control_xfer>
1000724c:	2001      	movs	r0, #1
1000724e:	e781      	b.n	10007154 <hidd_control_xfer_cb+0x54>
10007250:	2901      	cmp	r1, #1
10007252:	d190      	bne.n	10007176 <hidd_control_xfer_cb+0x76>
10007254:	2301      	movs	r3, #1
10007256:	0021      	movs	r1, r4
10007258:	0028      	movs	r0, r5
1000725a:	4a13      	ldr	r2, [pc, #76]	@ (100072a8 <hidd_control_xfer_cb+0x1a8>)
1000725c:	f7ff fd26 	bl	10006cac <tud_control_xfer>
10007260:	2001      	movs	r0, #1
10007262:	e777      	b.n	10007154 <hidd_control_xfer_cb+0x54>
10007264:	68b2      	ldr	r2, [r6, #8]
10007266:	2a00      	cmp	r2, #0
10007268:	d100      	bne.n	1000726c <hidd_control_xfer_cb+0x16c>
1000726a:	e772      	b.n	10007152 <hidd_control_xfer_cb+0x52>
1000726c:	0021      	movs	r1, r4
1000726e:	0028      	movs	r0, r5
10007270:	7813      	ldrb	r3, [r2, #0]
10007272:	f7ff fd1b 	bl	10006cac <tud_control_xfer>
10007276:	e76d      	b.n	10007154 <hidd_control_xfer_cb+0x54>
10007278:	79e3      	ldrb	r3, [r4, #7]
1000727a:	79a2      	ldrb	r2, [r4, #6]
1000727c:	021b      	lsls	r3, r3, #8
1000727e:	4313      	orrs	r3, r2
10007280:	2b10      	cmp	r3, #16
10007282:	d900      	bls.n	10007286 <hidd_control_xfer_cb+0x186>
10007284:	e765      	b.n	10007152 <hidd_control_xfer_cb+0x52>
10007286:	e7d2      	b.n	1000722e <hidd_control_xfer_cb+0x12e>
10007288:	2700      	movs	r7, #0
1000728a:	4b04      	ldr	r3, [pc, #16]	@ (1000729c <hidd_control_xfer_cb+0x19c>)
1000728c:	e7c6      	b.n	1000721c <hidd_control_xfer_cb+0x11c>
1000728e:	46c0      	nop			@ (mov r8, r8)
10007290:	ffffeed8 	.word	0xffffeed8
10007294:	20001e58 	.word	0x20001e58
10007298:	1000bd54 	.word	0x1000bd54
1000729c:	20001e64 	.word	0x20001e64
100072a0:	20001e65 	.word	0x20001e65
100072a4:	20001e5e 	.word	0x20001e5e
100072a8:	20001e5f 	.word	0x20001e5f

100072ac <hidd_xfer_cb>:
100072ac:	b570      	push	{r4, r5, r6, lr}
100072ae:	0005      	movs	r5, r0
100072b0:	2400      	movs	r4, #0
100072b2:	481e      	ldr	r0, [pc, #120]	@ (1000732c <hidd_xfer_cb+0x80>)
100072b4:	b082      	sub	sp, #8
100072b6:	4468      	add	r0, sp
100072b8:	6004      	str	r4, [r0, #0]
100072ba:	4c1d      	ldr	r4, [pc, #116]	@ (10007330 <hidd_xfer_cb+0x84>)
100072bc:	78a0      	ldrb	r0, [r4, #2]
100072be:	7866      	ldrb	r6, [r4, #1]
100072c0:	4288      	cmp	r0, r1
100072c2:	d004      	beq.n	100072ce <hidd_xfer_cb+0x22>
100072c4:	2000      	movs	r0, #0
100072c6:	428e      	cmp	r6, r1
100072c8:	d017      	beq.n	100072fa <hidd_xfer_cb+0x4e>
100072ca:	b002      	add	sp, #8
100072cc:	bd70      	pop	{r4, r5, r6, pc}
100072ce:	b29b      	uxth	r3, r3
100072d0:	4286      	cmp	r6, r0
100072d2:	d013      	beq.n	100072fc <hidd_xfer_cb+0x50>
100072d4:	2a00      	cmp	r2, #0
100072d6:	d11a      	bne.n	1000730e <hidd_xfer_cb+0x62>
100072d8:	342c      	adds	r4, #44	@ 0x2c
100072da:	9300      	str	r3, [sp, #0]
100072dc:	2100      	movs	r1, #0
100072de:	0023      	movs	r3, r4
100072e0:	2000      	movs	r0, #0
100072e2:	3202      	adds	r2, #2
100072e4:	f7f9 f8ea 	bl	100004bc <tud_hid_set_report_cb>
100072e8:	4a12      	ldr	r2, [pc, #72]	@ (10007334 <hidd_xfer_cb+0x88>)
100072ea:	0028      	movs	r0, r5
100072ec:	0013      	movs	r3, r2
100072ee:	3b2c      	subs	r3, #44	@ 0x2c
100072f0:	7899      	ldrb	r1, [r3, #2]
100072f2:	2310      	movs	r3, #16
100072f4:	f7ff fc84 	bl	10006c00 <usbd_edpt_xfer>
100072f8:	e7e7      	b.n	100072ca <hidd_xfer_cb+0x1e>
100072fa:	b29b      	uxth	r3, r3
100072fc:	2a00      	cmp	r2, #0
100072fe:	d10d      	bne.n	1000731c <hidd_xfer_cb+0x70>
10007300:	2000      	movs	r0, #0
10007302:	001a      	movs	r2, r3
10007304:	490c      	ldr	r1, [pc, #48]	@ (10007338 <hidd_xfer_cb+0x8c>)
10007306:	f7f9 f8b7 	bl	10000478 <tud_hid_report_complete_cb>
1000730a:	2001      	movs	r0, #1
1000730c:	e7dd      	b.n	100072ca <hidd_xfer_cb+0x1e>
1000730e:	0022      	movs	r2, r4
10007310:	2102      	movs	r1, #2
10007312:	2000      	movs	r0, #0
10007314:	322c      	adds	r2, #44	@ 0x2c
10007316:	f7ff fdcb 	bl	10006eb0 <tud_hid_report_failed_cb>
1000731a:	e7e5      	b.n	100072e8 <hidd_xfer_cb+0x3c>
1000731c:	2000      	movs	r0, #0
1000731e:	2101      	movs	r1, #1
10007320:	4a05      	ldr	r2, [pc, #20]	@ (10007338 <hidd_xfer_cb+0x8c>)
10007322:	f7ff fdc5 	bl	10006eb0 <tud_hid_report_failed_cb>
10007326:	2001      	movs	r0, #1
10007328:	e7cf      	b.n	100072ca <hidd_xfer_cb+0x1e>
1000732a:	46c0      	nop			@ (mov r8, r8)
1000732c:	ffffeed8 	.word	0xffffeed8
10007330:	20001e58 	.word	0x20001e58
10007334:	20001e84 	.word	0x20001e84
10007338:	20001e74 	.word	0x20001e74

1000733c <tusb_init>:
1000733c:	2200      	movs	r2, #0
1000733e:	b510      	push	{r4, lr}
10007340:	4b03      	ldr	r3, [pc, #12]	@ (10007350 <tusb_init+0x14>)
10007342:	446b      	add	r3, sp
10007344:	601a      	str	r2, [r3, #0]
10007346:	2000      	movs	r0, #0
10007348:	f7fe ff92 	bl	10006270 <tud_init>
1000734c:	bd10      	pop	{r4, pc}
1000734e:	46c0      	nop			@ (mov r8, r8)
10007350:	ffffeed8 	.word	0xffffeed8

10007354 <tu_edpt_claim>:
10007354:	b570      	push	{r4, r5, r6, lr}
10007356:	2200      	movs	r2, #0
10007358:	0004      	movs	r4, r0
1000735a:	000e      	movs	r6, r1
1000735c:	4b13      	ldr	r3, [pc, #76]	@ (100073ac <tu_edpt_claim+0x58>)
1000735e:	446b      	add	r3, sp
10007360:	601a      	str	r2, [r3, #0]
10007362:	7803      	ldrb	r3, [r0, #0]
10007364:	07db      	lsls	r3, r3, #31
10007366:	0fdd      	lsrs	r5, r3, #31
10007368:	2b00      	cmp	r3, #0
1000736a:	d117      	bne.n	1000739c <tu_edpt_claim+0x48>
1000736c:	7803      	ldrb	r3, [r0, #0]
1000736e:	075b      	lsls	r3, r3, #29
10007370:	d501      	bpl.n	10007376 <tu_edpt_claim+0x22>
10007372:	0028      	movs	r0, r5
10007374:	bd70      	pop	{r4, r5, r6, pc}
10007376:	2101      	movs	r1, #1
10007378:	0030      	movs	r0, r6
1000737a:	4249      	negs	r1, r1
1000737c:	f000 ffa0 	bl	100082c0 <__mutex_enter_timeout_ms_veneer>
10007380:	7823      	ldrb	r3, [r4, #0]
10007382:	07db      	lsls	r3, r3, #31
10007384:	0fdd      	lsrs	r5, r3, #31
10007386:	2b00      	cmp	r3, #0
10007388:	d10a      	bne.n	100073a0 <tu_edpt_claim+0x4c>
1000738a:	7823      	ldrb	r3, [r4, #0]
1000738c:	075b      	lsls	r3, r3, #29
1000738e:	d408      	bmi.n	100073a2 <tu_edpt_claim+0x4e>
10007390:	2204      	movs	r2, #4
10007392:	7823      	ldrb	r3, [r4, #0]
10007394:	2501      	movs	r5, #1
10007396:	4313      	orrs	r3, r2
10007398:	7023      	strb	r3, [r4, #0]
1000739a:	e002      	b.n	100073a2 <tu_edpt_claim+0x4e>
1000739c:	2500      	movs	r5, #0
1000739e:	e7e8      	b.n	10007372 <tu_edpt_claim+0x1e>
100073a0:	2500      	movs	r5, #0
100073a2:	0030      	movs	r0, r6
100073a4:	f000 ff6c 	bl	10008280 <__mutex_exit_veneer>
100073a8:	e7e3      	b.n	10007372 <tu_edpt_claim+0x1e>
100073aa:	46c0      	nop			@ (mov r8, r8)
100073ac:	ffffeed8 	.word	0xffffeed8

100073b0 <tu_edpt_validate>:
100073b0:	7943      	ldrb	r3, [r0, #5]
100073b2:	7902      	ldrb	r2, [r0, #4]
100073b4:	021b      	lsls	r3, r3, #8
100073b6:	4313      	orrs	r3, r2
100073b8:	78c2      	ldrb	r2, [r0, #3]
100073ba:	055b      	lsls	r3, r3, #21
100073bc:	0792      	lsls	r2, r2, #30
100073be:	0d5b      	lsrs	r3, r3, #21
100073c0:	0f92      	lsrs	r2, r2, #30
100073c2:	2a02      	cmp	r2, #2
100073c4:	d01d      	beq.n	10007402 <tu_edpt_validate+0x52>
100073c6:	2a03      	cmp	r2, #3
100073c8:	d00c      	beq.n	100073e4 <tu_edpt_validate+0x34>
100073ca:	2000      	movs	r0, #0
100073cc:	2a01      	cmp	r2, #1
100073ce:	d108      	bne.n	100073e2 <tu_edpt_validate+0x32>
100073d0:	3902      	subs	r1, #2
100073d2:	424a      	negs	r2, r1
100073d4:	4151      	adcs	r1, r2
100073d6:	4a12      	ldr	r2, [pc, #72]	@ (10007420 <tu_edpt_validate+0x70>)
100073d8:	4694      	mov	ip, r2
100073da:	4461      	add	r1, ip
100073dc:	4299      	cmp	r1, r3
100073de:	4140      	adcs	r0, r0
100073e0:	b2c0      	uxtb	r0, r0
100073e2:	4770      	bx	lr
100073e4:	3902      	subs	r1, #2
100073e6:	1e4a      	subs	r2, r1, #1
100073e8:	4191      	sbcs	r1, r2
100073ea:	4a0e      	ldr	r2, [pc, #56]	@ (10007424 <tu_edpt_validate+0x74>)
100073ec:	4249      	negs	r1, r1
100073ee:	4011      	ands	r1, r2
100073f0:	2280      	movs	r2, #128	@ 0x80
100073f2:	00d2      	lsls	r2, r2, #3
100073f4:	4694      	mov	ip, r2
100073f6:	2000      	movs	r0, #0
100073f8:	4461      	add	r1, ip
100073fa:	4299      	cmp	r1, r3
100073fc:	4140      	adcs	r0, r0
100073fe:	b2c0      	uxtb	r0, r0
10007400:	e7ef      	b.n	100073e2 <tu_edpt_validate+0x32>
10007402:	2902      	cmp	r1, #2
10007404:	d005      	beq.n	10007412 <tu_edpt_validate+0x62>
10007406:	2000      	movs	r0, #0
10007408:	2240      	movs	r2, #64	@ 0x40
1000740a:	429a      	cmp	r2, r3
1000740c:	4140      	adcs	r0, r0
1000740e:	b2c0      	uxtb	r0, r0
10007410:	e7e7      	b.n	100073e2 <tu_edpt_validate+0x32>
10007412:	4a05      	ldr	r2, [pc, #20]	@ (10007428 <tu_edpt_validate+0x78>)
10007414:	1898      	adds	r0, r3, r2
10007416:	4243      	negs	r3, r0
10007418:	4158      	adcs	r0, r3
1000741a:	b2c0      	uxtb	r0, r0
1000741c:	e7e1      	b.n	100073e2 <tu_edpt_validate+0x32>
1000741e:	46c0      	nop			@ (mov r8, r8)
10007420:	000003ff 	.word	0x000003ff
10007424:	fffffc40 	.word	0xfffffc40
10007428:	fffffe00 	.word	0xfffffe00

1000742c <tu_edpt_bind_driver>:
1000742c:	188a      	adds	r2, r1, r2
1000742e:	b570      	push	{r4, r5, r6, lr}
10007430:	4291      	cmp	r1, r2
10007432:	d207      	bcs.n	10007444 <tu_edpt_bind_driver+0x18>
10007434:	267f      	movs	r6, #127	@ 0x7f
10007436:	784c      	ldrb	r4, [r1, #1]
10007438:	2c05      	cmp	r4, #5
1000743a:	d004      	beq.n	10007446 <tu_edpt_bind_driver+0x1a>
1000743c:	780c      	ldrb	r4, [r1, #0]
1000743e:	1909      	adds	r1, r1, r4
10007440:	428a      	cmp	r2, r1
10007442:	d8f8      	bhi.n	10007436 <tu_edpt_bind_driver+0xa>
10007444:	bd70      	pop	{r4, r5, r6, pc}
10007446:	0034      	movs	r4, r6
10007448:	788d      	ldrb	r5, [r1, #2]
1000744a:	402c      	ands	r4, r5
1000744c:	0064      	lsls	r4, r4, #1
1000744e:	1904      	adds	r4, r0, r4
10007450:	09ed      	lsrs	r5, r5, #7
10007452:	5563      	strb	r3, [r4, r5]
10007454:	780c      	ldrb	r4, [r1, #0]
10007456:	1909      	adds	r1, r1, r4
10007458:	428a      	cmp	r2, r1
1000745a:	d8ec      	bhi.n	10007436 <tu_edpt_bind_driver+0xa>
1000745c:	e7f2      	b.n	10007444 <tu_edpt_bind_driver+0x18>
1000745e:	46c0      	nop			@ (mov r8, r8)

10007460 <tu_fifo_read>:
10007460:	b570      	push	{r4, r5, r6, lr}
10007462:	2200      	movs	r2, #0
10007464:	0004      	movs	r4, r0
10007466:	000e      	movs	r6, r1
10007468:	4b26      	ldr	r3, [pc, #152]	@ (10007504 <tu_fifo_read+0xa4>)
1000746a:	446b      	add	r3, sp
1000746c:	601a      	str	r2, [r3, #0]
1000746e:	6900      	ldr	r0, [r0, #16]
10007470:	2800      	cmp	r0, #0
10007472:	d003      	beq.n	1000747c <tu_fifo_read+0x1c>
10007474:	2101      	movs	r1, #1
10007476:	4249      	negs	r1, r1
10007478:	f000 ff22 	bl	100082c0 <__mutex_enter_timeout_ms_veneer>
1000747c:	8925      	ldrh	r5, [r4, #8]
1000747e:	8960      	ldrh	r0, [r4, #10]
10007480:	88a2      	ldrh	r2, [r4, #4]
10007482:	b2a9      	uxth	r1, r5
10007484:	b283      	uxth	r3, r0
10007486:	4285      	cmp	r5, r0
10007488:	d32c      	bcc.n	100074e4 <tu_fifo_read+0x84>
1000748a:	1acd      	subs	r5, r1, r3
1000748c:	b2ad      	uxth	r5, r5
1000748e:	2d00      	cmp	r5, #0
10007490:	d02e      	beq.n	100074f0 <tu_fifo_read+0x90>
10007492:	42aa      	cmp	r2, r5
10007494:	d208      	bcs.n	100074a8 <tu_fifo_read+0x48>
10007496:	4291      	cmp	r1, r2
10007498:	d330      	bcc.n	100074fc <tu_fifo_read+0x9c>
1000749a:	1a89      	subs	r1, r1, r2
1000749c:	b28b      	uxth	r3, r1
1000749e:	8163      	strh	r3, [r4, #10]
100074a0:	429a      	cmp	r2, r3
100074a2:	d803      	bhi.n	100074ac <tu_fifo_read+0x4c>
100074a4:	1a9b      	subs	r3, r3, r2
100074a6:	b29b      	uxth	r3, r3
100074a8:	429a      	cmp	r2, r3
100074aa:	d9fb      	bls.n	100074a4 <tu_fifo_read+0x44>
100074ac:	88e2      	ldrh	r2, [r4, #6]
100074ae:	6821      	ldr	r1, [r4, #0]
100074b0:	0452      	lsls	r2, r2, #17
100074b2:	0c52      	lsrs	r2, r2, #17
100074b4:	4353      	muls	r3, r2
100074b6:	0030      	movs	r0, r6
100074b8:	18c9      	adds	r1, r1, r3
100074ba:	f7fc fc6b 	bl	10003d94 <__wrap___aeabi_memcpy>
100074be:	8963      	ldrh	r3, [r4, #10]
100074c0:	2501      	movs	r5, #1
100074c2:	1c59      	adds	r1, r3, #1
100074c4:	b289      	uxth	r1, r1
100074c6:	88a2      	ldrh	r2, [r4, #4]
100074c8:	428b      	cmp	r3, r1
100074ca:	d913      	bls.n	100074f4 <tu_fifo_read+0x94>
100074cc:	2100      	movs	r1, #0
100074ce:	0052      	lsls	r2, r2, #1
100074d0:	1a89      	subs	r1, r1, r2
100074d2:	b289      	uxth	r1, r1
100074d4:	6920      	ldr	r0, [r4, #16]
100074d6:	8161      	strh	r1, [r4, #10]
100074d8:	2800      	cmp	r0, #0
100074da:	d001      	beq.n	100074e0 <tu_fifo_read+0x80>
100074dc:	f000 fed0 	bl	10008280 <__mutex_exit_veneer>
100074e0:	0028      	movs	r0, r5
100074e2:	bd70      	pop	{r4, r5, r6, pc}
100074e4:	0055      	lsls	r5, r2, #1
100074e6:	1aed      	subs	r5, r5, r3
100074e8:	194d      	adds	r5, r1, r5
100074ea:	b2ad      	uxth	r5, r5
100074ec:	2d00      	cmp	r5, #0
100074ee:	d1d0      	bne.n	10007492 <tu_fifo_read+0x32>
100074f0:	8961      	ldrh	r1, [r4, #10]
100074f2:	b289      	uxth	r1, r1
100074f4:	0052      	lsls	r2, r2, #1
100074f6:	4291      	cmp	r1, r2
100074f8:	dbec      	blt.n	100074d4 <tu_fifo_read+0x74>
100074fa:	e7e9      	b.n	100074d0 <tu_fifo_read+0x70>
100074fc:	1889      	adds	r1, r1, r2
100074fe:	b28b      	uxth	r3, r1
10007500:	8163      	strh	r3, [r4, #10]
10007502:	e7cd      	b.n	100074a0 <tu_fifo_read+0x40>
10007504:	ffffeed8 	.word	0xffffeed8

10007508 <tu_fifo_write>:
10007508:	b5f8      	push	{r3, r4, r5, r6, r7, lr}
1000750a:	2200      	movs	r2, #0
1000750c:	0004      	movs	r4, r0
1000750e:	000e      	movs	r6, r1
10007510:	4b29      	ldr	r3, [pc, #164]	@ (100075b8 <tu_fifo_write+0xb0>)
10007512:	446b      	add	r3, sp
10007514:	601a      	str	r2, [r3, #0]
10007516:	68c0      	ldr	r0, [r0, #12]
10007518:	2800      	cmp	r0, #0
1000751a:	d003      	beq.n	10007524 <tu_fifo_write+0x1c>
1000751c:	2101      	movs	r1, #1
1000751e:	4249      	negs	r1, r1
10007520:	f000 fece 	bl	100082c0 <__mutex_enter_timeout_ms_veneer>
10007524:	8925      	ldrh	r5, [r4, #8]
10007526:	8920      	ldrh	r0, [r4, #8]
10007528:	8961      	ldrh	r1, [r4, #10]
1000752a:	88a2      	ldrh	r2, [r4, #4]
1000752c:	b2ad      	uxth	r5, r5
1000752e:	b283      	uxth	r3, r0
10007530:	b28f      	uxth	r7, r1
10007532:	4288      	cmp	r0, r1
10007534:	d329      	bcc.n	1000758a <tu_fifo_write+0x82>
10007536:	1bdb      	subs	r3, r3, r7
10007538:	b29b      	uxth	r3, r3
1000753a:	429a      	cmp	r2, r3
1000753c:	d809      	bhi.n	10007552 <tu_fifo_write+0x4a>
1000753e:	79e7      	ldrb	r7, [r4, #7]
10007540:	09ff      	lsrs	r7, r7, #7
10007542:	d106      	bne.n	10007552 <tu_fifo_write+0x4a>
10007544:	68e0      	ldr	r0, [r4, #12]
10007546:	2800      	cmp	r0, #0
10007548:	d001      	beq.n	1000754e <tu_fifo_write+0x46>
1000754a:	f000 fe99 	bl	10008280 <__mutex_exit_veneer>
1000754e:	0038      	movs	r0, r7
10007550:	bdf8      	pop	{r3, r4, r5, r6, r7, pc}
10007552:	4295      	cmp	r5, r2
10007554:	d31e      	bcc.n	10007594 <tu_fifo_write+0x8c>
10007556:	002b      	movs	r3, r5
10007558:	1a9b      	subs	r3, r3, r2
1000755a:	b29b      	uxth	r3, r3
1000755c:	4293      	cmp	r3, r2
1000755e:	d2fb      	bcs.n	10007558 <tu_fifo_write+0x50>
10007560:	88e2      	ldrh	r2, [r4, #6]
10007562:	6820      	ldr	r0, [r4, #0]
10007564:	0452      	lsls	r2, r2, #17
10007566:	0c52      	lsrs	r2, r2, #17
10007568:	4353      	muls	r3, r2
1000756a:	0031      	movs	r1, r6
1000756c:	18c0      	adds	r0, r0, r3
1000756e:	f7fc fc11 	bl	10003d94 <__wrap___aeabi_memcpy>
10007572:	1c6b      	adds	r3, r5, #1
10007574:	b29b      	uxth	r3, r3
10007576:	88a2      	ldrh	r2, [r4, #4]
10007578:	429d      	cmp	r5, r3
1000757a:	d918      	bls.n	100075ae <tu_fifo_write+0xa6>
1000757c:	2300      	movs	r3, #0
1000757e:	0052      	lsls	r2, r2, #1
10007580:	1a9b      	subs	r3, r3, r2
10007582:	b29b      	uxth	r3, r3
10007584:	2701      	movs	r7, #1
10007586:	8123      	strh	r3, [r4, #8]
10007588:	e7dc      	b.n	10007544 <tu_fifo_write+0x3c>
1000758a:	0051      	lsls	r1, r2, #1
1000758c:	1bc9      	subs	r1, r1, r7
1000758e:	185b      	adds	r3, r3, r1
10007590:	b29b      	uxth	r3, r3
10007592:	e7d2      	b.n	1000753a <tu_fifo_write+0x32>
10007594:	002b      	movs	r3, r5
10007596:	88e2      	ldrh	r2, [r4, #6]
10007598:	6820      	ldr	r0, [r4, #0]
1000759a:	0452      	lsls	r2, r2, #17
1000759c:	0c52      	lsrs	r2, r2, #17
1000759e:	4353      	muls	r3, r2
100075a0:	0031      	movs	r1, r6
100075a2:	18c0      	adds	r0, r0, r3
100075a4:	f7fc fbf6 	bl	10003d94 <__wrap___aeabi_memcpy>
100075a8:	3501      	adds	r5, #1
100075aa:	88a2      	ldrh	r2, [r4, #4]
100075ac:	b2ab      	uxth	r3, r5
100075ae:	0052      	lsls	r2, r2, #1
100075b0:	4293      	cmp	r3, r2
100075b2:	dbe7      	blt.n	10007584 <tu_fifo_write+0x7c>
100075b4:	e7e4      	b.n	10007580 <tu_fifo_write+0x78>
100075b6:	46c0      	nop			@ (mov r8, r8)
100075b8:	ffffeed8 	.word	0xffffeed8

100075bc <tu_fifo_clear>:
100075bc:	b510      	push	{r4, lr}
100075be:	2200      	movs	r2, #0
100075c0:	0004      	movs	r4, r0
100075c2:	4b10      	ldr	r3, [pc, #64]	@ (10007604 <tu_fifo_clear+0x48>)
100075c4:	446b      	add	r3, sp
100075c6:	601a      	str	r2, [r3, #0]
100075c8:	68c0      	ldr	r0, [r0, #12]
100075ca:	2800      	cmp	r0, #0
100075cc:	d003      	beq.n	100075d6 <tu_fifo_clear+0x1a>
100075ce:	2101      	movs	r1, #1
100075d0:	4249      	negs	r1, r1
100075d2:	f000 fe75 	bl	100082c0 <__mutex_enter_timeout_ms_veneer>
100075d6:	6920      	ldr	r0, [r4, #16]
100075d8:	2800      	cmp	r0, #0
100075da:	d003      	beq.n	100075e4 <tu_fifo_clear+0x28>
100075dc:	2101      	movs	r1, #1
100075de:	4249      	negs	r1, r1
100075e0:	f000 fe6e 	bl	100082c0 <__mutex_enter_timeout_ms_veneer>
100075e4:	2300      	movs	r3, #0
100075e6:	68e0      	ldr	r0, [r4, #12]
100075e8:	8163      	strh	r3, [r4, #10]
100075ea:	8123      	strh	r3, [r4, #8]
100075ec:	2800      	cmp	r0, #0
100075ee:	d001      	beq.n	100075f4 <tu_fifo_clear+0x38>
100075f0:	f000 fe46 	bl	10008280 <__mutex_exit_veneer>
100075f4:	6920      	ldr	r0, [r4, #16]
100075f6:	2800      	cmp	r0, #0
100075f8:	d001      	beq.n	100075fe <tu_fifo_clear+0x42>
100075fa:	f000 fe41 	bl	10008280 <__mutex_exit_veneer>
100075fe:	2001      	movs	r0, #1
10007600:	bd10      	pop	{r4, pc}
10007602:	46c0      	nop			@ (mov r8, r8)
10007604:	ffffeed8 	.word	0xffffeed8

10007608 <board_init>:
10007608:	2200      	movs	r2, #0
1000760a:	b510      	push	{r4, lr}
1000760c:	4b0a      	ldr	r3, [pc, #40]	@ (10007638 <board_init+0x30>)
1000760e:	446b      	add	r3, sp
10007610:	601a      	str	r2, [r3, #0]
10007612:	2019      	movs	r0, #25
10007614:	f7fa f8dc 	bl	100017d0 <gpio_init>
10007618:	23d0      	movs	r3, #208	@ 0xd0
1000761a:	2280      	movs	r2, #128	@ 0x80
1000761c:	21e1      	movs	r1, #225	@ 0xe1
1000761e:	061b      	lsls	r3, r3, #24
10007620:	0492      	lsls	r2, r2, #18
10007622:	625a      	str	r2, [r3, #36]	@ 0x24
10007624:	4805      	ldr	r0, [pc, #20]	@ (1000763c <board_init+0x34>)
10007626:	4b06      	ldr	r3, [pc, #24]	@ (10007640 <board_init+0x38>)
10007628:	2200      	movs	r2, #0
1000762a:	6018      	str	r0, [r3, #0]
1000762c:	0249      	lsls	r1, r1, #9
1000762e:	2301      	movs	r3, #1
10007630:	f7fe fb1c 	bl	10005c6c <stdio_uart_init_full>
10007634:	bd10      	pop	{r4, pc}
10007636:	46c0      	nop			@ (mov r8, r8)
10007638:	ffffeed8 	.word	0xffffeed8
1000763c:	40034000 	.word	0x40034000
10007640:	20002688 	.word	0x20002688

10007644 <board_get_unique_id>:
10007644:	b530      	push	{r4, r5, lr}
10007646:	2200      	movs	r2, #0
10007648:	0005      	movs	r5, r0
1000764a:	000c      	movs	r4, r1
1000764c:	4b08      	ldr	r3, [pc, #32]	@ (10007670 <board_get_unique_id+0x2c>)
1000764e:	b083      	sub	sp, #12
10007650:	446b      	add	r3, sp
10007652:	601a      	str	r2, [r3, #0]
10007654:	4668      	mov	r0, sp
10007656:	f7fe fb3b 	bl	10005cd0 <pico_get_unique_board_id>
1000765a:	2c08      	cmp	r4, #8
1000765c:	d900      	bls.n	10007660 <board_get_unique_id+0x1c>
1000765e:	2408      	movs	r4, #8
10007660:	0022      	movs	r2, r4
10007662:	4669      	mov	r1, sp
10007664:	0028      	movs	r0, r5
10007666:	f7fc fb95 	bl	10003d94 <__wrap___aeabi_memcpy>
1000766a:	0020      	movs	r0, r4
1000766c:	b003      	add	sp, #12
1000766e:	bd30      	pop	{r4, r5, pc}
10007670:	ffffeed8 	.word	0xffffeed8

10007674 <i2c_set_baudrate>:
10007674:	b5f8      	push	{r3, r4, r5, r6, r7, lr}
10007676:	46de      	mov	lr, fp
10007678:	4657      	mov	r7, sl
1000767a:	464e      	mov	r6, r9
1000767c:	4645      	mov	r5, r8
1000767e:	2200      	movs	r2, #0
10007680:	4683      	mov	fp, r0
10007682:	000c      	movs	r4, r1
10007684:	b5e0      	push	{r5, r6, r7, lr}
10007686:	4b29      	ldr	r3, [pc, #164]	@ (1000772c <i2c_set_baudrate+0xb8>)
10007688:	446b      	add	r3, sp
1000768a:	601a      	str	r2, [r3, #0]
1000768c:	2005      	movs	r0, #5
1000768e:	f7fb fa73 	bl	10002b78 <clock_get_hz>
10007692:	0006      	movs	r6, r0
10007694:	0860      	lsrs	r0, r4, #1
10007696:	0021      	movs	r1, r4
10007698:	1980      	adds	r0, r0, r6
1000769a:	f7fb fc6d 	bl	10002f78 <__wrap___aeabi_uidiv>
1000769e:	0043      	lsls	r3, r0, #1
100076a0:	4698      	mov	r8, r3
100076a2:	4480      	add	r8, r0
100076a4:	0007      	movs	r7, r0
100076a6:	2105      	movs	r1, #5
100076a8:	4640      	mov	r0, r8
100076aa:	f7fb fc65 	bl	10002f78 <__wrap___aeabi_uidiv>
100076ae:	1a3b      	subs	r3, r7, r0
100076b0:	469a      	mov	sl, r3
100076b2:	4b1f      	ldr	r3, [pc, #124]	@ (10007730 <i2c_set_baudrate+0xbc>)
100076b4:	4681      	mov	r9, r0
100076b6:	0070      	lsls	r0, r6, #1
100076b8:	1980      	adds	r0, r0, r6
100076ba:	429c      	cmp	r4, r3
100076bc:	d831      	bhi.n	10007722 <i2c_set_baudrate+0xae>
100076be:	491d      	ldr	r1, [pc, #116]	@ (10007734 <i2c_set_baudrate+0xc0>)
100076c0:	f7fb fc5a 	bl	10002f78 <__wrap___aeabi_uidiv>
100076c4:	1c45      	adds	r5, r0, #1
100076c6:	465b      	mov	r3, fp
100076c8:	681c      	ldr	r4, [r3, #0]
100076ca:	2300      	movs	r3, #0
100076cc:	66e3      	str	r3, [r4, #108]	@ 0x6c
100076ce:	6822      	ldr	r2, [r4, #0]
100076d0:	3304      	adds	r3, #4
100076d2:	405a      	eors	r2, r3
100076d4:	3302      	adds	r3, #2
100076d6:	4013      	ands	r3, r2
100076d8:	2280      	movs	r2, #128	@ 0x80
100076da:	0152      	lsls	r2, r2, #5
100076dc:	18a2      	adds	r2, r4, r2
100076de:	6013      	str	r3, [r2, #0]
100076e0:	4653      	mov	r3, sl
100076e2:	61e3      	str	r3, [r4, #28]
100076e4:	464b      	mov	r3, r9
100076e6:	6223      	str	r3, [r4, #32]
100076e8:	4643      	mov	r3, r8
100076ea:	2001      	movs	r0, #1
100076ec:	2b4f      	cmp	r3, #79	@ 0x4f
100076ee:	d903      	bls.n	100076f8 <i2c_set_baudrate+0x84>
100076f0:	2150      	movs	r1, #80	@ 0x50
100076f2:	4640      	mov	r0, r8
100076f4:	f7fb fc40 	bl	10002f78 <__wrap___aeabi_uidiv>
100076f8:	23a0      	movs	r3, #160	@ 0xa0
100076fa:	50e0      	str	r0, [r4, r3]
100076fc:	6fe3      	ldr	r3, [r4, #124]	@ 0x7c
100076fe:	0039      	movs	r1, r7
10007700:	405d      	eors	r5, r3
10007702:	4b0d      	ldr	r3, [pc, #52]	@ (10007738 <i2c_set_baudrate+0xc4>)
10007704:	042d      	lsls	r5, r5, #16
10007706:	0c2d      	lsrs	r5, r5, #16
10007708:	18e3      	adds	r3, r4, r3
1000770a:	601d      	str	r5, [r3, #0]
1000770c:	2301      	movs	r3, #1
1000770e:	0030      	movs	r0, r6
10007710:	66e3      	str	r3, [r4, #108]	@ 0x6c
10007712:	f7fb fc31 	bl	10002f78 <__wrap___aeabi_uidiv>
10007716:	bcf0      	pop	{r4, r5, r6, r7}
10007718:	46bb      	mov	fp, r7
1000771a:	46b2      	mov	sl, r6
1000771c:	46a9      	mov	r9, r5
1000771e:	46a0      	mov	r8, r4
10007720:	bdf8      	pop	{r3, r4, r5, r6, r7, pc}
10007722:	4906      	ldr	r1, [pc, #24]	@ (1000773c <i2c_set_baudrate+0xc8>)
10007724:	f7fb fc28 	bl	10002f78 <__wrap___aeabi_uidiv>
10007728:	1c45      	adds	r5, r0, #1
1000772a:	e7cc      	b.n	100076c6 <i2c_set_baudrate+0x52>
1000772c:	ffffeed8 	.word	0xffffeed8
10007730:	000f423f 	.word	0x000f423f
10007734:	00989680 	.word	0x00989680
10007738:	0000107c 	.word	0x0000107c
1000773c:	017d7840 	.word	0x017d7840

10007740 <i2c_init>:
10007740:	2200      	movs	r2, #0
10007742:	b570      	push	{r4, r5, r6, lr}
10007744:	4b10      	ldr	r3, [pc, #64]	@ (10007788 <i2c_init+0x48>)
10007746:	446b      	add	r3, sp
10007748:	601a      	str	r2, [r3, #0]
1000774a:	4a10      	ldr	r2, [pc, #64]	@ (1000778c <i2c_init+0x4c>)
1000774c:	4c10      	ldr	r4, [pc, #64]	@ (10007790 <i2c_init+0x50>)
1000774e:	1a82      	subs	r2, r0, r2
10007750:	1e53      	subs	r3, r2, #1
10007752:	419a      	sbcs	r2, r3
10007754:	4b0f      	ldr	r3, [pc, #60]	@ (10007794 <i2c_init+0x54>)
10007756:	00d2      	lsls	r2, r2, #3
10007758:	3208      	adds	r2, #8
1000775a:	601a      	str	r2, [r3, #0]
1000775c:	4b0e      	ldr	r3, [pc, #56]	@ (10007798 <i2c_init+0x58>)
1000775e:	601a      	str	r2, [r3, #0]
10007760:	0015      	movs	r5, r2
10007762:	6823      	ldr	r3, [r4, #0]
10007764:	439d      	bics	r5, r3
10007766:	1e2b      	subs	r3, r5, #0
10007768:	d1fa      	bne.n	10007760 <i2c_init+0x20>
1000776a:	2466      	movs	r4, #102	@ 0x66
1000776c:	6802      	ldr	r2, [r0, #0]
1000776e:	34ff      	adds	r4, #255	@ 0xff
10007770:	7105      	strb	r5, [r0, #4]
10007772:	66d5      	str	r5, [r2, #108]	@ 0x6c
10007774:	6014      	str	r4, [r2, #0]
10007776:	3c63      	subs	r4, #99	@ 0x63
10007778:	3388      	adds	r3, #136	@ 0x88
1000777a:	3cff      	subs	r4, #255	@ 0xff
1000777c:	63d5      	str	r5, [r2, #60]	@ 0x3c
1000777e:	6395      	str	r5, [r2, #56]	@ 0x38
10007780:	50d4      	str	r4, [r2, r3]
10007782:	f7ff ff77 	bl	10007674 <i2c_set_baudrate>
10007786:	bd70      	pop	{r4, r5, r6, pc}
10007788:	ffffeed8 	.word	0xffffeed8
1000778c:	20001200 	.word	0x20001200
10007790:	4000c008 	.word	0x4000c008
10007794:	4000e000 	.word	0x4000e000
10007798:	4000f000 	.word	0x4000f000

1000779c <i2c_write_blocking>:
1000779c:	b5f0      	push	{r4, r5, r6, r7, lr}
1000779e:	4657      	mov	r7, sl
100077a0:	464e      	mov	r6, r9
100077a2:	46de      	mov	lr, fp
100077a4:	4645      	mov	r5, r8
100077a6:	4684      	mov	ip, r0
100077a8:	b5e0      	push	{r5, r6, r7, lr}
100077aa:	b083      	sub	sp, #12
100077ac:	001f      	movs	r7, r3
100077ae:	ab0c      	add	r3, sp, #48	@ 0x30
100077b0:	7818      	ldrb	r0, [r3, #0]
100077b2:	4663      	mov	r3, ip
100077b4:	4691      	mov	r9, r2
100077b6:	2200      	movs	r2, #0
100077b8:	681b      	ldr	r3, [r3, #0]
100077ba:	9001      	str	r0, [sp, #4]
100077bc:	66da      	str	r2, [r3, #108]	@ 0x6c
100077be:	3201      	adds	r2, #1
100077c0:	6059      	str	r1, [r3, #4]
100077c2:	66da      	str	r2, [r3, #108]	@ 0x6c
100077c4:	2f00      	cmp	r7, #0
100077c6:	dd4f      	ble.n	10007868 <i2c_write_blocking+0xcc>
100077c8:	1e7a      	subs	r2, r7, #1
100077ca:	4690      	mov	r8, r2
100077cc:	4662      	mov	r2, ip
100077ce:	7912      	ldrb	r2, [r2, #4]
100077d0:	2601      	movs	r6, #1
100077d2:	0292      	lsls	r2, r2, #10
100077d4:	2480      	movs	r4, #128	@ 0x80
100077d6:	4693      	mov	fp, r2
100077d8:	003a      	movs	r2, r7
100077da:	4046      	eors	r6, r0
100077dc:	0276      	lsls	r6, r6, #9
100077de:	2580      	movs	r5, #128	@ 0x80
100077e0:	0037      	movs	r7, r6
100077e2:	2000      	movs	r0, #0
100077e4:	4646      	mov	r6, r8
100077e6:	2110      	movs	r1, #16
100077e8:	46a2      	mov	sl, r4
100077ea:	4690      	mov	r8, r2
100077ec:	00ad      	lsls	r5, r5, #2
100077ee:	1b84      	subs	r4, r0, r6
100077f0:	4262      	negs	r2, r4
100077f2:	4154      	adcs	r4, r2
100077f4:	464a      	mov	r2, r9
100077f6:	4264      	negs	r4, r4
100077f8:	403c      	ands	r4, r7
100077fa:	9400      	str	r4, [sp, #0]
100077fc:	465c      	mov	r4, fp
100077fe:	5c12      	ldrb	r2, [r2, r0]
10007800:	4322      	orrs	r2, r4
10007802:	9c00      	ldr	r4, [sp, #0]
10007804:	4322      	orrs	r2, r4
10007806:	611a      	str	r2, [r3, #16]
10007808:	6b5a      	ldr	r2, [r3, #52]	@ 0x34
1000780a:	4211      	tst	r1, r2
1000780c:	d0fc      	beq.n	10007808 <i2c_write_blocking+0x6c>
1000780e:	4652      	mov	r2, sl
10007810:	589c      	ldr	r4, [r3, r2]
10007812:	2c00      	cmp	r4, #0
10007814:	d110      	bne.n	10007838 <i2c_write_blocking+0x9c>
10007816:	42b0      	cmp	r0, r6
10007818:	d021      	beq.n	1000785e <i2c_write_blocking+0xc2>
1000781a:	2200      	movs	r2, #0
1000781c:	3001      	adds	r0, #1
1000781e:	4693      	mov	fp, r2
10007820:	4580      	cmp	r8, r0
10007822:	d1e4      	bne.n	100077ee <i2c_write_blocking+0x52>
10007824:	4663      	mov	r3, ip
10007826:	9a01      	ldr	r2, [sp, #4]
10007828:	711a      	strb	r2, [r3, #4]
1000782a:	b003      	add	sp, #12
1000782c:	bcf0      	pop	{r4, r5, r6, r7}
1000782e:	46bb      	mov	fp, r7
10007830:	46b2      	mov	sl, r6
10007832:	46a9      	mov	r9, r5
10007834:	46a0      	mov	r8, r4
10007836:	bdf0      	pop	{r4, r5, r6, r7, pc}
10007838:	6d5a      	ldr	r2, [r3, #84]	@ 0x54
1000783a:	2201      	movs	r2, #1
1000783c:	4693      	mov	fp, r2
1000783e:	6b5a      	ldr	r2, [r3, #52]	@ 0x34
10007840:	422a      	tst	r2, r5
10007842:	d0fc      	beq.n	1000783e <i2c_write_blocking+0xa2>
10007844:	6e1a      	ldr	r2, [r3, #96]	@ 0x60
10007846:	465a      	mov	r2, fp
10007848:	2a00      	cmp	r2, #0
1000784a:	d0e6      	beq.n	1000781a <i2c_write_blocking+0x7e>
1000784c:	2c00      	cmp	r4, #0
1000784e:	d003      	beq.n	10007858 <i2c_write_blocking+0xbc>
10007850:	07e3      	lsls	r3, r4, #31
10007852:	d401      	bmi.n	10007858 <i2c_write_blocking+0xbc>
10007854:	0724      	lsls	r4, r4, #28
10007856:	d4e5      	bmi.n	10007824 <i2c_write_blocking+0x88>
10007858:	2001      	movs	r0, #1
1000785a:	4240      	negs	r0, r0
1000785c:	e7e2      	b.n	10007824 <i2c_write_blocking+0x88>
1000785e:	9a01      	ldr	r2, [sp, #4]
10007860:	2a00      	cmp	r2, #0
10007862:	d1da      	bne.n	1000781a <i2c_write_blocking+0x7e>
10007864:	4693      	mov	fp, r2
10007866:	e7ea      	b.n	1000783e <i2c_write_blocking+0xa2>
10007868:	2000      	movs	r0, #0
1000786a:	e7db      	b.n	10007824 <i2c_write_blocking+0x88>

1000786c <_malloc_r>:
1000786c:	b5f0      	push	{r4, r5, r6, r7, lr}
1000786e:	464e      	mov	r6, r9
10007870:	4645      	mov	r5, r8
10007872:	46de      	mov	lr, fp
10007874:	4657      	mov	r7, sl
10007876:	b5e0      	push	{r5, r6, r7, lr}
10007878:	000d      	movs	r5, r1
1000787a:	350b      	adds	r5, #11
1000787c:	0006      	movs	r6, r0
1000787e:	b085      	sub	sp, #20
10007880:	2d16      	cmp	r5, #22
10007882:	d827      	bhi.n	100078d4 <_malloc_r+0x68>
10007884:	2910      	cmp	r1, #16
10007886:	d900      	bls.n	1000788a <_malloc_r+0x1e>
10007888:	e0da      	b.n	10007a40 <_malloc_r+0x1d4>
1000788a:	f000 fc2f 	bl	100080ec <__malloc_lock>
1000788e:	2510      	movs	r5, #16
10007890:	2318      	movs	r3, #24
10007892:	2102      	movs	r1, #2
10007894:	4fc8      	ldr	r7, [pc, #800]	@ (10007bb8 <_malloc_r+0x34c>)
10007896:	18fb      	adds	r3, r7, r3
10007898:	001a      	movs	r2, r3
1000789a:	685c      	ldr	r4, [r3, #4]
1000789c:	3a08      	subs	r2, #8
1000789e:	4294      	cmp	r4, r2
100078a0:	d100      	bne.n	100078a4 <_malloc_r+0x38>
100078a2:	e147      	b.n	10007b34 <_malloc_r+0x2c8>
100078a4:	2203      	movs	r2, #3
100078a6:	6863      	ldr	r3, [r4, #4]
100078a8:	68a1      	ldr	r1, [r4, #8]
100078aa:	4393      	bics	r3, r2
100078ac:	68e2      	ldr	r2, [r4, #12]
100078ae:	60ca      	str	r2, [r1, #12]
100078b0:	6091      	str	r1, [r2, #8]
100078b2:	2101      	movs	r1, #1
100078b4:	18e3      	adds	r3, r4, r3
100078b6:	685a      	ldr	r2, [r3, #4]
100078b8:	0030      	movs	r0, r6
100078ba:	430a      	orrs	r2, r1
100078bc:	605a      	str	r2, [r3, #4]
100078be:	f000 fc17 	bl	100080f0 <__malloc_unlock>
100078c2:	0020      	movs	r0, r4
100078c4:	3008      	adds	r0, #8
100078c6:	b005      	add	sp, #20
100078c8:	bcf0      	pop	{r4, r5, r6, r7}
100078ca:	46bb      	mov	fp, r7
100078cc:	46b2      	mov	sl, r6
100078ce:	46a9      	mov	r9, r5
100078d0:	46a0      	mov	r8, r4
100078d2:	bdf0      	pop	{r4, r5, r6, r7, pc}
100078d4:	2307      	movs	r3, #7
100078d6:	439d      	bics	r5, r3
100078d8:	d500      	bpl.n	100078dc <_malloc_r+0x70>
100078da:	e0b1      	b.n	10007a40 <_malloc_r+0x1d4>
100078dc:	42a9      	cmp	r1, r5
100078de:	d900      	bls.n	100078e2 <_malloc_r+0x76>
100078e0:	e0ae      	b.n	10007a40 <_malloc_r+0x1d4>
100078e2:	f000 fc03 	bl	100080ec <__malloc_lock>
100078e6:	23fc      	movs	r3, #252	@ 0xfc
100078e8:	005b      	lsls	r3, r3, #1
100078ea:	429d      	cmp	r5, r3
100078ec:	d200      	bcs.n	100078f0 <_malloc_r+0x84>
100078ee:	e196      	b.n	10007c1e <_malloc_r+0x3b2>
100078f0:	0a69      	lsrs	r1, r5, #9
100078f2:	d100      	bne.n	100078f6 <_malloc_r+0x8a>
100078f4:	e0a8      	b.n	10007a48 <_malloc_r+0x1dc>
100078f6:	2904      	cmp	r1, #4
100078f8:	d900      	bls.n	100078fc <_malloc_r+0x90>
100078fa:	e150      	b.n	10007b9e <_malloc_r+0x332>
100078fc:	2338      	movs	r3, #56	@ 0x38
100078fe:	4698      	mov	r8, r3
10007900:	09a9      	lsrs	r1, r5, #6
10007902:	4488      	add	r8, r1
10007904:	3139      	adds	r1, #57	@ 0x39
10007906:	00cb      	lsls	r3, r1, #3
10007908:	2208      	movs	r2, #8
1000790a:	4252      	negs	r2, r2
1000790c:	4694      	mov	ip, r2
1000790e:	4faa      	ldr	r7, [pc, #680]	@ (10007bb8 <_malloc_r+0x34c>)
10007910:	18fb      	adds	r3, r7, r3
10007912:	449c      	add	ip, r3
10007914:	4663      	mov	r3, ip
10007916:	68dc      	ldr	r4, [r3, #12]
10007918:	45a4      	cmp	ip, r4
1000791a:	d014      	beq.n	10007946 <_malloc_r+0xda>
1000791c:	2303      	movs	r3, #3
1000791e:	4699      	mov	r9, r3
10007920:	000b      	movs	r3, r1
10007922:	4661      	mov	r1, ip
10007924:	469c      	mov	ip, r3
10007926:	e007      	b.n	10007938 <_malloc_r+0xcc>
10007928:	68e0      	ldr	r0, [r4, #12]
1000792a:	2a00      	cmp	r2, #0
1000792c:	db00      	blt.n	10007930 <_malloc_r+0xc4>
1000792e:	e0fb      	b.n	10007b28 <_malloc_r+0x2bc>
10007930:	4281      	cmp	r1, r0
10007932:	d100      	bne.n	10007936 <_malloc_r+0xca>
10007934:	e0fc      	b.n	10007b30 <_malloc_r+0x2c4>
10007936:	0004      	movs	r4, r0
10007938:	464a      	mov	r2, r9
1000793a:	6863      	ldr	r3, [r4, #4]
1000793c:	4393      	bics	r3, r2
1000793e:	1b5a      	subs	r2, r3, r5
10007940:	2a0f      	cmp	r2, #15
10007942:	ddf1      	ble.n	10007928 <_malloc_r+0xbc>
10007944:	4641      	mov	r1, r8
10007946:	003a      	movs	r2, r7
10007948:	693c      	ldr	r4, [r7, #16]
1000794a:	3208      	adds	r2, #8
1000794c:	4294      	cmp	r4, r2
1000794e:	d100      	bne.n	10007952 <_malloc_r+0xe6>
10007950:	e0d9      	b.n	10007b06 <_malloc_r+0x29a>
10007952:	2003      	movs	r0, #3
10007954:	6863      	ldr	r3, [r4, #4]
10007956:	4383      	bics	r3, r0
10007958:	1b58      	subs	r0, r3, r5
1000795a:	280f      	cmp	r0, #15
1000795c:	dd00      	ble.n	10007960 <_malloc_r+0xf4>
1000795e:	e162      	b.n	10007c26 <_malloc_r+0x3ba>
10007960:	613a      	str	r2, [r7, #16]
10007962:	617a      	str	r2, [r7, #20]
10007964:	2800      	cmp	r0, #0
10007966:	daa4      	bge.n	100078b2 <_malloc_r+0x46>
10007968:	687a      	ldr	r2, [r7, #4]
1000796a:	4690      	mov	r8, r2
1000796c:	2280      	movs	r2, #128	@ 0x80
1000796e:	0092      	lsls	r2, r2, #2
10007970:	4293      	cmp	r3, r2
10007972:	d300      	bcc.n	10007976 <_malloc_r+0x10a>
10007974:	e0e4      	b.n	10007b40 <_malloc_r+0x2d4>
10007976:	08da      	lsrs	r2, r3, #3
10007978:	0958      	lsrs	r0, r3, #5
1000797a:	2301      	movs	r3, #1
1000797c:	4083      	lsls	r3, r0
1000797e:	4640      	mov	r0, r8
10007980:	4318      	orrs	r0, r3
10007982:	4680      	mov	r8, r0
10007984:	00d3      	lsls	r3, r2, #3
10007986:	19db      	adds	r3, r3, r7
10007988:	689a      	ldr	r2, [r3, #8]
1000798a:	6078      	str	r0, [r7, #4]
1000798c:	60e3      	str	r3, [r4, #12]
1000798e:	60a2      	str	r2, [r4, #8]
10007990:	609c      	str	r4, [r3, #8]
10007992:	60d4      	str	r4, [r2, #12]
10007994:	2001      	movs	r0, #1
10007996:	108b      	asrs	r3, r1, #2
10007998:	4098      	lsls	r0, r3
1000799a:	4540      	cmp	r0, r8
1000799c:	d85c      	bhi.n	10007a58 <_malloc_r+0x1ec>
1000799e:	4643      	mov	r3, r8
100079a0:	4203      	tst	r3, r0
100079a2:	d10a      	bne.n	100079ba <_malloc_r+0x14e>
100079a4:	2303      	movs	r3, #3
100079a6:	4399      	bics	r1, r3
100079a8:	4643      	mov	r3, r8
100079aa:	0040      	lsls	r0, r0, #1
100079ac:	3104      	adds	r1, #4
100079ae:	4203      	tst	r3, r0
100079b0:	d103      	bne.n	100079ba <_malloc_r+0x14e>
100079b2:	0040      	lsls	r0, r0, #1
100079b4:	3104      	adds	r1, #4
100079b6:	4203      	tst	r3, r0
100079b8:	d0fb      	beq.n	100079b2 <_malloc_r+0x146>
100079ba:	2303      	movs	r3, #3
100079bc:	46b3      	mov	fp, r6
100079be:	469c      	mov	ip, r3
100079c0:	000e      	movs	r6, r1
100079c2:	46b8      	mov	r8, r7
100079c4:	9001      	str	r0, [sp, #4]
100079c6:	00f0      	lsls	r0, r6, #3
100079c8:	4440      	add	r0, r8
100079ca:	0001      	movs	r1, r0
100079cc:	46b2      	mov	sl, r6
100079ce:	68cb      	ldr	r3, [r1, #12]
100079d0:	e00b      	b.n	100079ea <_malloc_r+0x17e>
100079d2:	4664      	mov	r4, ip
100079d4:	685a      	ldr	r2, [r3, #4]
100079d6:	001f      	movs	r7, r3
100079d8:	43a2      	bics	r2, r4
100079da:	68db      	ldr	r3, [r3, #12]
100079dc:	1b54      	subs	r4, r2, r5
100079de:	2c0f      	cmp	r4, #15
100079e0:	dd00      	ble.n	100079e4 <_malloc_r+0x178>
100079e2:	e0ef      	b.n	10007bc4 <_malloc_r+0x358>
100079e4:	2c00      	cmp	r4, #0
100079e6:	db00      	blt.n	100079ea <_malloc_r+0x17e>
100079e8:	e109      	b.n	10007bfe <_malloc_r+0x392>
100079ea:	4299      	cmp	r1, r3
100079ec:	d1f1      	bne.n	100079d2 <_malloc_r+0x166>
100079ee:	2301      	movs	r3, #1
100079f0:	4699      	mov	r9, r3
100079f2:	44ca      	add	sl, r9
100079f4:	4653      	mov	r3, sl
100079f6:	3108      	adds	r1, #8
100079f8:	079b      	lsls	r3, r3, #30
100079fa:	d1e8      	bne.n	100079ce <_malloc_r+0x162>
100079fc:	2203      	movs	r2, #3
100079fe:	e005      	b.n	10007a0c <_malloc_r+0x1a0>
10007a00:	6803      	ldr	r3, [r0, #0]
10007a02:	3808      	subs	r0, #8
10007a04:	3e01      	subs	r6, #1
10007a06:	4283      	cmp	r3, r0
10007a08:	d000      	beq.n	10007a0c <_malloc_r+0x1a0>
10007a0a:	e203      	b.n	10007e14 <_malloc_r+0x5a8>
10007a0c:	4232      	tst	r2, r6
10007a0e:	d1f7      	bne.n	10007a00 <_malloc_r+0x194>
10007a10:	4643      	mov	r3, r8
10007a12:	9a01      	ldr	r2, [sp, #4]
10007a14:	685b      	ldr	r3, [r3, #4]
10007a16:	4393      	bics	r3, r2
10007a18:	4642      	mov	r2, r8
10007a1a:	6053      	str	r3, [r2, #4]
10007a1c:	9a01      	ldr	r2, [sp, #4]
10007a1e:	0052      	lsls	r2, r2, #1
10007a20:	9201      	str	r2, [sp, #4]
10007a22:	429a      	cmp	r2, r3
10007a24:	d816      	bhi.n	10007a54 <_malloc_r+0x1e8>
10007a26:	2a00      	cmp	r2, #0
10007a28:	d106      	bne.n	10007a38 <_malloc_r+0x1cc>
10007a2a:	e013      	b.n	10007a54 <_malloc_r+0x1e8>
10007a2c:	2204      	movs	r2, #4
10007a2e:	4691      	mov	r9, r2
10007a30:	9a01      	ldr	r2, [sp, #4]
10007a32:	44ca      	add	sl, r9
10007a34:	0052      	lsls	r2, r2, #1
10007a36:	9201      	str	r2, [sp, #4]
10007a38:	4213      	tst	r3, r2
10007a3a:	d0f7      	beq.n	10007a2c <_malloc_r+0x1c0>
10007a3c:	4656      	mov	r6, sl
10007a3e:	e7c2      	b.n	100079c6 <_malloc_r+0x15a>
10007a40:	230c      	movs	r3, #12
10007a42:	2000      	movs	r0, #0
10007a44:	6033      	str	r3, [r6, #0]
10007a46:	e73e      	b.n	100078c6 <_malloc_r+0x5a>
10007a48:	2380      	movs	r3, #128	@ 0x80
10007a4a:	223f      	movs	r2, #63	@ 0x3f
10007a4c:	2140      	movs	r1, #64	@ 0x40
10007a4e:	4690      	mov	r8, r2
10007a50:	009b      	lsls	r3, r3, #2
10007a52:	e759      	b.n	10007908 <_malloc_r+0x9c>
10007a54:	465e      	mov	r6, fp
10007a56:	4647      	mov	r7, r8
10007a58:	2203      	movs	r2, #3
10007a5a:	68bc      	ldr	r4, [r7, #8]
10007a5c:	6863      	ldr	r3, [r4, #4]
10007a5e:	4393      	bics	r3, r2
10007a60:	469a      	mov	sl, r3
10007a62:	42ab      	cmp	r3, r5
10007a64:	d302      	bcc.n	10007a6c <_malloc_r+0x200>
10007a66:	1b5a      	subs	r2, r3, r5
10007a68:	2a0f      	cmp	r2, #15
10007a6a:	dc4f      	bgt.n	10007b0c <_malloc_r+0x2a0>
10007a6c:	0023      	movs	r3, r4
10007a6e:	4453      	add	r3, sl
10007a70:	9302      	str	r3, [sp, #8]
10007a72:	4b52      	ldr	r3, [pc, #328]	@ (10007bbc <_malloc_r+0x350>)
10007a74:	2008      	movs	r0, #8
10007a76:	4699      	mov	r9, r3
10007a78:	681b      	ldr	r3, [r3, #0]
10007a7a:	3310      	adds	r3, #16
10007a7c:	195b      	adds	r3, r3, r5
10007a7e:	9301      	str	r3, [sp, #4]
10007a80:	f000 fb26 	bl	100080d0 <sysconf>
10007a84:	494e      	ldr	r1, [pc, #312]	@ (10007bc0 <_malloc_r+0x354>)
10007a86:	9003      	str	r0, [sp, #12]
10007a88:	680b      	ldr	r3, [r1, #0]
10007a8a:	468b      	mov	fp, r1
10007a8c:	3301      	adds	r3, #1
10007a8e:	d006      	beq.n	10007a9e <_malloc_r+0x232>
10007a90:	4684      	mov	ip, r0
10007a92:	9b01      	ldr	r3, [sp, #4]
10007a94:	4242      	negs	r2, r0
10007a96:	3b01      	subs	r3, #1
10007a98:	4463      	add	r3, ip
10007a9a:	4013      	ands	r3, r2
10007a9c:	9301      	str	r3, [sp, #4]
10007a9e:	0030      	movs	r0, r6
10007aa0:	9901      	ldr	r1, [sp, #4]
10007aa2:	f000 fb5d 	bl	10008160 <_sbrk_r>
10007aa6:	0003      	movs	r3, r0
10007aa8:	4680      	mov	r8, r0
10007aaa:	3301      	adds	r3, #1
10007aac:	d100      	bne.n	10007ab0 <_malloc_r+0x244>
10007aae:	e0d8      	b.n	10007c62 <_malloc_r+0x3f6>
10007ab0:	9b02      	ldr	r3, [sp, #8]
10007ab2:	4283      	cmp	r3, r0
10007ab4:	d900      	bls.n	10007ab8 <_malloc_r+0x24c>
10007ab6:	e0d2      	b.n	10007c5e <_malloc_r+0x3f2>
10007ab8:	464b      	mov	r3, r9
10007aba:	9901      	ldr	r1, [sp, #4]
10007abc:	685a      	ldr	r2, [r3, #4]
10007abe:	468c      	mov	ip, r1
10007ac0:	4462      	add	r2, ip
10007ac2:	9903      	ldr	r1, [sp, #12]
10007ac4:	605a      	str	r2, [r3, #4]
10007ac6:	9b02      	ldr	r3, [sp, #8]
10007ac8:	0010      	movs	r0, r2
10007aca:	3901      	subs	r1, #1
10007acc:	4543      	cmp	r3, r8
10007ace:	d000      	beq.n	10007ad2 <_malloc_r+0x266>
10007ad0:	e0e5      	b.n	10007c9e <_malloc_r+0x432>
10007ad2:	4643      	mov	r3, r8
10007ad4:	420b      	tst	r3, r1
10007ad6:	d000      	beq.n	10007ada <_malloc_r+0x26e>
10007ad8:	e0e1      	b.n	10007c9e <_malloc_r+0x432>
10007ada:	68bb      	ldr	r3, [r7, #8]
10007adc:	2101      	movs	r1, #1
10007ade:	4698      	mov	r8, r3
10007ae0:	4663      	mov	r3, ip
10007ae2:	4453      	add	r3, sl
10007ae4:	430b      	orrs	r3, r1
10007ae6:	4641      	mov	r1, r8
10007ae8:	604b      	str	r3, [r1, #4]
10007aea:	4649      	mov	r1, r9
10007aec:	6ac9      	ldr	r1, [r1, #44]	@ 0x2c
10007aee:	4291      	cmp	r1, r2
10007af0:	d201      	bcs.n	10007af6 <_malloc_r+0x28a>
10007af2:	4649      	mov	r1, r9
10007af4:	62ca      	str	r2, [r1, #44]	@ 0x2c
10007af6:	4649      	mov	r1, r9
10007af8:	6b09      	ldr	r1, [r1, #48]	@ 0x30
10007afa:	4291      	cmp	r1, r2
10007afc:	d201      	bcs.n	10007b02 <_malloc_r+0x296>
10007afe:	4649      	mov	r1, r9
10007b00:	630a      	str	r2, [r1, #48]	@ 0x30
10007b02:	4644      	mov	r4, r8
10007b04:	e0af      	b.n	10007c66 <_malloc_r+0x3fa>
10007b06:	687b      	ldr	r3, [r7, #4]
10007b08:	4698      	mov	r8, r3
10007b0a:	e743      	b.n	10007994 <_malloc_r+0x128>
10007b0c:	2301      	movs	r3, #1
10007b0e:	0029      	movs	r1, r5
10007b10:	431a      	orrs	r2, r3
10007b12:	4319      	orrs	r1, r3
10007b14:	1965      	adds	r5, r4, r5
10007b16:	6061      	str	r1, [r4, #4]
10007b18:	0030      	movs	r0, r6
10007b1a:	60bd      	str	r5, [r7, #8]
10007b1c:	606a      	str	r2, [r5, #4]
10007b1e:	f000 fae7 	bl	100080f0 <__malloc_unlock>
10007b22:	0020      	movs	r0, r4
10007b24:	3008      	adds	r0, #8
10007b26:	e6ce      	b.n	100078c6 <_malloc_r+0x5a>
10007b28:	68a2      	ldr	r2, [r4, #8]
10007b2a:	60d0      	str	r0, [r2, #12]
10007b2c:	6082      	str	r2, [r0, #8]
10007b2e:	e6c0      	b.n	100078b2 <_malloc_r+0x46>
10007b30:	4661      	mov	r1, ip
10007b32:	e708      	b.n	10007946 <_malloc_r+0xda>
10007b34:	68dc      	ldr	r4, [r3, #12]
10007b36:	3102      	adds	r1, #2
10007b38:	42a3      	cmp	r3, r4
10007b3a:	d100      	bne.n	10007b3e <_malloc_r+0x2d2>
10007b3c:	e703      	b.n	10007946 <_malloc_r+0xda>
10007b3e:	e6b1      	b.n	100078a4 <_malloc_r+0x38>
10007b40:	0a5a      	lsrs	r2, r3, #9
10007b42:	2a04      	cmp	r2, #4
10007b44:	d800      	bhi.n	10007b48 <_malloc_r+0x2dc>
10007b46:	e083      	b.n	10007c50 <_malloc_r+0x3e4>
10007b48:	2a14      	cmp	r2, #20
10007b4a:	d900      	bls.n	10007b4e <_malloc_r+0x2e2>
10007b4c:	e108      	b.n	10007d60 <_malloc_r+0x4f4>
10007b4e:	0010      	movs	r0, r2
10007b50:	305b      	adds	r0, #91	@ 0x5b
10007b52:	4682      	mov	sl, r0
10007b54:	325c      	adds	r2, #92	@ 0x5c
10007b56:	00d2      	lsls	r2, r2, #3
10007b58:	2008      	movs	r0, #8
10007b5a:	4240      	negs	r0, r0
10007b5c:	4684      	mov	ip, r0
10007b5e:	18ba      	adds	r2, r7, r2
10007b60:	4494      	add	ip, r2
10007b62:	4662      	mov	r2, ip
10007b64:	6892      	ldr	r2, [r2, #8]
10007b66:	300b      	adds	r0, #11
10007b68:	4681      	mov	r9, r0
10007b6a:	4594      	cmp	ip, r2
10007b6c:	d100      	bne.n	10007b70 <_malloc_r+0x304>
10007b6e:	e0df      	b.n	10007d30 <_malloc_r+0x4c4>
10007b70:	0008      	movs	r0, r1
10007b72:	46a2      	mov	sl, r4
10007b74:	4661      	mov	r1, ip
10007b76:	4684      	mov	ip, r0
10007b78:	e002      	b.n	10007b80 <_malloc_r+0x314>
10007b7a:	6892      	ldr	r2, [r2, #8]
10007b7c:	4291      	cmp	r1, r2
10007b7e:	d004      	beq.n	10007b8a <_malloc_r+0x31e>
10007b80:	464c      	mov	r4, r9
10007b82:	6850      	ldr	r0, [r2, #4]
10007b84:	43a0      	bics	r0, r4
10007b86:	4298      	cmp	r0, r3
10007b88:	d8f7      	bhi.n	10007b7a <_malloc_r+0x30e>
10007b8a:	68d3      	ldr	r3, [r2, #12]
10007b8c:	4661      	mov	r1, ip
10007b8e:	4654      	mov	r4, sl
10007b90:	469c      	mov	ip, r3
10007b92:	4663      	mov	r3, ip
10007b94:	60a2      	str	r2, [r4, #8]
10007b96:	60e3      	str	r3, [r4, #12]
10007b98:	609c      	str	r4, [r3, #8]
10007b9a:	60d4      	str	r4, [r2, #12]
10007b9c:	e6fa      	b.n	10007994 <_malloc_r+0x128>
10007b9e:	2914      	cmp	r1, #20
10007ba0:	d96e      	bls.n	10007c80 <_malloc_r+0x414>
10007ba2:	2954      	cmp	r1, #84	@ 0x54
10007ba4:	d900      	bls.n	10007ba8 <_malloc_r+0x33c>
10007ba6:	e0e4      	b.n	10007d72 <_malloc_r+0x506>
10007ba8:	236e      	movs	r3, #110	@ 0x6e
10007baa:	4698      	mov	r8, r3
10007bac:	0b29      	lsrs	r1, r5, #12
10007bae:	4488      	add	r8, r1
10007bb0:	316f      	adds	r1, #111	@ 0x6f
10007bb2:	00cb      	lsls	r3, r1, #3
10007bb4:	e6a8      	b.n	10007908 <_malloc_r+0x9c>
10007bb6:	46c0      	nop			@ (mov r8, r8)
10007bb8:	20001338 	.word	0x20001338
10007bbc:	20001af4 	.word	0x20001af4
10007bc0:	20001330 	.word	0x20001330
10007bc4:	46ba      	mov	sl, r7
10007bc6:	2001      	movs	r0, #1
10007bc8:	4651      	mov	r1, sl
10007bca:	4684      	mov	ip, r0
10007bcc:	1949      	adds	r1, r1, r5
10007bce:	4305      	orrs	r5, r0
10007bd0:	4650      	mov	r0, sl
10007bd2:	6045      	str	r5, [r0, #4]
10007bd4:	6885      	ldr	r5, [r0, #8]
10007bd6:	4647      	mov	r7, r8
10007bd8:	4660      	mov	r0, ip
10007bda:	60eb      	str	r3, [r5, #12]
10007bdc:	465e      	mov	r6, fp
10007bde:	609d      	str	r5, [r3, #8]
10007be0:	4653      	mov	r3, sl
10007be2:	6139      	str	r1, [r7, #16]
10007be4:	6179      	str	r1, [r7, #20]
10007be6:	4320      	orrs	r0, r4
10007be8:	3708      	adds	r7, #8
10007bea:	6048      	str	r0, [r1, #4]
10007bec:	60cf      	str	r7, [r1, #12]
10007bee:	0030      	movs	r0, r6
10007bf0:	608f      	str	r7, [r1, #8]
10007bf2:	509c      	str	r4, [r3, r2]
10007bf4:	f000 fa7c 	bl	100080f0 <__malloc_unlock>
10007bf8:	4650      	mov	r0, sl
10007bfa:	3008      	adds	r0, #8
10007bfc:	e663      	b.n	100078c6 <_malloc_r+0x5a>
10007bfe:	46ba      	mov	sl, r7
10007c00:	2001      	movs	r0, #1
10007c02:	465e      	mov	r6, fp
10007c04:	4452      	add	r2, sl
10007c06:	6851      	ldr	r1, [r2, #4]
10007c08:	4301      	orrs	r1, r0
10007c0a:	6051      	str	r1, [r2, #4]
10007c0c:	68ba      	ldr	r2, [r7, #8]
10007c0e:	0030      	movs	r0, r6
10007c10:	60d3      	str	r3, [r2, #12]
10007c12:	609a      	str	r2, [r3, #8]
10007c14:	f000 fa6c 	bl	100080f0 <__malloc_unlock>
10007c18:	0038      	movs	r0, r7
10007c1a:	3008      	adds	r0, #8
10007c1c:	e653      	b.n	100078c6 <_malloc_r+0x5a>
10007c1e:	002b      	movs	r3, r5
10007c20:	08e9      	lsrs	r1, r5, #3
10007c22:	3308      	adds	r3, #8
10007c24:	e636      	b.n	10007894 <_malloc_r+0x28>
10007c26:	1961      	adds	r1, r4, r5
10007c28:	4688      	mov	r8, r1
10007c2a:	2101      	movs	r1, #1
10007c2c:	468c      	mov	ip, r1
10007c2e:	430d      	orrs	r5, r1
10007c30:	4641      	mov	r1, r8
10007c32:	6065      	str	r5, [r4, #4]
10007c34:	6139      	str	r1, [r7, #16]
10007c36:	6179      	str	r1, [r7, #20]
10007c38:	60ca      	str	r2, [r1, #12]
10007c3a:	608a      	str	r2, [r1, #8]
10007c3c:	4662      	mov	r2, ip
10007c3e:	4302      	orrs	r2, r0
10007c40:	604a      	str	r2, [r1, #4]
10007c42:	50e0      	str	r0, [r4, r3]
10007c44:	0030      	movs	r0, r6
10007c46:	f000 fa53 	bl	100080f0 <__malloc_unlock>
10007c4a:	0020      	movs	r0, r4
10007c4c:	3008      	adds	r0, #8
10007c4e:	e63a      	b.n	100078c6 <_malloc_r+0x5a>
10007c50:	099a      	lsrs	r2, r3, #6
10007c52:	0010      	movs	r0, r2
10007c54:	3239      	adds	r2, #57	@ 0x39
10007c56:	3038      	adds	r0, #56	@ 0x38
10007c58:	4682      	mov	sl, r0
10007c5a:	00d2      	lsls	r2, r2, #3
10007c5c:	e77c      	b.n	10007b58 <_malloc_r+0x2ec>
10007c5e:	42bc      	cmp	r4, r7
10007c60:	d014      	beq.n	10007c8c <_malloc_r+0x420>
10007c62:	68bc      	ldr	r4, [r7, #8]
10007c64:	6863      	ldr	r3, [r4, #4]
10007c66:	2203      	movs	r2, #3
10007c68:	4393      	bics	r3, r2
10007c6a:	1b5a      	subs	r2, r3, r5
10007c6c:	42ab      	cmp	r3, r5
10007c6e:	d302      	bcc.n	10007c76 <_malloc_r+0x40a>
10007c70:	2a0f      	cmp	r2, #15
10007c72:	dd00      	ble.n	10007c76 <_malloc_r+0x40a>
10007c74:	e74a      	b.n	10007b0c <_malloc_r+0x2a0>
10007c76:	0030      	movs	r0, r6
10007c78:	f000 fa3a 	bl	100080f0 <__malloc_unlock>
10007c7c:	2000      	movs	r0, #0
10007c7e:	e622      	b.n	100078c6 <_malloc_r+0x5a>
10007c80:	235b      	movs	r3, #91	@ 0x5b
10007c82:	4698      	mov	r8, r3
10007c84:	4488      	add	r8, r1
10007c86:	315c      	adds	r1, #92	@ 0x5c
10007c88:	00cb      	lsls	r3, r1, #3
10007c8a:	e63d      	b.n	10007908 <_malloc_r+0x9c>
10007c8c:	464b      	mov	r3, r9
10007c8e:	6858      	ldr	r0, [r3, #4]
10007c90:	9b01      	ldr	r3, [sp, #4]
10007c92:	469c      	mov	ip, r3
10007c94:	464b      	mov	r3, r9
10007c96:	4460      	add	r0, ip
10007c98:	6058      	str	r0, [r3, #4]
10007c9a:	9b03      	ldr	r3, [sp, #12]
10007c9c:	1e59      	subs	r1, r3, #1
10007c9e:	465b      	mov	r3, fp
10007ca0:	681b      	ldr	r3, [r3, #0]
10007ca2:	3301      	adds	r3, #1
10007ca4:	d070      	beq.n	10007d88 <_malloc_r+0x51c>
10007ca6:	4643      	mov	r3, r8
10007ca8:	9a02      	ldr	r2, [sp, #8]
10007caa:	1a9b      	subs	r3, r3, r2
10007cac:	464a      	mov	r2, r9
10007cae:	181b      	adds	r3, r3, r0
10007cb0:	6053      	str	r3, [r2, #4]
10007cb2:	2307      	movs	r3, #7
10007cb4:	4642      	mov	r2, r8
10007cb6:	4640      	mov	r0, r8
10007cb8:	401a      	ands	r2, r3
10007cba:	9202      	str	r2, [sp, #8]
10007cbc:	4218      	tst	r0, r3
10007cbe:	d040      	beq.n	10007d42 <_malloc_r+0x4d6>
10007cc0:	9803      	ldr	r0, [sp, #12]
10007cc2:	3301      	adds	r3, #1
10007cc4:	4684      	mov	ip, r0
10007cc6:	1a9b      	subs	r3, r3, r2
10007cc8:	9a01      	ldr	r2, [sp, #4]
10007cca:	4498      	add	r8, r3
10007ccc:	4442      	add	r2, r8
10007cce:	9201      	str	r2, [sp, #4]
10007cd0:	4463      	add	r3, ip
10007cd2:	400a      	ands	r2, r1
10007cd4:	1a9b      	subs	r3, r3, r2
10007cd6:	4019      	ands	r1, r3
10007cd8:	0030      	movs	r0, r6
10007cda:	468b      	mov	fp, r1
10007cdc:	f000 fa40 	bl	10008160 <_sbrk_r>
10007ce0:	1c43      	adds	r3, r0, #1
10007ce2:	d077      	beq.n	10007dd4 <_malloc_r+0x568>
10007ce4:	4643      	mov	r3, r8
10007ce6:	1ac0      	subs	r0, r0, r3
10007ce8:	0003      	movs	r3, r0
10007cea:	445b      	add	r3, fp
10007cec:	9301      	str	r3, [sp, #4]
10007cee:	464b      	mov	r3, r9
10007cf0:	685a      	ldr	r2, [r3, #4]
10007cf2:	2001      	movs	r0, #1
10007cf4:	445a      	add	r2, fp
10007cf6:	605a      	str	r2, [r3, #4]
10007cf8:	4643      	mov	r3, r8
10007cfa:	4641      	mov	r1, r8
10007cfc:	60bb      	str	r3, [r7, #8]
10007cfe:	9b01      	ldr	r3, [sp, #4]
10007d00:	4303      	orrs	r3, r0
10007d02:	604b      	str	r3, [r1, #4]
10007d04:	42bc      	cmp	r4, r7
10007d06:	d100      	bne.n	10007d0a <_malloc_r+0x49e>
10007d08:	e6ef      	b.n	10007aea <_malloc_r+0x27e>
10007d0a:	4653      	mov	r3, sl
10007d0c:	2b0f      	cmp	r3, #15
10007d0e:	d93f      	bls.n	10007d90 <_malloc_r+0x524>
10007d10:	2107      	movs	r1, #7
10007d12:	3b0c      	subs	r3, #12
10007d14:	438b      	bics	r3, r1
10007d16:	6861      	ldr	r1, [r4, #4]
10007d18:	4001      	ands	r1, r0
10007d1a:	2005      	movs	r0, #5
10007d1c:	4319      	orrs	r1, r3
10007d1e:	6061      	str	r1, [r4, #4]
10007d20:	18e1      	adds	r1, r4, r3
10007d22:	6048      	str	r0, [r1, #4]
10007d24:	6088      	str	r0, [r1, #8]
10007d26:	2b0f      	cmp	r3, #15
10007d28:	d849      	bhi.n	10007dbe <_malloc_r+0x552>
10007d2a:	4643      	mov	r3, r8
10007d2c:	685b      	ldr	r3, [r3, #4]
10007d2e:	e6dc      	b.n	10007aea <_malloc_r+0x27e>
10007d30:	4653      	mov	r3, sl
10007d32:	1098      	asrs	r0, r3, #2
10007d34:	2301      	movs	r3, #1
10007d36:	4083      	lsls	r3, r0
10007d38:	4640      	mov	r0, r8
10007d3a:	4318      	orrs	r0, r3
10007d3c:	4680      	mov	r8, r0
10007d3e:	6078      	str	r0, [r7, #4]
10007d40:	e727      	b.n	10007b92 <_malloc_r+0x326>
10007d42:	9b01      	ldr	r3, [sp, #4]
10007d44:	9a03      	ldr	r2, [sp, #12]
10007d46:	4443      	add	r3, r8
10007d48:	400b      	ands	r3, r1
10007d4a:	1ad3      	subs	r3, r2, r3
10007d4c:	4019      	ands	r1, r3
10007d4e:	0030      	movs	r0, r6
10007d50:	468b      	mov	fp, r1
10007d52:	f000 fa05 	bl	10008160 <_sbrk_r>
10007d56:	1c43      	adds	r3, r0, #1
10007d58:	d1c4      	bne.n	10007ce4 <_malloc_r+0x478>
10007d5a:	2300      	movs	r3, #0
10007d5c:	469b      	mov	fp, r3
10007d5e:	e7c6      	b.n	10007cee <_malloc_r+0x482>
10007d60:	2a54      	cmp	r2, #84	@ 0x54
10007d62:	d817      	bhi.n	10007d94 <_malloc_r+0x528>
10007d64:	0b1a      	lsrs	r2, r3, #12
10007d66:	0010      	movs	r0, r2
10007d68:	326f      	adds	r2, #111	@ 0x6f
10007d6a:	306e      	adds	r0, #110	@ 0x6e
10007d6c:	4682      	mov	sl, r0
10007d6e:	00d2      	lsls	r2, r2, #3
10007d70:	e6f2      	b.n	10007b58 <_malloc_r+0x2ec>
10007d72:	23aa      	movs	r3, #170	@ 0xaa
10007d74:	005b      	lsls	r3, r3, #1
10007d76:	4299      	cmp	r1, r3
10007d78:	d817      	bhi.n	10007daa <_malloc_r+0x53e>
10007d7a:	3bdd      	subs	r3, #221	@ 0xdd
10007d7c:	4698      	mov	r8, r3
10007d7e:	0be9      	lsrs	r1, r5, #15
10007d80:	4488      	add	r8, r1
10007d82:	3178      	adds	r1, #120	@ 0x78
10007d84:	00cb      	lsls	r3, r1, #3
10007d86:	e5bf      	b.n	10007908 <_malloc_r+0x9c>
10007d88:	465b      	mov	r3, fp
10007d8a:	4642      	mov	r2, r8
10007d8c:	601a      	str	r2, [r3, #0]
10007d8e:	e790      	b.n	10007cb2 <_malloc_r+0x446>
10007d90:	6048      	str	r0, [r1, #4]
10007d92:	e770      	b.n	10007c76 <_malloc_r+0x40a>
10007d94:	20aa      	movs	r0, #170	@ 0xaa
10007d96:	0040      	lsls	r0, r0, #1
10007d98:	4282      	cmp	r2, r0
10007d9a:	d826      	bhi.n	10007dea <_malloc_r+0x57e>
10007d9c:	0bda      	lsrs	r2, r3, #15
10007d9e:	0010      	movs	r0, r2
10007da0:	3278      	adds	r2, #120	@ 0x78
10007da2:	3077      	adds	r0, #119	@ 0x77
10007da4:	4682      	mov	sl, r0
10007da6:	00d2      	lsls	r2, r2, #3
10007da8:	e6d6      	b.n	10007b58 <_malloc_r+0x2ec>
10007daa:	4b1c      	ldr	r3, [pc, #112]	@ (10007e1c <_malloc_r+0x5b0>)
10007dac:	4299      	cmp	r1, r3
10007dae:	d826      	bhi.n	10007dfe <_malloc_r+0x592>
10007db0:	237c      	movs	r3, #124	@ 0x7c
10007db2:	4698      	mov	r8, r3
10007db4:	0ca9      	lsrs	r1, r5, #18
10007db6:	4488      	add	r8, r1
10007db8:	317d      	adds	r1, #125	@ 0x7d
10007dba:	00cb      	lsls	r3, r1, #3
10007dbc:	e5a4      	b.n	10007908 <_malloc_r+0x9c>
10007dbe:	0021      	movs	r1, r4
10007dc0:	0030      	movs	r0, r6
10007dc2:	3108      	adds	r1, #8
10007dc4:	f000 f886 	bl	10007ed4 <_free_r>
10007dc8:	464b      	mov	r3, r9
10007dca:	685a      	ldr	r2, [r3, #4]
10007dcc:	68bb      	ldr	r3, [r7, #8]
10007dce:	4698      	mov	r8, r3
10007dd0:	685b      	ldr	r3, [r3, #4]
10007dd2:	e68a      	b.n	10007aea <_malloc_r+0x27e>
10007dd4:	9a01      	ldr	r2, [sp, #4]
10007dd6:	9b02      	ldr	r3, [sp, #8]
10007dd8:	4694      	mov	ip, r2
10007dda:	4642      	mov	r2, r8
10007ddc:	3b08      	subs	r3, #8
10007dde:	4463      	add	r3, ip
10007de0:	1a9b      	subs	r3, r3, r2
10007de2:	9301      	str	r3, [sp, #4]
10007de4:	2300      	movs	r3, #0
10007de6:	469b      	mov	fp, r3
10007de8:	e781      	b.n	10007cee <_malloc_r+0x482>
10007dea:	480c      	ldr	r0, [pc, #48]	@ (10007e1c <_malloc_r+0x5b0>)
10007dec:	4282      	cmp	r2, r0
10007dee:	d80c      	bhi.n	10007e0a <_malloc_r+0x59e>
10007df0:	0c9a      	lsrs	r2, r3, #18
10007df2:	0010      	movs	r0, r2
10007df4:	327d      	adds	r2, #125	@ 0x7d
10007df6:	307c      	adds	r0, #124	@ 0x7c
10007df8:	4682      	mov	sl, r0
10007dfa:	00d2      	lsls	r2, r2, #3
10007dfc:	e6ac      	b.n	10007b58 <_malloc_r+0x2ec>
10007dfe:	23fe      	movs	r3, #254	@ 0xfe
10007e00:	227e      	movs	r2, #126	@ 0x7e
10007e02:	217f      	movs	r1, #127	@ 0x7f
10007e04:	4690      	mov	r8, r2
10007e06:	009b      	lsls	r3, r3, #2
10007e08:	e57e      	b.n	10007908 <_malloc_r+0x9c>
10007e0a:	22fe      	movs	r2, #254	@ 0xfe
10007e0c:	207e      	movs	r0, #126	@ 0x7e
10007e0e:	0092      	lsls	r2, r2, #2
10007e10:	4682      	mov	sl, r0
10007e12:	e6a1      	b.n	10007b58 <_malloc_r+0x2ec>
10007e14:	4643      	mov	r3, r8
10007e16:	685b      	ldr	r3, [r3, #4]
10007e18:	e600      	b.n	10007a1c <_malloc_r+0x1b0>
10007e1a:	46c0      	nop			@ (mov r8, r8)
10007e1c:	00000554 	.word	0x00000554

10007e20 <_malloc_trim_r>:
10007e20:	b5f0      	push	{r4, r5, r6, r7, lr}
10007e22:	46c6      	mov	lr, r8
10007e24:	0006      	movs	r6, r0
10007e26:	b500      	push	{lr}
10007e28:	2008      	movs	r0, #8
10007e2a:	000d      	movs	r5, r1
10007e2c:	f000 f950 	bl	100080d0 <sysconf>
10007e30:	0004      	movs	r4, r0
10007e32:	0030      	movs	r0, r6
10007e34:	f000 f95a 	bl	100080ec <__malloc_lock>
10007e38:	4b23      	ldr	r3, [pc, #140]	@ (10007ec8 <_malloc_trim_r+0xa8>)
10007e3a:	0021      	movs	r1, r4
10007e3c:	4698      	mov	r8, r3
10007e3e:	689b      	ldr	r3, [r3, #8]
10007e40:	685f      	ldr	r7, [r3, #4]
10007e42:	2303      	movs	r3, #3
10007e44:	439f      	bics	r7, r3
10007e46:	0038      	movs	r0, r7
10007e48:	3811      	subs	r0, #17
10007e4a:	1b40      	subs	r0, r0, r5
10007e4c:	1900      	adds	r0, r0, r4
10007e4e:	f7fb f893 	bl	10002f78 <__wrap___aeabi_uidiv>
10007e52:	1e45      	subs	r5, r0, #1
10007e54:	4365      	muls	r5, r4
10007e56:	42ac      	cmp	r4, r5
10007e58:	dc08      	bgt.n	10007e6c <_malloc_trim_r+0x4c>
10007e5a:	2100      	movs	r1, #0
10007e5c:	0030      	movs	r0, r6
10007e5e:	f000 f97f 	bl	10008160 <_sbrk_r>
10007e62:	4643      	mov	r3, r8
10007e64:	689b      	ldr	r3, [r3, #8]
10007e66:	19db      	adds	r3, r3, r7
10007e68:	4298      	cmp	r0, r3
10007e6a:	d006      	beq.n	10007e7a <_malloc_trim_r+0x5a>
10007e6c:	0030      	movs	r0, r6
10007e6e:	f000 f93f 	bl	100080f0 <__malloc_unlock>
10007e72:	2000      	movs	r0, #0
10007e74:	bc80      	pop	{r7}
10007e76:	46b8      	mov	r8, r7
10007e78:	bdf0      	pop	{r4, r5, r6, r7, pc}
10007e7a:	0030      	movs	r0, r6
10007e7c:	4269      	negs	r1, r5
10007e7e:	f000 f96f 	bl	10008160 <_sbrk_r>
10007e82:	3001      	adds	r0, #1
10007e84:	d00e      	beq.n	10007ea4 <_malloc_trim_r+0x84>
10007e86:	2201      	movs	r2, #1
10007e88:	4643      	mov	r3, r8
10007e8a:	1b7f      	subs	r7, r7, r5
10007e8c:	689b      	ldr	r3, [r3, #8]
10007e8e:	4317      	orrs	r7, r2
10007e90:	4a0e      	ldr	r2, [pc, #56]	@ (10007ecc <_malloc_trim_r+0xac>)
10007e92:	605f      	str	r7, [r3, #4]
10007e94:	6813      	ldr	r3, [r2, #0]
10007e96:	0030      	movs	r0, r6
10007e98:	1b5b      	subs	r3, r3, r5
10007e9a:	6013      	str	r3, [r2, #0]
10007e9c:	f000 f928 	bl	100080f0 <__malloc_unlock>
10007ea0:	2001      	movs	r0, #1
10007ea2:	e7e7      	b.n	10007e74 <_malloc_trim_r+0x54>
10007ea4:	2100      	movs	r1, #0
10007ea6:	0030      	movs	r0, r6
10007ea8:	f000 f95a 	bl	10008160 <_sbrk_r>
10007eac:	4643      	mov	r3, r8
10007eae:	689a      	ldr	r2, [r3, #8]
10007eb0:	1a83      	subs	r3, r0, r2
10007eb2:	2b0f      	cmp	r3, #15
10007eb4:	ddda      	ble.n	10007e6c <_malloc_trim_r+0x4c>
10007eb6:	4c06      	ldr	r4, [pc, #24]	@ (10007ed0 <_malloc_trim_r+0xb0>)
10007eb8:	4904      	ldr	r1, [pc, #16]	@ (10007ecc <_malloc_trim_r+0xac>)
10007eba:	6824      	ldr	r4, [r4, #0]
10007ebc:	1b00      	subs	r0, r0, r4
10007ebe:	6008      	str	r0, [r1, #0]
10007ec0:	2101      	movs	r1, #1
10007ec2:	430b      	orrs	r3, r1
10007ec4:	6053      	str	r3, [r2, #4]
10007ec6:	e7d1      	b.n	10007e6c <_malloc_trim_r+0x4c>
10007ec8:	20001338 	.word	0x20001338
10007ecc:	20001af8 	.word	0x20001af8
10007ed0:	20001330 	.word	0x20001330

10007ed4 <_free_r>:
10007ed4:	b5f8      	push	{r3, r4, r5, r6, r7, lr}
10007ed6:	46ce      	mov	lr, r9
10007ed8:	4647      	mov	r7, r8
10007eda:	0005      	movs	r5, r0
10007edc:	000c      	movs	r4, r1
10007ede:	b580      	push	{r7, lr}
10007ee0:	2900      	cmp	r1, #0
10007ee2:	d057      	beq.n	10007f94 <_free_r+0xc0>
10007ee4:	f000 f902 	bl	100080ec <__malloc_lock>
10007ee8:	2301      	movs	r3, #1
10007eea:	0021      	movs	r1, r4
10007eec:	469c      	mov	ip, r3
10007eee:	3908      	subs	r1, #8
10007ef0:	6848      	ldr	r0, [r1, #4]
10007ef2:	4662      	mov	r2, ip
10007ef4:	0003      	movs	r3, r0
10007ef6:	2403      	movs	r4, #3
10007ef8:	4393      	bics	r3, r2
10007efa:	18cf      	adds	r7, r1, r3
10007efc:	687a      	ldr	r2, [r7, #4]
10007efe:	4e65      	ldr	r6, [pc, #404]	@ (10008094 <_free_r+0x1c0>)
10007f00:	43a2      	bics	r2, r4
10007f02:	68b4      	ldr	r4, [r6, #8]
10007f04:	42bc      	cmp	r4, r7
10007f06:	d100      	bne.n	10007f0a <_free_r+0x36>
10007f08:	e070      	b.n	10007fec <_free_r+0x118>
10007f0a:	18bc      	adds	r4, r7, r2
10007f0c:	46a1      	mov	r9, r4
10007f0e:	4664      	mov	r4, ip
10007f10:	607a      	str	r2, [r7, #4]
10007f12:	4204      	tst	r4, r0
10007f14:	d121      	bne.n	10007f5a <_free_r+0x86>
10007f16:	6808      	ldr	r0, [r1, #0]
10007f18:	1a09      	subs	r1, r1, r0
10007f1a:	181b      	adds	r3, r3, r0
10007f1c:	6888      	ldr	r0, [r1, #8]
10007f1e:	4680      	mov	r8, r0
10007f20:	4648      	mov	r0, r9
10007f22:	6840      	ldr	r0, [r0, #4]
10007f24:	4020      	ands	r0, r4
10007f26:	0034      	movs	r4, r6
10007f28:	3408      	adds	r4, #8
10007f2a:	4681      	mov	r9, r0
10007f2c:	45a0      	cmp	r8, r4
10007f2e:	d051      	beq.n	10007fd4 <_free_r+0x100>
10007f30:	4640      	mov	r0, r8
10007f32:	68cc      	ldr	r4, [r1, #12]
10007f34:	60c4      	str	r4, [r0, #12]
10007f36:	60a0      	str	r0, [r4, #8]
10007f38:	4648      	mov	r0, r9
10007f3a:	2800      	cmp	r0, #0
10007f3c:	d111      	bne.n	10007f62 <_free_r+0x8e>
10007f3e:	189b      	adds	r3, r3, r2
10007f40:	4855      	ldr	r0, [pc, #340]	@ (10008098 <_free_r+0x1c4>)
10007f42:	68ba      	ldr	r2, [r7, #8]
10007f44:	4282      	cmp	r2, r0
10007f46:	d100      	bne.n	10007f4a <_free_r+0x76>
10007f48:	e07f      	b.n	1000804a <_free_r+0x176>
10007f4a:	68f8      	ldr	r0, [r7, #12]
10007f4c:	60d0      	str	r0, [r2, #12]
10007f4e:	6082      	str	r2, [r0, #8]
10007f50:	2201      	movs	r2, #1
10007f52:	431a      	orrs	r2, r3
10007f54:	604a      	str	r2, [r1, #4]
10007f56:	50cb      	str	r3, [r1, r3]
10007f58:	e007      	b.n	10007f6a <_free_r+0x96>
10007f5a:	4648      	mov	r0, r9
10007f5c:	6840      	ldr	r0, [r0, #4]
10007f5e:	4220      	tst	r0, r4
10007f60:	d0ed      	beq.n	10007f3e <_free_r+0x6a>
10007f62:	4662      	mov	r2, ip
10007f64:	431a      	orrs	r2, r3
10007f66:	604a      	str	r2, [r1, #4]
10007f68:	603b      	str	r3, [r7, #0]
10007f6a:	2280      	movs	r2, #128	@ 0x80
10007f6c:	0092      	lsls	r2, r2, #2
10007f6e:	4293      	cmp	r3, r2
10007f70:	d214      	bcs.n	10007f9c <_free_r+0xc8>
10007f72:	08da      	lsrs	r2, r3, #3
10007f74:	0958      	lsrs	r0, r3, #5
10007f76:	2301      	movs	r3, #1
10007f78:	4083      	lsls	r3, r0
10007f7a:	6870      	ldr	r0, [r6, #4]
10007f7c:	4303      	orrs	r3, r0
10007f7e:	6073      	str	r3, [r6, #4]
10007f80:	00d3      	lsls	r3, r2, #3
10007f82:	199b      	adds	r3, r3, r6
10007f84:	689a      	ldr	r2, [r3, #8]
10007f86:	60cb      	str	r3, [r1, #12]
10007f88:	608a      	str	r2, [r1, #8]
10007f8a:	6099      	str	r1, [r3, #8]
10007f8c:	60d1      	str	r1, [r2, #12]
10007f8e:	0028      	movs	r0, r5
10007f90:	f000 f8ae 	bl	100080f0 <__malloc_unlock>
10007f94:	bcc0      	pop	{r6, r7}
10007f96:	46b9      	mov	r9, r7
10007f98:	46b0      	mov	r8, r6
10007f9a:	bdf8      	pop	{r3, r4, r5, r6, r7, pc}
10007f9c:	0a5c      	lsrs	r4, r3, #9
10007f9e:	2c04      	cmp	r4, #4
10007fa0:	d83d      	bhi.n	1000801e <_free_r+0x14a>
10007fa2:	099c      	lsrs	r4, r3, #6
10007fa4:	0020      	movs	r0, r4
10007fa6:	3439      	adds	r4, #57	@ 0x39
10007fa8:	3038      	adds	r0, #56	@ 0x38
10007faa:	00e4      	lsls	r4, r4, #3
10007fac:	1934      	adds	r4, r6, r4
10007fae:	6822      	ldr	r2, [r4, #0]
10007fb0:	3c08      	subs	r4, #8
10007fb2:	2703      	movs	r7, #3
10007fb4:	4294      	cmp	r4, r2
10007fb6:	d103      	bne.n	10007fc0 <_free_r+0xec>
10007fb8:	e040      	b.n	1000803c <_free_r+0x168>
10007fba:	6892      	ldr	r2, [r2, #8]
10007fbc:	4294      	cmp	r4, r2
10007fbe:	d003      	beq.n	10007fc8 <_free_r+0xf4>
10007fc0:	6850      	ldr	r0, [r2, #4]
10007fc2:	43b8      	bics	r0, r7
10007fc4:	4298      	cmp	r0, r3
10007fc6:	d8f8      	bhi.n	10007fba <_free_r+0xe6>
10007fc8:	68d4      	ldr	r4, [r2, #12]
10007fca:	60cc      	str	r4, [r1, #12]
10007fcc:	608a      	str	r2, [r1, #8]
10007fce:	60a1      	str	r1, [r4, #8]
10007fd0:	60d1      	str	r1, [r2, #12]
10007fd2:	e7dc      	b.n	10007f8e <_free_r+0xba>
10007fd4:	2800      	cmp	r0, #0
10007fd6:	d158      	bne.n	1000808a <_free_r+0x1b6>
10007fd8:	68b8      	ldr	r0, [r7, #8]
10007fda:	18d2      	adds	r2, r2, r3
10007fdc:	68fb      	ldr	r3, [r7, #12]
10007fde:	60c3      	str	r3, [r0, #12]
10007fe0:	6098      	str	r0, [r3, #8]
10007fe2:	4663      	mov	r3, ip
10007fe4:	4313      	orrs	r3, r2
10007fe6:	604b      	str	r3, [r1, #4]
10007fe8:	508a      	str	r2, [r1, r2]
10007fea:	e7d0      	b.n	10007f8e <_free_r+0xba>
10007fec:	189a      	adds	r2, r3, r2
10007fee:	4663      	mov	r3, ip
10007ff0:	4203      	tst	r3, r0
10007ff2:	d106      	bne.n	10008002 <_free_r+0x12e>
10007ff4:	680b      	ldr	r3, [r1, #0]
10007ff6:	1ac9      	subs	r1, r1, r3
10007ff8:	6888      	ldr	r0, [r1, #8]
10007ffa:	18d2      	adds	r2, r2, r3
10007ffc:	68cb      	ldr	r3, [r1, #12]
10007ffe:	60c3      	str	r3, [r0, #12]
10008000:	6098      	str	r0, [r3, #8]
10008002:	2301      	movs	r3, #1
10008004:	4313      	orrs	r3, r2
10008006:	604b      	str	r3, [r1, #4]
10008008:	4b24      	ldr	r3, [pc, #144]	@ (1000809c <_free_r+0x1c8>)
1000800a:	60b1      	str	r1, [r6, #8]
1000800c:	681b      	ldr	r3, [r3, #0]
1000800e:	4293      	cmp	r3, r2
10008010:	d8bd      	bhi.n	10007f8e <_free_r+0xba>
10008012:	4b23      	ldr	r3, [pc, #140]	@ (100080a0 <_free_r+0x1cc>)
10008014:	0028      	movs	r0, r5
10008016:	6819      	ldr	r1, [r3, #0]
10008018:	f7ff ff02 	bl	10007e20 <_malloc_trim_r>
1000801c:	e7b7      	b.n	10007f8e <_free_r+0xba>
1000801e:	2c14      	cmp	r4, #20
10008020:	d907      	bls.n	10008032 <_free_r+0x15e>
10008022:	2c54      	cmp	r4, #84	@ 0x54
10008024:	d81a      	bhi.n	1000805c <_free_r+0x188>
10008026:	0b1c      	lsrs	r4, r3, #12
10008028:	0020      	movs	r0, r4
1000802a:	346f      	adds	r4, #111	@ 0x6f
1000802c:	306e      	adds	r0, #110	@ 0x6e
1000802e:	00e4      	lsls	r4, r4, #3
10008030:	e7bc      	b.n	10007fac <_free_r+0xd8>
10008032:	0020      	movs	r0, r4
10008034:	345c      	adds	r4, #92	@ 0x5c
10008036:	305b      	adds	r0, #91	@ 0x5b
10008038:	00e4      	lsls	r4, r4, #3
1000803a:	e7b7      	b.n	10007fac <_free_r+0xd8>
1000803c:	2301      	movs	r3, #1
1000803e:	1080      	asrs	r0, r0, #2
10008040:	4083      	lsls	r3, r0
10008042:	6870      	ldr	r0, [r6, #4]
10008044:	4303      	orrs	r3, r0
10008046:	6073      	str	r3, [r6, #4]
10008048:	e7bf      	b.n	10007fca <_free_r+0xf6>
1000804a:	60d1      	str	r1, [r2, #12]
1000804c:	6091      	str	r1, [r2, #8]
1000804e:	60ca      	str	r2, [r1, #12]
10008050:	608a      	str	r2, [r1, #8]
10008052:	2201      	movs	r2, #1
10008054:	431a      	orrs	r2, r3
10008056:	604a      	str	r2, [r1, #4]
10008058:	50cb      	str	r3, [r1, r3]
1000805a:	e798      	b.n	10007f8e <_free_r+0xba>
1000805c:	22aa      	movs	r2, #170	@ 0xaa
1000805e:	0052      	lsls	r2, r2, #1
10008060:	4294      	cmp	r4, r2
10008062:	d805      	bhi.n	10008070 <_free_r+0x19c>
10008064:	0bdc      	lsrs	r4, r3, #15
10008066:	0020      	movs	r0, r4
10008068:	3478      	adds	r4, #120	@ 0x78
1000806a:	3077      	adds	r0, #119	@ 0x77
1000806c:	00e4      	lsls	r4, r4, #3
1000806e:	e79d      	b.n	10007fac <_free_r+0xd8>
10008070:	4a0c      	ldr	r2, [pc, #48]	@ (100080a4 <_free_r+0x1d0>)
10008072:	4294      	cmp	r4, r2
10008074:	d805      	bhi.n	10008082 <_free_r+0x1ae>
10008076:	0c9c      	lsrs	r4, r3, #18
10008078:	0020      	movs	r0, r4
1000807a:	347d      	adds	r4, #125	@ 0x7d
1000807c:	307c      	adds	r0, #124	@ 0x7c
1000807e:	00e4      	lsls	r4, r4, #3
10008080:	e794      	b.n	10007fac <_free_r+0xd8>
10008082:	24fe      	movs	r4, #254	@ 0xfe
10008084:	207e      	movs	r0, #126	@ 0x7e
10008086:	00a4      	lsls	r4, r4, #2
10008088:	e790      	b.n	10007fac <_free_r+0xd8>
1000808a:	4662      	mov	r2, ip
1000808c:	431a      	orrs	r2, r3
1000808e:	604a      	str	r2, [r1, #4]
10008090:	603b      	str	r3, [r7, #0]
10008092:	e77c      	b.n	10007f8e <_free_r+0xba>
10008094:	20001338 	.word	0x20001338
10008098:	20001340 	.word	0x20001340
1000809c:	20001334 	.word	0x20001334
100080a0:	20001af4 	.word	0x20001af4
100080a4:	00000554 	.word	0x00000554

100080a8 <malloc>:
100080a8:	b510      	push	{r4, lr}
100080aa:	4b03      	ldr	r3, [pc, #12]	@ (100080b8 <malloc+0x10>)
100080ac:	0001      	movs	r1, r0
100080ae:	6818      	ldr	r0, [r3, #0]
100080b0:	f7ff fbdc 	bl	1000786c <_malloc_r>
100080b4:	bd10      	pop	{r4, pc}
100080b6:	46c0      	nop			@ (mov r8, r8)
100080b8:	20001208 	.word	0x20001208

100080bc <free>:
100080bc:	b510      	push	{r4, lr}
100080be:	4b03      	ldr	r3, [pc, #12]	@ (100080cc <free+0x10>)
100080c0:	0001      	movs	r1, r0
100080c2:	6818      	ldr	r0, [r3, #0]
100080c4:	f7ff ff06 	bl	10007ed4 <_free_r>
100080c8:	bd10      	pop	{r4, pc}
100080ca:	46c0      	nop			@ (mov r8, r8)
100080cc:	20001208 	.word	0x20001208

100080d0 <sysconf>:
100080d0:	2380      	movs	r3, #128	@ 0x80
100080d2:	b510      	push	{r4, lr}
100080d4:	015b      	lsls	r3, r3, #5
100080d6:	2808      	cmp	r0, #8
100080d8:	d101      	bne.n	100080de <sysconf+0xe>
100080da:	0018      	movs	r0, r3
100080dc:	bd10      	pop	{r4, pc}
100080de:	f000 f865 	bl	100081ac <__errno>
100080e2:	2316      	movs	r3, #22
100080e4:	6003      	str	r3, [r0, #0]
100080e6:	3b17      	subs	r3, #23
100080e8:	e7f7      	b.n	100080da <sysconf+0xa>
100080ea:	46c0      	nop			@ (mov r8, r8)

100080ec <__malloc_lock>:
100080ec:	4770      	bx	lr
100080ee:	46c0      	nop			@ (mov r8, r8)

100080f0 <__malloc_unlock>:
100080f0:	4770      	bx	lr
100080f2:	46c0      	nop			@ (mov r8, r8)

100080f4 <atexit>:
100080f4:	b510      	push	{r4, lr}
100080f6:	0001      	movs	r1, r0
100080f8:	2300      	movs	r3, #0
100080fa:	2200      	movs	r2, #0
100080fc:	2000      	movs	r0, #0
100080fe:	f000 f85b 	bl	100081b8 <__register_exitproc>
10008102:	bd10      	pop	{r4, pc}

10008104 <strlen>:
10008104:	b510      	push	{r4, lr}
10008106:	0783      	lsls	r3, r0, #30
10008108:	d00a      	beq.n	10008120 <strlen+0x1c>
1000810a:	0003      	movs	r3, r0
1000810c:	2103      	movs	r1, #3
1000810e:	e002      	b.n	10008116 <strlen+0x12>
10008110:	3301      	adds	r3, #1
10008112:	420b      	tst	r3, r1
10008114:	d005      	beq.n	10008122 <strlen+0x1e>
10008116:	781a      	ldrb	r2, [r3, #0]
10008118:	2a00      	cmp	r2, #0
1000811a:	d1f9      	bne.n	10008110 <strlen+0xc>
1000811c:	1a18      	subs	r0, r3, r0
1000811e:	bd10      	pop	{r4, pc}
10008120:	0003      	movs	r3, r0
10008122:	6819      	ldr	r1, [r3, #0]
10008124:	4a0c      	ldr	r2, [pc, #48]	@ (10008158 <strlen+0x54>)
10008126:	4c0d      	ldr	r4, [pc, #52]	@ (1000815c <strlen+0x58>)
10008128:	188a      	adds	r2, r1, r2
1000812a:	438a      	bics	r2, r1
1000812c:	4222      	tst	r2, r4
1000812e:	d10f      	bne.n	10008150 <strlen+0x4c>
10008130:	6859      	ldr	r1, [r3, #4]
10008132:	4a09      	ldr	r2, [pc, #36]	@ (10008158 <strlen+0x54>)
10008134:	3304      	adds	r3, #4
10008136:	188a      	adds	r2, r1, r2
10008138:	438a      	bics	r2, r1
1000813a:	4222      	tst	r2, r4
1000813c:	d108      	bne.n	10008150 <strlen+0x4c>
1000813e:	6859      	ldr	r1, [r3, #4]
10008140:	4a05      	ldr	r2, [pc, #20]	@ (10008158 <strlen+0x54>)
10008142:	3304      	adds	r3, #4
10008144:	188a      	adds	r2, r1, r2
10008146:	438a      	bics	r2, r1
10008148:	4222      	tst	r2, r4
1000814a:	d0f1      	beq.n	10008130 <strlen+0x2c>
1000814c:	e000      	b.n	10008150 <strlen+0x4c>
1000814e:	3301      	adds	r3, #1
10008150:	781a      	ldrb	r2, [r3, #0]
10008152:	2a00      	cmp	r2, #0
10008154:	d1fb      	bne.n	1000814e <strlen+0x4a>
10008156:	e7e1      	b.n	1000811c <strlen+0x18>
10008158:	fefefeff 	.word	0xfefefeff
1000815c:	80808080 	.word	0x80808080

10008160 <_sbrk_r>:
10008160:	2300      	movs	r3, #0
10008162:	b570      	push	{r4, r5, r6, lr}
10008164:	4c06      	ldr	r4, [pc, #24]	@ (10008180 <_sbrk_r+0x20>)
10008166:	0005      	movs	r5, r0
10008168:	0008      	movs	r0, r1
1000816a:	6023      	str	r3, [r4, #0]
1000816c:	f7fd fa38 	bl	100055e0 <_sbrk>
10008170:	1c43      	adds	r3, r0, #1
10008172:	d000      	beq.n	10008176 <_sbrk_r+0x16>
10008174:	bd70      	pop	{r4, r5, r6, pc}
10008176:	6823      	ldr	r3, [r4, #0]
10008178:	2b00      	cmp	r3, #0
1000817a:	d0fb      	beq.n	10008174 <_sbrk_r+0x14>
1000817c:	602b      	str	r3, [r5, #0]
1000817e:	e7f9      	b.n	10008174 <_sbrk_r+0x14>
10008180:	20001c64 	.word	0x20001c64

10008184 <__libc_fini_array>:
10008184:	b570      	push	{r4, r5, r6, lr}
10008186:	4c07      	ldr	r4, [pc, #28]	@ (100081a4 <__libc_fini_array+0x20>)
10008188:	4d07      	ldr	r5, [pc, #28]	@ (100081a8 <__libc_fini_array+0x24>)
1000818a:	1b64      	subs	r4, r4, r5
1000818c:	10a4      	asrs	r4, r4, #2
1000818e:	d005      	beq.n	1000819c <__libc_fini_array+0x18>
10008190:	3c01      	subs	r4, #1
10008192:	00a3      	lsls	r3, r4, #2
10008194:	58eb      	ldr	r3, [r5, r3]
10008196:	4798      	blx	r3
10008198:	2c00      	cmp	r4, #0
1000819a:	d1f9      	bne.n	10008190 <__libc_fini_array+0xc>
1000819c:	f000 f854 	bl	10008248 <_fini>
100081a0:	bd70      	pop	{r4, r5, r6, pc}
100081a2:	46c0      	nop			@ (mov r8, r8)
100081a4:	10008358 	.word	0x10008358
100081a8:	10008358 	.word	0x10008358

100081ac <__errno>:
100081ac:	4b01      	ldr	r3, [pc, #4]	@ (100081b4 <__errno+0x8>)
100081ae:	6818      	ldr	r0, [r3, #0]
100081b0:	4770      	bx	lr
100081b2:	46c0      	nop			@ (mov r8, r8)
100081b4:	20001208 	.word	0x20001208

100081b8 <__register_exitproc>:
100081b8:	b5f0      	push	{r4, r5, r6, r7, lr}
100081ba:	46c6      	mov	lr, r8
100081bc:	4c1a      	ldr	r4, [pc, #104]	@ (10008228 <__register_exitproc+0x70>)
100081be:	b500      	push	{lr}
100081c0:	6825      	ldr	r5, [r4, #0]
100081c2:	2d00      	cmp	r5, #0
100081c4:	d02a      	beq.n	1000821c <__register_exitproc+0x64>
100081c6:	686c      	ldr	r4, [r5, #4]
100081c8:	2c1f      	cmp	r4, #31
100081ca:	dc2a      	bgt.n	10008222 <__register_exitproc+0x6a>
100081cc:	2800      	cmp	r0, #0
100081ce:	d108      	bne.n	100081e2 <__register_exitproc+0x2a>
100081d0:	2000      	movs	r0, #0
100081d2:	1c63      	adds	r3, r4, #1
100081d4:	3402      	adds	r4, #2
100081d6:	00a4      	lsls	r4, r4, #2
100081d8:	606b      	str	r3, [r5, #4]
100081da:	5161      	str	r1, [r4, r5]
100081dc:	bc80      	pop	{r7}
100081de:	46b8      	mov	r8, r7
100081e0:	bdf0      	pop	{r4, r5, r6, r7, pc}
100081e2:	2788      	movs	r7, #136	@ 0x88
100081e4:	00a6      	lsls	r6, r4, #2
100081e6:	19ae      	adds	r6, r5, r6
100081e8:	51f2      	str	r2, [r6, r7]
100081ea:	3701      	adds	r7, #1
100081ec:	37ff      	adds	r7, #255	@ 0xff
100081ee:	46bc      	mov	ip, r7
100081f0:	2201      	movs	r2, #1
100081f2:	44ac      	add	ip, r5
100081f4:	4667      	mov	r7, ip
100081f6:	40a2      	lsls	r2, r4
100081f8:	683f      	ldr	r7, [r7, #0]
100081fa:	4690      	mov	r8, r2
100081fc:	4317      	orrs	r7, r2
100081fe:	4662      	mov	r2, ip
10008200:	6017      	str	r7, [r2, #0]
10008202:	2784      	movs	r7, #132	@ 0x84
10008204:	007f      	lsls	r7, r7, #1
10008206:	51f3      	str	r3, [r6, r7]
10008208:	2802      	cmp	r0, #2
1000820a:	d1e1      	bne.n	100081d0 <__register_exitproc+0x18>
1000820c:	0028      	movs	r0, r5
1000820e:	4642      	mov	r2, r8
10008210:	308d      	adds	r0, #141	@ 0x8d
10008212:	30ff      	adds	r0, #255	@ 0xff
10008214:	6803      	ldr	r3, [r0, #0]
10008216:	4313      	orrs	r3, r2
10008218:	6003      	str	r3, [r0, #0]
1000821a:	e7d9      	b.n	100081d0 <__register_exitproc+0x18>
1000821c:	4d03      	ldr	r5, [pc, #12]	@ (1000822c <__register_exitproc+0x74>)
1000821e:	6025      	str	r5, [r4, #0]
10008220:	e7d1      	b.n	100081c6 <__register_exitproc+0xe>
10008222:	2001      	movs	r0, #1
10008224:	4240      	negs	r0, r0
10008226:	e7d9      	b.n	100081dc <__register_exitproc+0x24>
10008228:	20001df8 	.word	0x20001df8
1000822c:	20001c68 	.word	0x20001c68

10008230 <register_fini>:
10008230:	4b03      	ldr	r3, [pc, #12]	@ (10008240 <register_fini+0x10>)
10008232:	b510      	push	{r4, lr}
10008234:	2b00      	cmp	r3, #0
10008236:	d002      	beq.n	1000823e <register_fini+0xe>
10008238:	4802      	ldr	r0, [pc, #8]	@ (10008244 <register_fini+0x14>)
1000823a:	f7ff ff5b 	bl	100080f4 <atexit>
1000823e:	bd10      	pop	{r4, pc}
10008240:	00000000 	.word	0x00000000
10008244:	10008185 	.word	0x10008185

10008248 <_fini>:
10008248:	b5f8      	push	{r3, r4, r5, r6, r7, lr}
1000824a:	46c0      	nop			@ (mov r8, r8)
1000824c:	0000      	movs	r0, r0
	...

10008250 <__e15_is_bulkin_ep_veneer>:
10008250:	b401      	push	{r0}
10008252:	4802      	ldr	r0, [pc, #8]	@ (1000825c <__e15_is_bulkin_ep_veneer+0xc>)
10008254:	4684      	mov	ip, r0
10008256:	bc01      	pop	{r0}
10008258:	4760      	bx	ip
1000825a:	bf00      	nop
1000825c:	20000c2d 	.word	0x20000c2d

10008260 <__e15_is_critical_frame_period_veneer>:
10008260:	b401      	push	{r0}
10008262:	4802      	ldr	r0, [pc, #8]	@ (1000826c <__e15_is_critical_frame_period_veneer+0xc>)
10008264:	4684      	mov	ip, r0
10008266:	bc01      	pop	{r0}
10008268:	4760      	bx	ip
1000826a:	bf00      	nop
1000826c:	20000c55 	.word	0x20000c55

10008270 <__flash_do_cmd_veneer>:
10008270:	b401      	push	{r0}
10008272:	4802      	ldr	r0, [pc, #8]	@ (1000827c <__flash_do_cmd_veneer+0xc>)
10008274:	4684      	mov	ip, r0
10008276:	bc01      	pop	{r0}
10008278:	4760      	bx	ip
1000827a:	bf00      	nop
1000827c:	200002f5 	.word	0x200002f5

10008280 <__mutex_exit_veneer>:
10008280:	b401      	push	{r0}
10008282:	4802      	ldr	r0, [pc, #8]	@ (1000828c <__mutex_exit_veneer+0xc>)
10008284:	4684      	mov	ip, r0
10008286:	bc01      	pop	{r0}
10008288:	4760      	bx	ip
1000828a:	bf00      	nop
1000828c:	2000024d 	.word	0x2000024d

10008290 <____aeabi_ldiv0_veneer>:
10008290:	b401      	push	{r0}
10008292:	4802      	ldr	r0, [pc, #8]	@ (1000829c <____aeabi_ldiv0_veneer+0xc>)
10008294:	4684      	mov	ip, r0
10008296:	bc01      	pop	{r0}
10008298:	4760      	bx	ip
1000829a:	bf00      	nop
1000829c:	20000fa9 	.word	0x20000fa9

100082a0 <__reset_non_control_endpoints_veneer>:
100082a0:	b401      	push	{r0}
100082a2:	4802      	ldr	r0, [pc, #8]	@ (100082ac <__reset_non_control_endpoints_veneer+0xc>)
100082a4:	4684      	mov	ip, r0
100082a6:	bc01      	pop	{r0}
100082a8:	4760      	bx	ip
100082aa:	bf00      	nop
100082ac:	200003c1 	.word	0x200003c1

100082b0 <____aeabi_idiv0_veneer>:
100082b0:	b401      	push	{r0}
100082b2:	4802      	ldr	r0, [pc, #8]	@ (100082bc <____aeabi_idiv0_veneer+0xc>)
100082b4:	4684      	mov	ip, r0
100082b6:	bc01      	pop	{r0}
100082b8:	4760      	bx	ip
100082ba:	bf00      	nop
100082bc:	20000fa9 	.word	0x20000fa9

100082c0 <__mutex_enter_timeout_ms_veneer>:
100082c0:	b401      	push	{r0}
100082c2:	4802      	ldr	r0, [pc, #8]	@ (100082cc <__mutex_enter_timeout_ms_veneer+0xc>)
100082c4:	4684      	mov	ip, r0
100082c6:	bc01      	pop	{r0}
100082c8:	4760      	bx	ip
100082ca:	bf00      	nop
100082cc:	200001b1 	.word	0x200001b1

100082d0 <__mutex_try_enter_block_until_veneer>:
100082d0:	b401      	push	{r0}
100082d2:	4802      	ldr	r0, [pc, #8]	@ (100082dc <__mutex_try_enter_block_until_veneer+0xc>)
100082d4:	4684      	mov	ip, r0
100082d6:	bc01      	pop	{r0}
100082d8:	4760      	bx	ip
100082da:	bf00      	nop
100082dc:	20000109 	.word	0x20000109

100082e0 <__hw_endpoint_start_next_buffer_veneer>:
100082e0:	b401      	push	{r0}
100082e2:	4802      	ldr	r0, [pc, #8]	@ (100082ec <__hw_endpoint_start_next_buffer_veneer+0xc>)
100082e4:	4684      	mov	ip, r0
100082e6:	bc01      	pop	{r0}
100082e8:	4760      	bx	ip
100082ea:	bf00      	nop
100082ec:	20000cf9 	.word	0x20000cf9

100082f0 <___hw_endpoint_buffer_control_update32_veneer>:
100082f0:	b401      	push	{r0}
100082f2:	4802      	ldr	r0, [pc, #8]	@ (100082fc <___hw_endpoint_buffer_control_update32_veneer+0xc>)
100082f4:	4684      	mov	ip, r0
100082f6:	bc01      	pop	{r0}
100082f8:	4760      	bx	ip
100082fa:	bf00      	nop
100082fc:	20000c9d 	.word	0x20000c9d

10008300 <__mutex_enter_blocking_veneer>:
10008300:	b401      	push	{r0}
10008302:	4802      	ldr	r0, [pc, #8]	@ (1000830c <__mutex_enter_blocking_veneer+0xc>)
10008304:	4684      	mov	ip, r0
10008306:	bc01      	pop	{r0}
10008308:	4760      	bx	ip
1000830a:	bf00      	nop
1000830c:	200000c1 	.word	0x200000c1

10008310 <__pre_init_runtime_init_early_resets>:
10008310:	10002cf1                                .,..

10008314 <__pre_init_runtime_init_usb_power_down>:
10008314:	10002d1d 10002e8d 10003d79 100035ad     .-......y=...5..
10008324:	10003c95                                .<..

10008328 <__pre_init_runtime_init_clocks>:
10008328:	10002da9                                .-..

1000832c <__pre_init_runtime_init_post_clock_resets>:
1000832c:	10002d39                                9-..

10008330 <__pre_init_runtime_init_rp2040_gpio_ie_disable>:
10008330:	10002d59                                Y-..

10008334 <__pre_init_runtime_init_spin_locks_reset>:
10008334:	10002d6d                                m-..

10008338 <__pre_init_runtime_init_mutex>:
10008338:	10001f19                                ....

1000833c <__pre_init_runtime_init_install_ram_vector_table>:
1000833c:	10002d81                                .-..

10008340 <__pre_init_runtime_init_default_alarm_pool>:
10008340:	100022e5                                ."..

10008344 <__pre_init_first_per_core_initializer>:
10008344:	10002c6d                                m,..

10008348 <__pre_init_runtime_init_per_core_irq_priorities>:
10008348:	100019b5                                ....

1000834c <__init_array_start>:
1000834c:	10008231 	.word	0x10008231

10008350 <__frame_dummy_init_array_entry>:
10008350:	100002fd 10005cb5                       .....\..

Disassembly of section .data:

200000c0 <mutex_enter_blocking>:
200000c0:	23d0      	movs	r3, #208	@ 0xd0
200000c2:	b530      	push	{r4, r5, lr}
200000c4:	2500      	movs	r5, #0
200000c6:	061b      	lsls	r3, r3, #24
200000c8:	2400      	movs	r4, #0
200000ca:	575d      	ldrsb	r5, [r3, r5]
200000cc:	e006      	b.n	200000dc <mutex_enter_blocking+0x1c>
200000ce:	6803      	ldr	r3, [r0, #0]
200000d0:	f3bf 8f5f 	dmb	sy
200000d4:	601c      	str	r4, [r3, #0]
200000d6:	f381 8810 	msr	PRIMASK, r1
200000da:	bf20      	wfe
200000dc:	6802      	ldr	r2, [r0, #0]
200000de:	f3ef 8110 	mrs	r1, PRIMASK
200000e2:	b672      	cpsid	i
200000e4:	6813      	ldr	r3, [r2, #0]
200000e6:	2b00      	cmp	r3, #0
200000e8:	d0fc      	beq.n	200000e4 <mutex_enter_blocking+0x24>
200000ea:	f3bf 8f5f 	dmb	sy
200000ee:	7903      	ldrb	r3, [r0, #4]
200000f0:	2b7f      	cmp	r3, #127	@ 0x7f
200000f2:	d9ec      	bls.n	200000ce <mutex_enter_blocking+0xe>
200000f4:	7105      	strb	r5, [r0, #4]
200000f6:	6803      	ldr	r3, [r0, #0]
200000f8:	f3bf 8f5f 	dmb	sy
200000fc:	2200      	movs	r2, #0
200000fe:	601a      	str	r2, [r3, #0]
20000100:	f381 8810 	msr	PRIMASK, r1
20000104:	bd30      	pop	{r4, r5, pc}
20000106:	46c0      	nop			@ (mov r8, r8)

20000108 <mutex_try_enter_block_until>:
20000108:	b5f0      	push	{r4, r5, r6, r7, lr}
2000010a:	46c6      	mov	lr, r8
2000010c:	0015      	movs	r5, r2
2000010e:	001e      	movs	r6, r3
20000110:	2200      	movs	r2, #0
20000112:	0004      	movs	r4, r0
20000114:	b500      	push	{lr}
20000116:	4b25      	ldr	r3, [pc, #148]	@ (200001ac <mutex_try_enter_block_until+0xa4>)
20000118:	446b      	add	r3, sp
2000011a:	601a      	str	r2, [r3, #0]
2000011c:	6802      	ldr	r2, [r0, #0]
2000011e:	f3ef 8110 	mrs	r1, PRIMASK
20000122:	b672      	cpsid	i
20000124:	6813      	ldr	r3, [r2, #0]
20000126:	2b00      	cmp	r3, #0
20000128:	d0fc      	beq.n	20000124 <mutex_try_enter_block_until+0x1c>
2000012a:	f3bf 8f5f 	dmb	sy
2000012e:	2304      	movs	r3, #4
20000130:	56e3      	ldrsb	r3, [r4, r3]
20000132:	2b00      	cmp	r3, #0
20000134:	db2d      	blt.n	20000192 <mutex_try_enter_block_until+0x8a>
20000136:	6822      	ldr	r2, [r4, #0]
20000138:	f3bf 8f5f 	dmb	sy
2000013c:	2000      	movs	r0, #0
2000013e:	6010      	str	r0, [r2, #0]
20000140:	f381 8810 	msr	PRIMASK, r1
20000144:	22d0      	movs	r2, #208	@ 0xd0
20000146:	0612      	lsls	r2, r2, #24
20000148:	7812      	ldrb	r2, [r2, #0]
2000014a:	b252      	sxtb	r2, r2
2000014c:	4690      	mov	r8, r2
2000014e:	429a      	cmp	r2, r3
20000150:	d103      	bne.n	2000015a <mutex_try_enter_block_until+0x52>
20000152:	2000      	movs	r0, #0
20000154:	bc80      	pop	{r7}
20000156:	46b8      	mov	r8, r7
20000158:	bdf0      	pop	{r4, r5, r6, r7, pc}
2000015a:	2700      	movs	r7, #0
2000015c:	e00b      	b.n	20000176 <mutex_try_enter_block_until+0x6e>
2000015e:	6823      	ldr	r3, [r4, #0]
20000160:	f3bf 8f5f 	dmb	sy
20000164:	601f      	str	r7, [r3, #0]
20000166:	f381 8810 	msr	PRIMASK, r1
2000016a:	0028      	movs	r0, r5
2000016c:	0031      	movs	r1, r6
2000016e:	f000 ff57 	bl	20001020 <__best_effort_wfe_or_timeout_veneer>
20000172:	2800      	cmp	r0, #0
20000174:	d1ed      	bne.n	20000152 <mutex_try_enter_block_until+0x4a>
20000176:	6822      	ldr	r2, [r4, #0]
20000178:	f3ef 8110 	mrs	r1, PRIMASK
2000017c:	b672      	cpsid	i
2000017e:	6813      	ldr	r3, [r2, #0]
20000180:	2b00      	cmp	r3, #0
20000182:	d0fc      	beq.n	2000017e <mutex_try_enter_block_until+0x76>
20000184:	f3bf 8f5f 	dmb	sy
20000188:	7923      	ldrb	r3, [r4, #4]
2000018a:	2b7f      	cmp	r3, #127	@ 0x7f
2000018c:	d9e7      	bls.n	2000015e <mutex_try_enter_block_until+0x56>
2000018e:	4643      	mov	r3, r8
20000190:	e002      	b.n	20000198 <mutex_try_enter_block_until+0x90>
20000192:	23d0      	movs	r3, #208	@ 0xd0
20000194:	061b      	lsls	r3, r3, #24
20000196:	681b      	ldr	r3, [r3, #0]
20000198:	7123      	strb	r3, [r4, #4]
2000019a:	6823      	ldr	r3, [r4, #0]
2000019c:	f3bf 8f5f 	dmb	sy
200001a0:	2200      	movs	r2, #0
200001a2:	601a      	str	r2, [r3, #0]
200001a4:	f381 8810 	msr	PRIMASK, r1
200001a8:	2001      	movs	r0, #1
200001aa:	e7d3      	b.n	20000154 <mutex_try_enter_block_until+0x4c>
200001ac:	ffffeed8 	.word	0xffffeed8

200001b0 <mutex_enter_timeout_ms>:
200001b0:	b5f0      	push	{r4, r5, r6, r7, lr}
200001b2:	46c6      	mov	lr, r8
200001b4:	2200      	movs	r2, #0
200001b6:	0004      	movs	r4, r0
200001b8:	000d      	movs	r5, r1
200001ba:	b500      	push	{lr}
200001bc:	4b21      	ldr	r3, [pc, #132]	@ (20000244 <mutex_enter_timeout_ms+0x94>)
200001be:	446b      	add	r3, sp
200001c0:	601a      	str	r2, [r3, #0]
200001c2:	f000 ff25 	bl	20001010 <__time_us_64_veneer>
200001c6:	22fa      	movs	r2, #250	@ 0xfa
200001c8:	0006      	movs	r6, r0
200001ca:	000f      	movs	r7, r1
200001cc:	2300      	movs	r3, #0
200001ce:	0028      	movs	r0, r5
200001d0:	2100      	movs	r1, #0
200001d2:	0092      	lsls	r2, r2, #2
200001d4:	f000 fef4 	bl	20000fc0 <____wrap___aeabi_lmul_veneer>
200001d8:	2380      	movs	r3, #128	@ 0x80
200001da:	1836      	adds	r6, r6, r0
200001dc:	414f      	adcs	r7, r1
200001de:	061b      	lsls	r3, r3, #24
200001e0:	429f      	cmp	r7, r3
200001e2:	d302      	bcc.n	200001ea <mutex_enter_timeout_ms+0x3a>
200001e4:	2601      	movs	r6, #1
200001e6:	4f18      	ldr	r7, [pc, #96]	@ (20000248 <mutex_enter_timeout_ms+0x98>)
200001e8:	4276      	negs	r6, r6
200001ea:	23d0      	movs	r3, #208	@ 0xd0
200001ec:	061b      	lsls	r3, r3, #24
200001ee:	681b      	ldr	r3, [r3, #0]
200001f0:	2500      	movs	r5, #0
200001f2:	4698      	mov	r8, r3
200001f4:	e00b      	b.n	2000020e <mutex_enter_timeout_ms+0x5e>
200001f6:	6823      	ldr	r3, [r4, #0]
200001f8:	f3bf 8f5f 	dmb	sy
200001fc:	601d      	str	r5, [r3, #0]
200001fe:	f381 8810 	msr	PRIMASK, r1
20000202:	0030      	movs	r0, r6
20000204:	0039      	movs	r1, r7
20000206:	f000 ff0b 	bl	20001020 <__best_effort_wfe_or_timeout_veneer>
2000020a:	2800      	cmp	r0, #0
2000020c:	d118      	bne.n	20000240 <mutex_enter_timeout_ms+0x90>
2000020e:	6822      	ldr	r2, [r4, #0]
20000210:	f3ef 8110 	mrs	r1, PRIMASK
20000214:	b672      	cpsid	i
20000216:	6813      	ldr	r3, [r2, #0]
20000218:	2b00      	cmp	r3, #0
2000021a:	d0fc      	beq.n	20000216 <mutex_enter_timeout_ms+0x66>
2000021c:	f3bf 8f5f 	dmb	sy
20000220:	7923      	ldrb	r3, [r4, #4]
20000222:	2b7f      	cmp	r3, #127	@ 0x7f
20000224:	d9e7      	bls.n	200001f6 <mutex_enter_timeout_ms+0x46>
20000226:	4643      	mov	r3, r8
20000228:	7123      	strb	r3, [r4, #4]
2000022a:	6823      	ldr	r3, [r4, #0]
2000022c:	f3bf 8f5f 	dmb	sy
20000230:	2200      	movs	r2, #0
20000232:	601a      	str	r2, [r3, #0]
20000234:	f381 8810 	msr	PRIMASK, r1
20000238:	2001      	movs	r0, #1
2000023a:	bc80      	pop	{r7}
2000023c:	46b8      	mov	r8, r7
2000023e:	bdf0      	pop	{r4, r5, r6, r7, pc}
20000240:	2000      	movs	r0, #0
20000242:	e7fa      	b.n	2000023a <mutex_enter_timeout_ms+0x8a>
20000244:	ffffeed8 	.word	0xffffeed8
20000248:	7fffffff 	.word	0x7fffffff

2000024c <mutex_exit>:
2000024c:	6802      	ldr	r2, [r0, #0]
2000024e:	f3ef 8110 	mrs	r1, PRIMASK
20000252:	b672      	cpsid	i
20000254:	6813      	ldr	r3, [r2, #0]
20000256:	2b00      	cmp	r3, #0
20000258:	d0fc      	beq.n	20000254 <mutex_exit+0x8>
2000025a:	f3bf 8f5f 	dmb	sy
2000025e:	23ff      	movs	r3, #255	@ 0xff
20000260:	7103      	strb	r3, [r0, #4]
20000262:	6803      	ldr	r3, [r0, #0]
20000264:	f3bf 8f5f 	dmb	sy
20000268:	2200      	movs	r2, #0
2000026a:	601a      	str	r2, [r3, #0]
2000026c:	f381 8810 	msr	PRIMASK, r1
20000270:	bf40      	sev
20000272:	4770      	bx	lr

20000274 <flash_init_boot2_copyout>:
20000274:	b510      	push	{r4, lr}
20000276:	4c08      	ldr	r4, [pc, #32]	@ (20000298 <flash_init_boot2_copyout+0x24>)
20000278:	7823      	ldrb	r3, [r4, #0]
2000027a:	2b00      	cmp	r3, #0
2000027c:	d10a      	bne.n	20000294 <flash_init_boot2_copyout+0x20>
2000027e:	2380      	movs	r3, #128	@ 0x80
20000280:	4806      	ldr	r0, [pc, #24]	@ (2000029c <flash_init_boot2_copyout+0x28>)
20000282:	4907      	ldr	r1, [pc, #28]	@ (200002a0 <flash_init_boot2_copyout+0x2c>)
20000284:	055b      	lsls	r3, r3, #21
20000286:	681a      	ldr	r2, [r3, #0]
20000288:	50c2      	str	r2, [r0, r3]
2000028a:	3304      	adds	r3, #4
2000028c:	428b      	cmp	r3, r1
2000028e:	d1fa      	bne.n	20000286 <flash_init_boot2_copyout+0x12>
20000290:	2301      	movs	r3, #1
20000292:	7023      	strb	r3, [r4, #0]
20000294:	bd10      	pop	{r4, pc}
20000296:	46c0      	nop			@ (mov r8, r8)
20000298:	20002693 	.word	0x20002693
2000029c:	10001ff8 	.word	0x10001ff8
200002a0:	10000100 	.word	0x10000100

200002a4 <flash_enable_xip_via_boot2>:
200002a4:	2200      	movs	r2, #0
200002a6:	b510      	push	{r4, lr}
200002a8:	4b02      	ldr	r3, [pc, #8]	@ (200002b4 <flash_enable_xip_via_boot2+0x10>)
200002aa:	446b      	add	r3, sp
200002ac:	601a      	str	r2, [r3, #0]
200002ae:	4b02      	ldr	r3, [pc, #8]	@ (200002b8 <flash_enable_xip_via_boot2+0x14>)
200002b0:	4798      	blx	r3
200002b2:	bd10      	pop	{r4, pc}
200002b4:	ffffeed8 	.word	0xffffeed8
200002b8:	20001ff9 	.word	0x20001ff9

200002bc <flash_cs_force.constprop.0>:
200002bc:	4b03      	ldr	r3, [pc, #12]	@ (200002cc <flash_cs_force.constprop.0+0x10>)
200002be:	681a      	ldr	r2, [r3, #0]
200002c0:	23c0      	movs	r3, #192	@ 0xc0
200002c2:	009b      	lsls	r3, r3, #2
200002c4:	4393      	bics	r3, r2
200002c6:	4a02      	ldr	r2, [pc, #8]	@ (200002d0 <flash_cs_force.constprop.0+0x14>)
200002c8:	6013      	str	r3, [r2, #0]
200002ca:	4770      	bx	lr
200002cc:	4001800c 	.word	0x4001800c
200002d0:	4001900c 	.word	0x4001900c

200002d4 <flash_cs_force.constprop.1>:
200002d4:	4b05      	ldr	r3, [pc, #20]	@ (200002ec <flash_cs_force.constprop.1+0x18>)
200002d6:	681a      	ldr	r2, [r3, #0]
200002d8:	2380      	movs	r3, #128	@ 0x80
200002da:	009b      	lsls	r3, r3, #2
200002dc:	4053      	eors	r3, r2
200002de:	22c0      	movs	r2, #192	@ 0xc0
200002e0:	0092      	lsls	r2, r2, #2
200002e2:	4013      	ands	r3, r2
200002e4:	4a02      	ldr	r2, [pc, #8]	@ (200002f0 <flash_cs_force.constprop.1+0x1c>)
200002e6:	6013      	str	r3, [r2, #0]
200002e8:	4770      	bx	lr
200002ea:	46c0      	nop			@ (mov r8, r8)
200002ec:	4001800c 	.word	0x4001800c
200002f0:	4001900c 	.word	0x4001900c

200002f4 <flash_do_cmd>:
200002f4:	b5f0      	push	{r4, r5, r6, r7, lr}
200002f6:	464f      	mov	r7, r9
200002f8:	4646      	mov	r6, r8
200002fa:	46d6      	mov	lr, sl
200002fc:	0014      	movs	r4, r2
200002fe:	b5c0      	push	{r6, r7, lr}
20000300:	2200      	movs	r2, #0
20000302:	4681      	mov	r9, r0
20000304:	000e      	movs	r6, r1
20000306:	4b2a      	ldr	r3, [pc, #168]	@ (200003b0 <flash_do_cmd+0xbc>)
20000308:	446b      	add	r3, sp
2000030a:	601a      	str	r2, [r3, #0]
2000030c:	2314      	movs	r3, #20
2000030e:	469a      	mov	sl, r3
20000310:	8818      	ldrh	r0, [r3, #0]
20000312:	3304      	adds	r3, #4
20000314:	4698      	mov	r8, r3
20000316:	4927      	ldr	r1, [pc, #156]	@ (200003b4 <flash_do_cmd+0xc0>)
20000318:	881b      	ldrh	r3, [r3, #0]
2000031a:	4798      	blx	r3
2000031c:	4653      	mov	r3, sl
2000031e:	0007      	movs	r7, r0
20000320:	8818      	ldrh	r0, [r3, #0]
20000322:	4643      	mov	r3, r8
20000324:	4924      	ldr	r1, [pc, #144]	@ (200003b8 <flash_do_cmd+0xc4>)
20000326:	881b      	ldrh	r3, [r3, #0]
20000328:	4798      	blx	r3
2000032a:	4653      	mov	r3, sl
2000032c:	0005      	movs	r5, r0
2000032e:	8818      	ldrh	r0, [r3, #0]
20000330:	4643      	mov	r3, r8
20000332:	4922      	ldr	r1, [pc, #136]	@ (200003bc <flash_do_cmd+0xc8>)
20000334:	881b      	ldrh	r3, [r3, #0]
20000336:	4798      	blx	r3
20000338:	4680      	mov	r8, r0
2000033a:	f7ff ff9b 	bl	20000274 <flash_init_boot2_copyout>
2000033e:	47b8      	blx	r7
20000340:	47a8      	blx	r5
20000342:	f7ff ffc7 	bl	200002d4 <flash_cs_force.constprop.1>
20000346:	1e22      	subs	r2, r4, #0
20000348:	d020      	beq.n	2000038c <flash_do_cmd+0x98>
2000034a:	21c0      	movs	r1, #192	@ 0xc0
2000034c:	2708      	movs	r7, #8
2000034e:	2002      	movs	r0, #2
20000350:	0549      	lsls	r1, r1, #21
20000352:	e011      	b.n	20000378 <flash_do_cmd+0x84>
20000354:	2c00      	cmp	r4, #0
20000356:	d014      	beq.n	20000382 <flash_do_cmd+0x8e>
20000358:	1b13      	subs	r3, r2, r4
2000035a:	2b0d      	cmp	r3, #13
2000035c:	d920      	bls.n	200003a0 <flash_do_cmd+0xac>
2000035e:	2d00      	cmp	r5, #0
20000360:	d00a      	beq.n	20000378 <flash_do_cmd+0x84>
20000362:	0023      	movs	r3, r4
20000364:	2a00      	cmp	r2, #0
20000366:	d005      	beq.n	20000374 <flash_do_cmd+0x80>
20000368:	6e0b      	ldr	r3, [r1, #96]	@ 0x60
2000036a:	3a01      	subs	r2, #1
2000036c:	7033      	strb	r3, [r6, #0]
2000036e:	0013      	movs	r3, r2
20000370:	3601      	adds	r6, #1
20000372:	4323      	orrs	r3, r4
20000374:	2b00      	cmp	r3, #0
20000376:	d009      	beq.n	2000038c <flash_do_cmd+0x98>
20000378:	003d      	movs	r5, r7
2000037a:	6a8b      	ldr	r3, [r1, #40]	@ 0x28
2000037c:	401d      	ands	r5, r3
2000037e:	4218      	tst	r0, r3
20000380:	d1e8      	bne.n	20000354 <flash_do_cmd+0x60>
20000382:	2d00      	cmp	r5, #0
20000384:	d1ed      	bne.n	20000362 <flash_do_cmd+0x6e>
20000386:	0023      	movs	r3, r4
20000388:	4313      	orrs	r3, r2
2000038a:	d1f5      	bne.n	20000378 <flash_do_cmd+0x84>
2000038c:	f7ff ff96 	bl	200002bc <flash_cs_force.constprop.0>
20000390:	47c0      	blx	r8
20000392:	f7ff ff87 	bl	200002a4 <flash_enable_xip_via_boot2>
20000396:	bce0      	pop	{r5, r6, r7}
20000398:	46ba      	mov	sl, r7
2000039a:	46b1      	mov	r9, r6
2000039c:	46a8      	mov	r8, r5
2000039e:	bdf0      	pop	{r4, r5, r6, r7, pc}
200003a0:	464b      	mov	r3, r9
200003a2:	781b      	ldrb	r3, [r3, #0]
200003a4:	3c01      	subs	r4, #1
200003a6:	660b      	str	r3, [r1, #96]	@ 0x60
200003a8:	2301      	movs	r3, #1
200003aa:	469c      	mov	ip, r3
200003ac:	44e1      	add	r9, ip
200003ae:	e7e8      	b.n	20000382 <flash_do_cmd+0x8e>
200003b0:	ffffeed8 	.word	0xffffeed8
200003b4:	00004649 	.word	0x00004649
200003b8:	00005845 	.word	0x00005845
200003bc:	00004346 	.word	0x00004346

200003c0 <reset_non_control_endpoints>:
200003c0:	2300      	movs	r3, #0
200003c2:	b510      	push	{r4, lr}
200003c4:	4a15      	ldr	r2, [pc, #84]	@ (2000041c <reset_non_control_endpoints+0x5c>)
200003c6:	446a      	add	r2, sp
200003c8:	6013      	str	r3, [r2, #0]
200003ca:	4a15      	ldr	r2, [pc, #84]	@ (20000420 <reset_non_control_endpoints+0x60>)
200003cc:	2100      	movs	r1, #0
200003ce:	6093      	str	r3, [r2, #8]
200003d0:	60d3      	str	r3, [r2, #12]
200003d2:	6113      	str	r3, [r2, #16]
200003d4:	6153      	str	r3, [r2, #20]
200003d6:	6193      	str	r3, [r2, #24]
200003d8:	61d3      	str	r3, [r2, #28]
200003da:	6213      	str	r3, [r2, #32]
200003dc:	6253      	str	r3, [r2, #36]	@ 0x24
200003de:	6293      	str	r3, [r2, #40]	@ 0x28
200003e0:	62d3      	str	r3, [r2, #44]	@ 0x2c
200003e2:	6313      	str	r3, [r2, #48]	@ 0x30
200003e4:	6353      	str	r3, [r2, #52]	@ 0x34
200003e6:	6393      	str	r3, [r2, #56]	@ 0x38
200003e8:	63d3      	str	r3, [r2, #60]	@ 0x3c
200003ea:	6413      	str	r3, [r2, #64]	@ 0x40
200003ec:	6453      	str	r3, [r2, #68]	@ 0x44
200003ee:	6493      	str	r3, [r2, #72]	@ 0x48
200003f0:	64d3      	str	r3, [r2, #76]	@ 0x4c
200003f2:	6513      	str	r3, [r2, #80]	@ 0x50
200003f4:	6553      	str	r3, [r2, #84]	@ 0x54
200003f6:	6593      	str	r3, [r2, #88]	@ 0x58
200003f8:	65d3      	str	r3, [r2, #92]	@ 0x5c
200003fa:	6613      	str	r3, [r2, #96]	@ 0x60
200003fc:	6653      	str	r3, [r2, #100]	@ 0x64
200003fe:	6693      	str	r3, [r2, #104]	@ 0x68
20000400:	66d3      	str	r3, [r2, #108]	@ 0x6c
20000402:	6713      	str	r3, [r2, #112]	@ 0x70
20000404:	6753      	str	r3, [r2, #116]	@ 0x74
20000406:	6793      	str	r3, [r2, #120]	@ 0x78
20000408:	67d3      	str	r3, [r2, #124]	@ 0x7c
2000040a:	22f0      	movs	r2, #240	@ 0xf0
2000040c:	4805      	ldr	r0, [pc, #20]	@ (20000424 <reset_non_control_endpoints+0x64>)
2000040e:	0092      	lsls	r2, r2, #2
20000410:	f000 fdf6 	bl	20001000 <____wrap_memset_veneer>
20000414:	4b04      	ldr	r3, [pc, #16]	@ (20000428 <reset_non_control_endpoints+0x68>)
20000416:	4a05      	ldr	r2, [pc, #20]	@ (2000042c <reset_non_control_endpoints+0x6c>)
20000418:	601a      	str	r2, [r3, #0]
2000041a:	bd10      	pop	{r4, pc}
2000041c:	ffffeed8 	.word	0xffffeed8
20000420:	50100000 	.word	0x50100000
20000424:	200021a0 	.word	0x200021a0
20000428:	20002658 	.word	0x20002658
2000042c:	50100180 	.word	0x50100180

20000430 <hw_handle_buff_status>:
20000430:	b5f0      	push	{r4, r5, r6, r7, lr}
20000432:	46de      	mov	lr, fp
20000434:	4657      	mov	r7, sl
20000436:	464e      	mov	r6, r9
20000438:	4645      	mov	r5, r8
2000043a:	2200      	movs	r2, #0
2000043c:	b5e0      	push	{r5, r6, r7, lr}
2000043e:	4b27      	ldr	r3, [pc, #156]	@ (200004dc <hw_handle_buff_status+0xac>)
20000440:	b087      	sub	sp, #28
20000442:	446b      	add	r3, sp
20000444:	601a      	str	r2, [r3, #0]
20000446:	4b26      	ldr	r3, [pc, #152]	@ (200004e0 <hw_handle_buff_status+0xb0>)
20000448:	2500      	movs	r5, #0
2000044a:	6d9f      	ldr	r7, [r3, #88]	@ 0x58
2000044c:	2601      	movs	r6, #1
2000044e:	2f00      	cmp	r7, #0
20000450:	d023      	beq.n	2000049a <hw_handle_buff_status+0x6a>
20000452:	4b24      	ldr	r3, [pc, #144]	@ (200004e4 <hw_handle_buff_status+0xb4>)
20000454:	4699      	mov	r9, r3
20000456:	2301      	movs	r3, #1
20000458:	469b      	mov	fp, r3
2000045a:	4b23      	ldr	r3, [pc, #140]	@ (200004e8 <hw_handle_buff_status+0xb8>)
2000045c:	4698      	mov	r8, r3
2000045e:	e001      	b.n	20000464 <hw_handle_buff_status+0x34>
20000460:	2d20      	cmp	r5, #32
20000462:	d01a      	beq.n	2000049a <hw_handle_buff_status+0x6a>
20000464:	0032      	movs	r2, r6
20000466:	002c      	movs	r4, r5
20000468:	3501      	adds	r5, #1
2000046a:	46b2      	mov	sl, r6
2000046c:	403a      	ands	r2, r7
2000046e:	b2ed      	uxtb	r5, r5
20000470:	0076      	lsls	r6, r6, #1
20000472:	2a00      	cmp	r2, #0
20000474:	d0f4      	beq.n	20000460 <hw_handle_buff_status+0x30>
20000476:	464b      	mov	r3, r9
20000478:	4652      	mov	r2, sl
2000047a:	659a      	str	r2, [r3, #88]	@ 0x58
2000047c:	465b      	mov	r3, fp
2000047e:	0864      	lsrs	r4, r4, #1
20000480:	0064      	lsls	r4, r4, #1
20000482:	402b      	ands	r3, r5
20000484:	18e4      	adds	r4, r4, r3
20000486:	0164      	lsls	r4, r4, #5
20000488:	4444      	add	r4, r8
2000048a:	0020      	movs	r0, r4
2000048c:	f000 fc70 	bl	20000d70 <hw_endpoint_xfer_continue>
20000490:	2800      	cmp	r0, #0
20000492:	d109      	bne.n	200004a8 <hw_handle_buff_status+0x78>
20000494:	4653      	mov	r3, sl
20000496:	439f      	bics	r7, r3
20000498:	d1e2      	bne.n	20000460 <hw_handle_buff_status+0x30>
2000049a:	b007      	add	sp, #28
2000049c:	bcf0      	pop	{r4, r5, r6, r7}
2000049e:	46bb      	mov	fp, r7
200004a0:	46b2      	mov	sl, r6
200004a2:	46a9      	mov	r9, r5
200004a4:	46a0      	mov	r8, r4
200004a6:	bdf0      	pop	{r4, r5, r6, r7, pc}
200004a8:	8ae2      	ldrh	r2, [r4, #22]
200004aa:	78a3      	ldrb	r3, [r4, #2]
200004ac:	a802      	add	r0, sp, #8
200004ae:	9201      	str	r2, [sp, #4]
200004b0:	2100      	movs	r1, #0
200004b2:	2206      	movs	r2, #6
200004b4:	3006      	adds	r0, #6
200004b6:	9300      	str	r3, [sp, #0]
200004b8:	f000 fda2 	bl	20001000 <____wrap_memset_veneer>
200004bc:	23e0      	movs	r3, #224	@ 0xe0
200004be:	a902      	add	r1, sp, #8
200004c0:	00db      	lsls	r3, r3, #3
200004c2:	808b      	strh	r3, [r1, #4]
200004c4:	9b00      	ldr	r3, [sp, #0]
200004c6:	9a01      	ldr	r2, [sp, #4]
200004c8:	720b      	strb	r3, [r1, #8]
200004ca:	a803      	add	r0, sp, #12
200004cc:	2101      	movs	r1, #1
200004ce:	9205      	str	r2, [sp, #20]
200004d0:	f000 fc74 	bl	20000dbc <dcd_event_handler>
200004d4:	0020      	movs	r0, r4
200004d6:	f000 fbdb 	bl	20000c90 <hw_endpoint_reset_transfer>
200004da:	e7db      	b.n	20000494 <hw_handle_buff_status+0x64>
200004dc:	ffffeed8 	.word	0xffffeed8
200004e0:	50110000 	.word	0x50110000
200004e4:	50113000 	.word	0x50113000
200004e8:	20002160 	.word	0x20002160

200004ec <dcd_rp2040_irq>:
200004ec:	b5f0      	push	{r4, r5, r6, r7, lr}
200004ee:	46c6      	mov	lr, r8
200004f0:	2200      	movs	r2, #0
200004f2:	b500      	push	{lr}
200004f4:	4bce      	ldr	r3, [pc, #824]	@ (20000830 <dcd_rp2040_irq+0x344>)
200004f6:	b084      	sub	sp, #16
200004f8:	446b      	add	r3, sp
200004fa:	601a      	str	r2, [r3, #0]
200004fc:	2398      	movs	r3, #152	@ 0x98
200004fe:	49cd      	ldr	r1, [pc, #820]	@ (20000834 <dcd_rp2040_irq+0x348>)
20000500:	2410      	movs	r4, #16
20000502:	58cd      	ldr	r5, [r1, r3]
20000504:	2380      	movs	r3, #128	@ 0x80
20000506:	002e      	movs	r6, r5
20000508:	029b      	lsls	r3, r3, #10
2000050a:	401e      	ands	r6, r3
2000050c:	421d      	tst	r5, r3
2000050e:	d07a      	beq.n	20000606 <dcd_rp2040_irq+0x11a>
20000510:	4bc9      	ldr	r3, [pc, #804]	@ (20000838 <dcd_rp2040_irq+0x34c>)
20000512:	4cca      	ldr	r4, [pc, #808]	@ (2000083c <dcd_rp2040_irq+0x350>)
20000514:	6a99      	ldr	r1, [r3, #40]	@ 0x28
20000516:	4bca      	ldr	r3, [pc, #808]	@ (20000840 <dcd_rp2040_irq+0x354>)
20000518:	2600      	movs	r6, #0
2000051a:	6019      	str	r1, [r3, #0]
2000051c:	233b      	movs	r3, #59	@ 0x3b
2000051e:	5ce3      	ldrb	r3, [r4, r3]
20000520:	2b02      	cmp	r3, #2
20000522:	d100      	bne.n	20000526 <dcd_rp2040_irq+0x3a>
20000524:	e10e      	b.n	20000744 <dcd_rp2040_irq+0x258>
20000526:	237b      	movs	r3, #123	@ 0x7b
20000528:	5ce3      	ldrb	r3, [r4, r3]
2000052a:	2b02      	cmp	r3, #2
2000052c:	d100      	bne.n	20000530 <dcd_rp2040_irq+0x44>
2000052e:	e125      	b.n	2000077c <dcd_rp2040_irq+0x290>
20000530:	23bb      	movs	r3, #187	@ 0xbb
20000532:	5ce3      	ldrb	r3, [r4, r3]
20000534:	2b02      	cmp	r3, #2
20000536:	d100      	bne.n	2000053a <dcd_rp2040_irq+0x4e>
20000538:	e114      	b.n	20000764 <dcd_rp2040_irq+0x278>
2000053a:	23fb      	movs	r3, #251	@ 0xfb
2000053c:	5ce3      	ldrb	r3, [r4, r3]
2000053e:	2b02      	cmp	r3, #2
20000540:	d100      	bne.n	20000544 <dcd_rp2040_irq+0x58>
20000542:	e14e      	b.n	200007e2 <dcd_rp2040_irq+0x2f6>
20000544:	233c      	movs	r3, #60	@ 0x3c
20000546:	33ff      	adds	r3, #255	@ 0xff
20000548:	5ce3      	ldrb	r3, [r4, r3]
2000054a:	2b02      	cmp	r3, #2
2000054c:	d100      	bne.n	20000550 <dcd_rp2040_irq+0x64>
2000054e:	e13b      	b.n	200007c8 <dcd_rp2040_irq+0x2dc>
20000550:	237c      	movs	r3, #124	@ 0x7c
20000552:	33ff      	adds	r3, #255	@ 0xff
20000554:	5ce3      	ldrb	r3, [r4, r3]
20000556:	2b02      	cmp	r3, #2
20000558:	d100      	bne.n	2000055c <dcd_rp2040_irq+0x70>
2000055a:	e128      	b.n	200007ae <dcd_rp2040_irq+0x2c2>
2000055c:	23bc      	movs	r3, #188	@ 0xbc
2000055e:	33ff      	adds	r3, #255	@ 0xff
20000560:	5ce3      	ldrb	r3, [r4, r3]
20000562:	2b02      	cmp	r3, #2
20000564:	d100      	bne.n	20000568 <dcd_rp2040_irq+0x7c>
20000566:	e115      	b.n	20000794 <dcd_rp2040_irq+0x2a8>
20000568:	23fc      	movs	r3, #252	@ 0xfc
2000056a:	33ff      	adds	r3, #255	@ 0xff
2000056c:	5ce3      	ldrb	r3, [r4, r3]
2000056e:	2b02      	cmp	r3, #2
20000570:	d100      	bne.n	20000574 <dcd_rp2040_irq+0x88>
20000572:	e1c0      	b.n	200008f6 <dcd_rp2040_irq+0x40a>
20000574:	4bb3      	ldr	r3, [pc, #716]	@ (20000844 <dcd_rp2040_irq+0x358>)
20000576:	5ce3      	ldrb	r3, [r4, r3]
20000578:	2b02      	cmp	r3, #2
2000057a:	d100      	bne.n	2000057e <dcd_rp2040_irq+0x92>
2000057c:	e1b0      	b.n	200008e0 <dcd_rp2040_irq+0x3f4>
2000057e:	4bb2      	ldr	r3, [pc, #712]	@ (20000848 <dcd_rp2040_irq+0x35c>)
20000580:	5ce3      	ldrb	r3, [r4, r3]
20000582:	2b02      	cmp	r3, #2
20000584:	d100      	bne.n	20000588 <dcd_rp2040_irq+0x9c>
20000586:	e19f      	b.n	200008c8 <dcd_rp2040_irq+0x3dc>
20000588:	4bb0      	ldr	r3, [pc, #704]	@ (2000084c <dcd_rp2040_irq+0x360>)
2000058a:	5ce3      	ldrb	r3, [r4, r3]
2000058c:	2b02      	cmp	r3, #2
2000058e:	d100      	bne.n	20000592 <dcd_rp2040_irq+0xa6>
20000590:	e18e      	b.n	200008b0 <dcd_rp2040_irq+0x3c4>
20000592:	4baf      	ldr	r3, [pc, #700]	@ (20000850 <dcd_rp2040_irq+0x364>)
20000594:	5ce3      	ldrb	r3, [r4, r3]
20000596:	2b02      	cmp	r3, #2
20000598:	d100      	bne.n	2000059c <dcd_rp2040_irq+0xb0>
2000059a:	e17d      	b.n	20000898 <dcd_rp2040_irq+0x3ac>
2000059c:	4bad      	ldr	r3, [pc, #692]	@ (20000854 <dcd_rp2040_irq+0x368>)
2000059e:	5ce3      	ldrb	r3, [r4, r3]
200005a0:	2b02      	cmp	r3, #2
200005a2:	d100      	bne.n	200005a6 <dcd_rp2040_irq+0xba>
200005a4:	e16c      	b.n	20000880 <dcd_rp2040_irq+0x394>
200005a6:	4bac      	ldr	r3, [pc, #688]	@ (20000858 <dcd_rp2040_irq+0x36c>)
200005a8:	5ce3      	ldrb	r3, [r4, r3]
200005aa:	2b02      	cmp	r3, #2
200005ac:	d100      	bne.n	200005b0 <dcd_rp2040_irq+0xc4>
200005ae:	e124      	b.n	200007fa <dcd_rp2040_irq+0x30e>
200005b0:	4baa      	ldr	r3, [pc, #680]	@ (2000085c <dcd_rp2040_irq+0x370>)
200005b2:	5ce3      	ldrb	r3, [r4, r3]
200005b4:	2b02      	cmp	r3, #2
200005b6:	d100      	bne.n	200005ba <dcd_rp2040_irq+0xce>
200005b8:	e1a9      	b.n	2000090e <dcd_rp2040_irq+0x422>
200005ba:	4ba9      	ldr	r3, [pc, #676]	@ (20000860 <dcd_rp2040_irq+0x374>)
200005bc:	5ce3      	ldrb	r3, [r4, r3]
200005be:	2b02      	cmp	r3, #2
200005c0:	d100      	bne.n	200005c4 <dcd_rp2040_irq+0xd8>
200005c2:	e1c0      	b.n	20000946 <dcd_rp2040_irq+0x45a>
200005c4:	2e00      	cmp	r6, #0
200005c6:	d108      	bne.n	200005da <dcd_rp2040_irq+0xee>
200005c8:	4ba6      	ldr	r3, [pc, #664]	@ (20000864 <dcd_rp2040_irq+0x378>)
200005ca:	781b      	ldrb	r3, [r3, #0]
200005cc:	2b00      	cmp	r3, #0
200005ce:	d104      	bne.n	200005da <dcd_rp2040_irq+0xee>
200005d0:	2180      	movs	r1, #128	@ 0x80
200005d2:	4aa5      	ldr	r2, [pc, #660]	@ (20000868 <dcd_rp2040_irq+0x37c>)
200005d4:	3390      	adds	r3, #144	@ 0x90
200005d6:	0289      	lsls	r1, r1, #10
200005d8:	50d1      	str	r1, [r2, r3]
200005da:	4b96      	ldr	r3, [pc, #600]	@ (20000834 <dcd_rp2040_irq+0x348>)
200005dc:	220a      	movs	r2, #10
200005de:	6c9c      	ldr	r4, [r3, #72]	@ 0x48
200005e0:	466b      	mov	r3, sp
200005e2:	2100      	movs	r1, #0
200005e4:	1d98      	adds	r0, r3, #6
200005e6:	f000 fd0b 	bl	20001000 <____wrap_memset_veneer>
200005ea:	23c0      	movs	r3, #192	@ 0xc0
200005ec:	ae01      	add	r6, sp, #4
200005ee:	009b      	lsls	r3, r3, #2
200005f0:	0564      	lsls	r4, r4, #21
200005f2:	8033      	strh	r3, [r6, #0]
200005f4:	0030      	movs	r0, r6
200005f6:	0d64      	lsrs	r4, r4, #21
200005f8:	2101      	movs	r1, #1
200005fa:	2680      	movs	r6, #128	@ 0x80
200005fc:	9402      	str	r4, [sp, #8]
200005fe:	f000 fbdd 	bl	20000dbc <dcd_event_handler>
20000602:	4c9a      	ldr	r4, [pc, #616]	@ (2000086c <dcd_rp2040_irq+0x380>)
20000604:	02b6      	lsls	r6, r6, #10
20000606:	06eb      	lsls	r3, r5, #27
20000608:	d500      	bpl.n	2000060c <dcd_rp2040_irq+0x120>
2000060a:	e08f      	b.n	2000072c <dcd_rp2040_irq+0x240>
2000060c:	2380      	movs	r3, #128	@ 0x80
2000060e:	025b      	lsls	r3, r3, #9
20000610:	421d      	tst	r5, r3
20000612:	d032      	beq.n	2000067a <dcd_rp2040_irq+0x18e>
20000614:	431e      	orrs	r6, r3
20000616:	2301      	movs	r3, #1
20000618:	2402      	movs	r4, #2
2000061a:	4698      	mov	r8, r3
2000061c:	4f87      	ldr	r7, [pc, #540]	@ (2000083c <dcd_rp2040_irq+0x350>)
2000061e:	7ebb      	ldrb	r3, [r7, #26]
20000620:	2b00      	cmp	r3, #0
20000622:	d014      	beq.n	2000064e <dcd_rp2040_irq+0x162>
20000624:	f000 fce4 	bl	20000ff0 <__rp2040_chip_version_veneer>
20000628:	2801      	cmp	r0, #1
2000062a:	d900      	bls.n	2000062e <dcd_rp2040_irq+0x142>
2000062c:	e082      	b.n	20000734 <dcd_rp2040_irq+0x248>
2000062e:	22c0      	movs	r2, #192	@ 0xc0
20000630:	2100      	movs	r1, #0
20000632:	0038      	movs	r0, r7
20000634:	0192      	lsls	r2, r2, #6
20000636:	f000 fb31 	bl	20000c9c <_hw_endpoint_buffer_control_update32>
2000063a:	0038      	movs	r0, r7
2000063c:	f000 fb28 	bl	20000c90 <hw_endpoint_reset_transfer>
20000640:	f000 fcd6 	bl	20000ff0 <__rp2040_chip_version_veneer>
20000644:	2801      	cmp	r0, #1
20000646:	d902      	bls.n	2000064e <dcd_rp2040_irq+0x162>
20000648:	4b87      	ldr	r3, [pc, #540]	@ (20000868 <dcd_rp2040_irq+0x37c>)
2000064a:	665c      	str	r4, [r3, #100]	@ 0x64
2000064c:	661c      	str	r4, [r3, #96]	@ 0x60
2000064e:	4643      	mov	r3, r8
20000650:	70fb      	strb	r3, [r7, #3]
20000652:	3720      	adds	r7, #32
20000654:	2c01      	cmp	r4, #1
20000656:	d001      	beq.n	2000065c <dcd_rp2040_irq+0x170>
20000658:	2401      	movs	r4, #1
2000065a:	e7e0      	b.n	2000061e <dcd_rp2040_irq+0x132>
2000065c:	23c0      	movs	r3, #192	@ 0xc0
2000065e:	4a84      	ldr	r2, [pc, #528]	@ (20000870 <dcd_rp2040_irq+0x384>)
20000660:	00db      	lsls	r3, r3, #3
20000662:	9301      	str	r3, [sp, #4]
20000664:	ab02      	add	r3, sp, #8
20000666:	ca03      	ldmia	r2!, {r0, r1}
20000668:	c303      	stmia	r3!, {r0, r1}
2000066a:	2101      	movs	r1, #1
2000066c:	a801      	add	r0, sp, #4
2000066e:	f000 fba5 	bl	20000dbc <dcd_event_handler>
20000672:	2280      	movs	r2, #128	@ 0x80
20000674:	4b7c      	ldr	r3, [pc, #496]	@ (20000868 <dcd_rp2040_irq+0x37c>)
20000676:	0292      	lsls	r2, r2, #10
20000678:	651a      	str	r2, [r3, #80]	@ 0x50
2000067a:	2380      	movs	r3, #128	@ 0x80
2000067c:	015b      	lsls	r3, r3, #5
2000067e:	421d      	tst	r5, r3
20000680:	d10e      	bne.n	200006a0 <dcd_rp2040_irq+0x1b4>
20000682:	2380      	movs	r3, #128	@ 0x80
20000684:	01db      	lsls	r3, r3, #7
20000686:	421d      	tst	r5, r3
20000688:	d126      	bne.n	200006d8 <dcd_rp2040_irq+0x1ec>
2000068a:	2380      	movs	r3, #128	@ 0x80
2000068c:	021b      	lsls	r3, r3, #8
2000068e:	421d      	tst	r5, r3
20000690:	d138      	bne.n	20000704 <dcd_rp2040_irq+0x218>
20000692:	42ae      	cmp	r6, r5
20000694:	d000      	beq.n	20000698 <dcd_rp2040_irq+0x1ac>
20000696:	e1d3      	b.n	20000a40 <dcd_rp2040_irq+0x554>
20000698:	b004      	add	sp, #16
2000069a:	bc80      	pop	{r7}
2000069c:	46b8      	mov	r8, r7
2000069e:	bdf0      	pop	{r4, r5, r6, r7, pc}
200006a0:	2200      	movs	r2, #0
200006a2:	431e      	orrs	r6, r3
200006a4:	4b63      	ldr	r3, [pc, #396]	@ (20000834 <dcd_rp2040_irq+0x348>)
200006a6:	ac01      	add	r4, sp, #4
200006a8:	601a      	str	r2, [r3, #0]
200006aa:	f7ff fe89 	bl	200003c0 <reset_non_control_endpoints>
200006ae:	466b      	mov	r3, sp
200006b0:	220a      	movs	r2, #10
200006b2:	2100      	movs	r1, #0
200006b4:	1d98      	adds	r0, r3, #6
200006b6:	f000 fca3 	bl	20001000 <____wrap_memset_veneer>
200006ba:	2380      	movs	r3, #128	@ 0x80
200006bc:	005b      	lsls	r3, r3, #1
200006be:	8023      	strh	r3, [r4, #0]
200006c0:	2101      	movs	r1, #1
200006c2:	0020      	movs	r0, r4
200006c4:	f000 fb7a 	bl	20000dbc <dcd_event_handler>
200006c8:	2280      	movs	r2, #128	@ 0x80
200006ca:	4b67      	ldr	r3, [pc, #412]	@ (20000868 <dcd_rp2040_irq+0x37c>)
200006cc:	0312      	lsls	r2, r2, #12
200006ce:	651a      	str	r2, [r3, #80]	@ 0x50
200006d0:	2380      	movs	r3, #128	@ 0x80
200006d2:	01db      	lsls	r3, r3, #7
200006d4:	421d      	tst	r5, r3
200006d6:	d0d8      	beq.n	2000068a <dcd_rp2040_irq+0x19e>
200006d8:	431e      	orrs	r6, r3
200006da:	466b      	mov	r3, sp
200006dc:	220a      	movs	r2, #10
200006de:	2100      	movs	r1, #0
200006e0:	1d98      	adds	r0, r3, #6
200006e2:	f000 fc8d 	bl	20001000 <____wrap_memset_veneer>
200006e6:	2380      	movs	r3, #128	@ 0x80
200006e8:	ac01      	add	r4, sp, #4
200006ea:	00db      	lsls	r3, r3, #3
200006ec:	8023      	strh	r3, [r4, #0]
200006ee:	2101      	movs	r1, #1
200006f0:	0020      	movs	r0, r4
200006f2:	f000 fb63 	bl	20000dbc <dcd_event_handler>
200006f6:	2210      	movs	r2, #16
200006f8:	4b5b      	ldr	r3, [pc, #364]	@ (20000868 <dcd_rp2040_irq+0x37c>)
200006fa:	651a      	str	r2, [r3, #80]	@ 0x50
200006fc:	2380      	movs	r3, #128	@ 0x80
200006fe:	021b      	lsls	r3, r3, #8
20000700:	421d      	tst	r5, r3
20000702:	d0c6      	beq.n	20000692 <dcd_rp2040_irq+0x1a6>
20000704:	431e      	orrs	r6, r3
20000706:	466b      	mov	r3, sp
20000708:	220a      	movs	r2, #10
2000070a:	2100      	movs	r1, #0
2000070c:	1d98      	adds	r0, r3, #6
2000070e:	f000 fc77 	bl	20001000 <____wrap_memset_veneer>
20000712:	23a0      	movs	r3, #160	@ 0xa0
20000714:	ac01      	add	r4, sp, #4
20000716:	00db      	lsls	r3, r3, #3
20000718:	8023      	strh	r3, [r4, #0]
2000071a:	2101      	movs	r1, #1
2000071c:	0020      	movs	r0, r4
2000071e:	f000 fb4d 	bl	20000dbc <dcd_event_handler>
20000722:	2280      	movs	r2, #128	@ 0x80
20000724:	4b50      	ldr	r3, [pc, #320]	@ (20000868 <dcd_rp2040_irq+0x37c>)
20000726:	0112      	lsls	r2, r2, #4
20000728:	651a      	str	r2, [r3, #80]	@ 0x50
2000072a:	e7b2      	b.n	20000692 <dcd_rp2040_irq+0x1a6>
2000072c:	f7ff fe80 	bl	20000430 <hw_handle_buff_status>
20000730:	0026      	movs	r6, r4
20000732:	e76b      	b.n	2000060c <dcd_rp2040_irq+0x120>
20000734:	4b4f      	ldr	r3, [pc, #316]	@ (20000874 <dcd_rp2040_irq+0x388>)
20000736:	4a3f      	ldr	r2, [pc, #252]	@ (20000834 <dcd_rp2040_irq+0x348>)
20000738:	661c      	str	r4, [r3, #96]	@ 0x60
2000073a:	6e53      	ldr	r3, [r2, #100]	@ 0x64
2000073c:	4023      	ands	r3, r4
2000073e:	42a3      	cmp	r3, r4
20000740:	d1fb      	bne.n	2000073a <dcd_rp2040_irq+0x24e>
20000742:	e774      	b.n	2000062e <dcd_rp2040_irq+0x142>
20000744:	3338      	adds	r3, #56	@ 0x38
20000746:	5ce6      	ldrb	r6, [r4, r3]
20000748:	2e00      	cmp	r6, #0
2000074a:	d100      	bne.n	2000074e <dcd_rp2040_irq+0x262>
2000074c:	e6eb      	b.n	20000526 <dcd_rp2040_irq+0x3a>
2000074e:	3302      	adds	r3, #2
20000750:	5ce1      	ldrb	r1, [r4, r3]
20000752:	2900      	cmp	r1, #0
20000754:	d100      	bne.n	20000758 <dcd_rp2040_irq+0x26c>
20000756:	e6e6      	b.n	20000526 <dcd_rp2040_irq+0x3a>
20000758:	0020      	movs	r0, r4
2000075a:	3020      	adds	r0, #32
2000075c:	54e2      	strb	r2, [r4, r3]
2000075e:	f000 facb 	bl	20000cf8 <hw_endpoint_start_next_buffer>
20000762:	e6e0      	b.n	20000526 <dcd_rp2040_irq+0x3a>
20000764:	33b8      	adds	r3, #184	@ 0xb8
20000766:	5ce7      	ldrb	r7, [r4, r3]
20000768:	2f00      	cmp	r7, #0
2000076a:	d100      	bne.n	2000076e <dcd_rp2040_irq+0x282>
2000076c:	e6e5      	b.n	2000053a <dcd_rp2040_irq+0x4e>
2000076e:	3302      	adds	r3, #2
20000770:	5ce2      	ldrb	r2, [r4, r3]
20000772:	2a00      	cmp	r2, #0
20000774:	d000      	beq.n	20000778 <dcd_rp2040_irq+0x28c>
20000776:	e123      	b.n	200009c0 <dcd_rp2040_irq+0x4d4>
20000778:	003e      	movs	r6, r7
2000077a:	e6de      	b.n	2000053a <dcd_rp2040_irq+0x4e>
2000077c:	3378      	adds	r3, #120	@ 0x78
2000077e:	5ce7      	ldrb	r7, [r4, r3]
20000780:	2f00      	cmp	r7, #0
20000782:	d100      	bne.n	20000786 <dcd_rp2040_irq+0x29a>
20000784:	e6d4      	b.n	20000530 <dcd_rp2040_irq+0x44>
20000786:	3302      	adds	r3, #2
20000788:	5ce2      	ldrb	r2, [r4, r3]
2000078a:	2a00      	cmp	r2, #0
2000078c:	d000      	beq.n	20000790 <dcd_rp2040_irq+0x2a4>
2000078e:	e10f      	b.n	200009b0 <dcd_rp2040_irq+0x4c4>
20000790:	003e      	movs	r6, r7
20000792:	e6cd      	b.n	20000530 <dcd_rp2040_irq+0x44>
20000794:	33b9      	adds	r3, #185	@ 0xb9
20000796:	33ff      	adds	r3, #255	@ 0xff
20000798:	5ce7      	ldrb	r7, [r4, r3]
2000079a:	2f00      	cmp	r7, #0
2000079c:	d100      	bne.n	200007a0 <dcd_rp2040_irq+0x2b4>
2000079e:	e6e3      	b.n	20000568 <dcd_rp2040_irq+0x7c>
200007a0:	3302      	adds	r3, #2
200007a2:	5ce2      	ldrb	r2, [r4, r3]
200007a4:	2a00      	cmp	r2, #0
200007a6:	d000      	beq.n	200007aa <dcd_rp2040_irq+0x2be>
200007a8:	e0f9      	b.n	2000099e <dcd_rp2040_irq+0x4b2>
200007aa:	003e      	movs	r6, r7
200007ac:	e6dc      	b.n	20000568 <dcd_rp2040_irq+0x7c>
200007ae:	3379      	adds	r3, #121	@ 0x79
200007b0:	33ff      	adds	r3, #255	@ 0xff
200007b2:	5ce7      	ldrb	r7, [r4, r3]
200007b4:	2f00      	cmp	r7, #0
200007b6:	d100      	bne.n	200007ba <dcd_rp2040_irq+0x2ce>
200007b8:	e6d0      	b.n	2000055c <dcd_rp2040_irq+0x70>
200007ba:	3302      	adds	r3, #2
200007bc:	5ce2      	ldrb	r2, [r4, r3]
200007be:	2a00      	cmp	r2, #0
200007c0:	d000      	beq.n	200007c4 <dcd_rp2040_irq+0x2d8>
200007c2:	e0e3      	b.n	2000098c <dcd_rp2040_irq+0x4a0>
200007c4:	003e      	movs	r6, r7
200007c6:	e6c9      	b.n	2000055c <dcd_rp2040_irq+0x70>
200007c8:	3339      	adds	r3, #57	@ 0x39
200007ca:	33ff      	adds	r3, #255	@ 0xff
200007cc:	5ce7      	ldrb	r7, [r4, r3]
200007ce:	2f00      	cmp	r7, #0
200007d0:	d100      	bne.n	200007d4 <dcd_rp2040_irq+0x2e8>
200007d2:	e6bd      	b.n	20000550 <dcd_rp2040_irq+0x64>
200007d4:	3302      	adds	r3, #2
200007d6:	5ce2      	ldrb	r2, [r4, r3]
200007d8:	2a00      	cmp	r2, #0
200007da:	d000      	beq.n	200007de <dcd_rp2040_irq+0x2f2>
200007dc:	e0cd      	b.n	2000097a <dcd_rp2040_irq+0x48e>
200007de:	003e      	movs	r6, r7
200007e0:	e6b6      	b.n	20000550 <dcd_rp2040_irq+0x64>
200007e2:	33f8      	adds	r3, #248	@ 0xf8
200007e4:	5ce7      	ldrb	r7, [r4, r3]
200007e6:	2f00      	cmp	r7, #0
200007e8:	d100      	bne.n	200007ec <dcd_rp2040_irq+0x300>
200007ea:	e6ab      	b.n	20000544 <dcd_rp2040_irq+0x58>
200007ec:	3302      	adds	r3, #2
200007ee:	5ce2      	ldrb	r2, [r4, r3]
200007f0:	2a00      	cmp	r2, #0
200007f2:	d000      	beq.n	200007f6 <dcd_rp2040_irq+0x30a>
200007f4:	e0b9      	b.n	2000096a <dcd_rp2040_irq+0x47e>
200007f6:	003e      	movs	r6, r7
200007f8:	e6a4      	b.n	20000544 <dcd_rp2040_irq+0x58>
200007fa:	4b1f      	ldr	r3, [pc, #124]	@ (20000878 <dcd_rp2040_irq+0x38c>)
200007fc:	5ce7      	ldrb	r7, [r4, r3]
200007fe:	2f00      	cmp	r7, #0
20000800:	d100      	bne.n	20000804 <dcd_rp2040_irq+0x318>
20000802:	e6d5      	b.n	200005b0 <dcd_rp2040_irq+0xc4>
20000804:	3302      	adds	r3, #2
20000806:	5ce2      	ldrb	r2, [r4, r3]
20000808:	2a00      	cmp	r2, #0
2000080a:	d000      	beq.n	2000080e <dcd_rp2040_irq+0x322>
2000080c:	e111      	b.n	20000a32 <dcd_rp2040_irq+0x546>
2000080e:	4b13      	ldr	r3, [pc, #76]	@ (2000085c <dcd_rp2040_irq+0x370>)
20000810:	5ce3      	ldrb	r3, [r4, r3]
20000812:	2b02      	cmp	r3, #2
20000814:	d100      	bne.n	20000818 <dcd_rp2040_irq+0x32c>
20000816:	e08c      	b.n	20000932 <dcd_rp2040_irq+0x446>
20000818:	4b11      	ldr	r3, [pc, #68]	@ (20000860 <dcd_rp2040_irq+0x374>)
2000081a:	5ce3      	ldrb	r3, [r4, r3]
2000081c:	2b02      	cmp	r3, #2
2000081e:	d000      	beq.n	20000822 <dcd_rp2040_irq+0x336>
20000820:	e6db      	b.n	200005da <dcd_rp2040_irq+0xee>
20000822:	4b16      	ldr	r3, [pc, #88]	@ (2000087c <dcd_rp2040_irq+0x390>)
20000824:	5ce3      	ldrb	r3, [r4, r3]
20000826:	2b00      	cmp	r3, #0
20000828:	d000      	beq.n	2000082c <dcd_rp2040_irq+0x340>
2000082a:	e091      	b.n	20000950 <dcd_rp2040_irq+0x464>
2000082c:	e6d5      	b.n	200005da <dcd_rp2040_irq+0xee>
2000082e:	46c0      	nop			@ (mov r8, r8)
20000830:	ffffeed8 	.word	0xffffeed8
20000834:	50110000 	.word	0x50110000
20000838:	40054000 	.word	0x40054000
2000083c:	20002160 	.word	0x20002160
20000840:	2000213c 	.word	0x2000213c
20000844:	0000023b 	.word	0x0000023b
20000848:	0000027b 	.word	0x0000027b
2000084c:	000002bb 	.word	0x000002bb
20000850:	000002fb 	.word	0x000002fb
20000854:	0000033b 	.word	0x0000033b
20000858:	0000037b 	.word	0x0000037b
2000085c:	000003bb 	.word	0x000003bb
20000860:	000003fb 	.word	0x000003fb
20000864:	20002691 	.word	0x20002691
20000868:	50113000 	.word	0x50113000
2000086c:	00020010 	.word	0x00020010
20000870:	50100000 	.word	0x50100000
20000874:	50112000 	.word	0x50112000
20000878:	0000037a 	.word	0x0000037a
2000087c:	000003fa 	.word	0x000003fa
20000880:	4b72      	ldr	r3, [pc, #456]	@ (20000a4c <dcd_rp2040_irq+0x560>)
20000882:	5ce7      	ldrb	r7, [r4, r3]
20000884:	2f00      	cmp	r7, #0
20000886:	d100      	bne.n	2000088a <dcd_rp2040_irq+0x39e>
20000888:	e68d      	b.n	200005a6 <dcd_rp2040_irq+0xba>
2000088a:	3302      	adds	r3, #2
2000088c:	5ce2      	ldrb	r2, [r4, r3]
2000088e:	2a00      	cmp	r2, #0
20000890:	d000      	beq.n	20000894 <dcd_rp2040_irq+0x3a8>
20000892:	e0c6      	b.n	20000a22 <dcd_rp2040_irq+0x536>
20000894:	003e      	movs	r6, r7
20000896:	e686      	b.n	200005a6 <dcd_rp2040_irq+0xba>
20000898:	4b6d      	ldr	r3, [pc, #436]	@ (20000a50 <dcd_rp2040_irq+0x564>)
2000089a:	5ce7      	ldrb	r7, [r4, r3]
2000089c:	2f00      	cmp	r7, #0
2000089e:	d100      	bne.n	200008a2 <dcd_rp2040_irq+0x3b6>
200008a0:	e67c      	b.n	2000059c <dcd_rp2040_irq+0xb0>
200008a2:	3302      	adds	r3, #2
200008a4:	5ce2      	ldrb	r2, [r4, r3]
200008a6:	2a00      	cmp	r2, #0
200008a8:	d000      	beq.n	200008ac <dcd_rp2040_irq+0x3c0>
200008aa:	e0b2      	b.n	20000a12 <dcd_rp2040_irq+0x526>
200008ac:	003e      	movs	r6, r7
200008ae:	e675      	b.n	2000059c <dcd_rp2040_irq+0xb0>
200008b0:	4b68      	ldr	r3, [pc, #416]	@ (20000a54 <dcd_rp2040_irq+0x568>)
200008b2:	5ce7      	ldrb	r7, [r4, r3]
200008b4:	2f00      	cmp	r7, #0
200008b6:	d100      	bne.n	200008ba <dcd_rp2040_irq+0x3ce>
200008b8:	e66b      	b.n	20000592 <dcd_rp2040_irq+0xa6>
200008ba:	3302      	adds	r3, #2
200008bc:	5ce2      	ldrb	r2, [r4, r3]
200008be:	2a00      	cmp	r2, #0
200008c0:	d000      	beq.n	200008c4 <dcd_rp2040_irq+0x3d8>
200008c2:	e09e      	b.n	20000a02 <dcd_rp2040_irq+0x516>
200008c4:	003e      	movs	r6, r7
200008c6:	e664      	b.n	20000592 <dcd_rp2040_irq+0xa6>
200008c8:	4b63      	ldr	r3, [pc, #396]	@ (20000a58 <dcd_rp2040_irq+0x56c>)
200008ca:	5ce7      	ldrb	r7, [r4, r3]
200008cc:	2f00      	cmp	r7, #0
200008ce:	d100      	bne.n	200008d2 <dcd_rp2040_irq+0x3e6>
200008d0:	e65a      	b.n	20000588 <dcd_rp2040_irq+0x9c>
200008d2:	3302      	adds	r3, #2
200008d4:	5ce2      	ldrb	r2, [r4, r3]
200008d6:	2a00      	cmp	r2, #0
200008d8:	d000      	beq.n	200008dc <dcd_rp2040_irq+0x3f0>
200008da:	e08a      	b.n	200009f2 <dcd_rp2040_irq+0x506>
200008dc:	003e      	movs	r6, r7
200008de:	e653      	b.n	20000588 <dcd_rp2040_irq+0x9c>
200008e0:	4b5e      	ldr	r3, [pc, #376]	@ (20000a5c <dcd_rp2040_irq+0x570>)
200008e2:	5ce7      	ldrb	r7, [r4, r3]
200008e4:	2f00      	cmp	r7, #0
200008e6:	d100      	bne.n	200008ea <dcd_rp2040_irq+0x3fe>
200008e8:	e649      	b.n	2000057e <dcd_rp2040_irq+0x92>
200008ea:	3302      	adds	r3, #2
200008ec:	5ce2      	ldrb	r2, [r4, r3]
200008ee:	2a00      	cmp	r2, #0
200008f0:	d177      	bne.n	200009e2 <dcd_rp2040_irq+0x4f6>
200008f2:	003e      	movs	r6, r7
200008f4:	e643      	b.n	2000057e <dcd_rp2040_irq+0x92>
200008f6:	33f9      	adds	r3, #249	@ 0xf9
200008f8:	33ff      	adds	r3, #255	@ 0xff
200008fa:	5ce7      	ldrb	r7, [r4, r3]
200008fc:	2f00      	cmp	r7, #0
200008fe:	d100      	bne.n	20000902 <dcd_rp2040_irq+0x416>
20000900:	e638      	b.n	20000574 <dcd_rp2040_irq+0x88>
20000902:	3302      	adds	r3, #2
20000904:	5ce2      	ldrb	r2, [r4, r3]
20000906:	2a00      	cmp	r2, #0
20000908:	d162      	bne.n	200009d0 <dcd_rp2040_irq+0x4e4>
2000090a:	003e      	movs	r6, r7
2000090c:	e632      	b.n	20000574 <dcd_rp2040_irq+0x88>
2000090e:	4b54      	ldr	r3, [pc, #336]	@ (20000a60 <dcd_rp2040_irq+0x574>)
20000910:	5ce3      	ldrb	r3, [r4, r3]
20000912:	2b00      	cmp	r3, #0
20000914:	d100      	bne.n	20000918 <dcd_rp2040_irq+0x42c>
20000916:	e650      	b.n	200005ba <dcd_rp2040_irq+0xce>
20000918:	23ef      	movs	r3, #239	@ 0xef
2000091a:	009b      	lsls	r3, r3, #2
2000091c:	5ce2      	ldrb	r2, [r4, r3]
2000091e:	2a00      	cmp	r2, #0
20000920:	d100      	bne.n	20000924 <dcd_rp2040_irq+0x438>
20000922:	e779      	b.n	20000818 <dcd_rp2040_irq+0x32c>
20000924:	2200      	movs	r2, #0
20000926:	54e2      	strb	r2, [r4, r3]
20000928:	3b1c      	subs	r3, #28
2000092a:	18e0      	adds	r0, r4, r3
2000092c:	f000 f9e4 	bl	20000cf8 <hw_endpoint_start_next_buffer>
20000930:	e772      	b.n	20000818 <dcd_rp2040_irq+0x32c>
20000932:	4b4b      	ldr	r3, [pc, #300]	@ (20000a60 <dcd_rp2040_irq+0x574>)
20000934:	5ce3      	ldrb	r3, [r4, r3]
20000936:	2b00      	cmp	r3, #0
20000938:	d1ee      	bne.n	20000918 <dcd_rp2040_irq+0x42c>
2000093a:	4b4a      	ldr	r3, [pc, #296]	@ (20000a64 <dcd_rp2040_irq+0x578>)
2000093c:	5ce3      	ldrb	r3, [r4, r3]
2000093e:	2b02      	cmp	r3, #2
20000940:	d000      	beq.n	20000944 <dcd_rp2040_irq+0x458>
20000942:	e64a      	b.n	200005da <dcd_rp2040_irq+0xee>
20000944:	003e      	movs	r6, r7
20000946:	4b48      	ldr	r3, [pc, #288]	@ (20000a68 <dcd_rp2040_irq+0x57c>)
20000948:	5ce3      	ldrb	r3, [r4, r3]
2000094a:	2b00      	cmp	r3, #0
2000094c:	d100      	bne.n	20000950 <dcd_rp2040_irq+0x464>
2000094e:	e639      	b.n	200005c4 <dcd_rp2040_irq+0xd8>
20000950:	23ff      	movs	r3, #255	@ 0xff
20000952:	009b      	lsls	r3, r3, #2
20000954:	5ce2      	ldrb	r2, [r4, r3]
20000956:	2a00      	cmp	r2, #0
20000958:	d100      	bne.n	2000095c <dcd_rp2040_irq+0x470>
2000095a:	e63e      	b.n	200005da <dcd_rp2040_irq+0xee>
2000095c:	2200      	movs	r2, #0
2000095e:	54e2      	strb	r2, [r4, r3]
20000960:	3b1c      	subs	r3, #28
20000962:	18e0      	adds	r0, r4, r3
20000964:	f000 f9c8 	bl	20000cf8 <hw_endpoint_start_next_buffer>
20000968:	e637      	b.n	200005da <dcd_rp2040_irq+0xee>
2000096a:	0020      	movs	r0, r4
2000096c:	2200      	movs	r2, #0
2000096e:	30e0      	adds	r0, #224	@ 0xe0
20000970:	54e2      	strb	r2, [r4, r3]
20000972:	003e      	movs	r6, r7
20000974:	f000 f9c0 	bl	20000cf8 <hw_endpoint_start_next_buffer>
20000978:	e5e4      	b.n	20000544 <dcd_rp2040_irq+0x58>
2000097a:	0020      	movs	r0, r4
2000097c:	2200      	movs	r2, #0
2000097e:	3021      	adds	r0, #33	@ 0x21
20000980:	30ff      	adds	r0, #255	@ 0xff
20000982:	54e2      	strb	r2, [r4, r3]
20000984:	003e      	movs	r6, r7
20000986:	f000 f9b7 	bl	20000cf8 <hw_endpoint_start_next_buffer>
2000098a:	e5e1      	b.n	20000550 <dcd_rp2040_irq+0x64>
2000098c:	0020      	movs	r0, r4
2000098e:	2200      	movs	r2, #0
20000990:	3061      	adds	r0, #97	@ 0x61
20000992:	30ff      	adds	r0, #255	@ 0xff
20000994:	54e2      	strb	r2, [r4, r3]
20000996:	003e      	movs	r6, r7
20000998:	f000 f9ae 	bl	20000cf8 <hw_endpoint_start_next_buffer>
2000099c:	e5de      	b.n	2000055c <dcd_rp2040_irq+0x70>
2000099e:	0020      	movs	r0, r4
200009a0:	2200      	movs	r2, #0
200009a2:	30a1      	adds	r0, #161	@ 0xa1
200009a4:	30ff      	adds	r0, #255	@ 0xff
200009a6:	54e2      	strb	r2, [r4, r3]
200009a8:	003e      	movs	r6, r7
200009aa:	f000 f9a5 	bl	20000cf8 <hw_endpoint_start_next_buffer>
200009ae:	e5db      	b.n	20000568 <dcd_rp2040_irq+0x7c>
200009b0:	0020      	movs	r0, r4
200009b2:	2200      	movs	r2, #0
200009b4:	3060      	adds	r0, #96	@ 0x60
200009b6:	54e2      	strb	r2, [r4, r3]
200009b8:	003e      	movs	r6, r7
200009ba:	f000 f99d 	bl	20000cf8 <hw_endpoint_start_next_buffer>
200009be:	e5b7      	b.n	20000530 <dcd_rp2040_irq+0x44>
200009c0:	0020      	movs	r0, r4
200009c2:	2200      	movs	r2, #0
200009c4:	30a0      	adds	r0, #160	@ 0xa0
200009c6:	54e2      	strb	r2, [r4, r3]
200009c8:	003e      	movs	r6, r7
200009ca:	f000 f995 	bl	20000cf8 <hw_endpoint_start_next_buffer>
200009ce:	e5b4      	b.n	2000053a <dcd_rp2040_irq+0x4e>
200009d0:	0020      	movs	r0, r4
200009d2:	2200      	movs	r2, #0
200009d4:	30e1      	adds	r0, #225	@ 0xe1
200009d6:	30ff      	adds	r0, #255	@ 0xff
200009d8:	54e2      	strb	r2, [r4, r3]
200009da:	003e      	movs	r6, r7
200009dc:	f000 f98c 	bl	20000cf8 <hw_endpoint_start_next_buffer>
200009e0:	e5c8      	b.n	20000574 <dcd_rp2040_irq+0x88>
200009e2:	2200      	movs	r2, #0
200009e4:	54e2      	strb	r2, [r4, r3]
200009e6:	3b1c      	subs	r3, #28
200009e8:	18e0      	adds	r0, r4, r3
200009ea:	f000 f985 	bl	20000cf8 <hw_endpoint_start_next_buffer>
200009ee:	003e      	movs	r6, r7
200009f0:	e5c5      	b.n	2000057e <dcd_rp2040_irq+0x92>
200009f2:	2200      	movs	r2, #0
200009f4:	54e2      	strb	r2, [r4, r3]
200009f6:	3b1c      	subs	r3, #28
200009f8:	18e0      	adds	r0, r4, r3
200009fa:	f000 f97d 	bl	20000cf8 <hw_endpoint_start_next_buffer>
200009fe:	003e      	movs	r6, r7
20000a00:	e5c2      	b.n	20000588 <dcd_rp2040_irq+0x9c>
20000a02:	2200      	movs	r2, #0
20000a04:	54e2      	strb	r2, [r4, r3]
20000a06:	3b1c      	subs	r3, #28
20000a08:	18e0      	adds	r0, r4, r3
20000a0a:	f000 f975 	bl	20000cf8 <hw_endpoint_start_next_buffer>
20000a0e:	003e      	movs	r6, r7
20000a10:	e5bf      	b.n	20000592 <dcd_rp2040_irq+0xa6>
20000a12:	2200      	movs	r2, #0
20000a14:	54e2      	strb	r2, [r4, r3]
20000a16:	3b1c      	subs	r3, #28
20000a18:	18e0      	adds	r0, r4, r3
20000a1a:	f000 f96d 	bl	20000cf8 <hw_endpoint_start_next_buffer>
20000a1e:	003e      	movs	r6, r7
20000a20:	e5bc      	b.n	2000059c <dcd_rp2040_irq+0xb0>
20000a22:	2200      	movs	r2, #0
20000a24:	54e2      	strb	r2, [r4, r3]
20000a26:	3b1c      	subs	r3, #28
20000a28:	18e0      	adds	r0, r4, r3
20000a2a:	f000 f965 	bl	20000cf8 <hw_endpoint_start_next_buffer>
20000a2e:	003e      	movs	r6, r7
20000a30:	e5b9      	b.n	200005a6 <dcd_rp2040_irq+0xba>
20000a32:	2200      	movs	r2, #0
20000a34:	54e2      	strb	r2, [r4, r3]
20000a36:	3b1c      	subs	r3, #28
20000a38:	18e0      	adds	r0, r4, r3
20000a3a:	f000 f95d 	bl	20000cf8 <hw_endpoint_start_next_buffer>
20000a3e:	e6e6      	b.n	2000080e <dcd_rp2040_irq+0x322>
20000a40:	0031      	movs	r1, r6
20000a42:	480a      	ldr	r0, [pc, #40]	@ (20000a6c <dcd_rp2040_irq+0x580>)
20000a44:	4069      	eors	r1, r5
20000a46:	f000 facb 	bl	20000fe0 <__panic_veneer>
20000a4a:	46c0      	nop			@ (mov r8, r8)
20000a4c:	0000033a 	.word	0x0000033a
20000a50:	000002fa 	.word	0x000002fa
20000a54:	000002ba 	.word	0x000002ba
20000a58:	0000027a 	.word	0x0000027a
20000a5c:	0000023a 	.word	0x0000023a
20000a60:	000003ba 	.word	0x000003ba
20000a64:	000003fb 	.word	0x000003fb
20000a68:	000003fa 	.word	0x000003fa
20000a6c:	100084bc 	.word	0x100084bc

20000a70 <prepare_ep_buffer>:
20000a70:	b5f0      	push	{r4, r5, r6, r7, lr}
20000a72:	46d6      	mov	lr, sl
20000a74:	464f      	mov	r7, r9
20000a76:	4646      	mov	r6, r8
20000a78:	b5c0      	push	{r6, r7, lr}
20000a7a:	0002      	movs	r2, r0
20000a7c:	8a83      	ldrh	r3, [r0, #20]
20000a7e:	8b00      	ldrh	r0, [r0, #24]
20000a80:	468a      	mov	sl, r1
20000a82:	1c04      	adds	r4, r0, #0
20000a84:	4298      	cmp	r0, r3
20000a86:	d900      	bls.n	20000a8a <prepare_ep_buffer+0x1a>
20000a88:	1c1c      	adds	r4, r3, #0
20000a8a:	78d5      	ldrb	r5, [r2, #3]
20000a8c:	2680      	movs	r6, #128	@ 0x80
20000a8e:	0028      	movs	r0, r5
20000a90:	1e47      	subs	r7, r0, #1
20000a92:	41b8      	sbcs	r0, r7
20000a94:	b2a4      	uxth	r4, r4
20000a96:	00f6      	lsls	r6, r6, #3
20000a98:	4326      	orrs	r6, r4
20000a9a:	0340      	lsls	r0, r0, #13
20000a9c:	4330      	orrs	r0, r6
20000a9e:	2601      	movs	r6, #1
20000aa0:	4075      	eors	r5, r6
20000aa2:	1b1b      	subs	r3, r3, r4
20000aa4:	70d5      	strb	r5, [r2, #3]
20000aa6:	7855      	ldrb	r5, [r2, #1]
20000aa8:	b29b      	uxth	r3, r3
20000aaa:	8293      	strh	r3, [r2, #20]
20000aac:	2d00      	cmp	r5, #0
20000aae:	d137      	bne.n	20000b20 <prepare_ep_buffer+0xb0>
20000ab0:	4651      	mov	r1, sl
20000ab2:	68d6      	ldr	r6, [r2, #12]
20000ab4:	018d      	lsls	r5, r1, #6
20000ab6:	1e61      	subs	r1, r4, #1
20000ab8:	1976      	adds	r6, r6, r5
20000aba:	4688      	mov	r8, r1
20000abc:	6915      	ldr	r5, [r2, #16]
20000abe:	2c00      	cmp	r4, #0
20000ac0:	d029      	beq.n	20000b16 <prepare_ep_buffer+0xa6>
20000ac2:	2906      	cmp	r1, #6
20000ac4:	d93a      	bls.n	20000b3c <prepare_ep_buffer+0xcc>
20000ac6:	0033      	movs	r3, r6
20000ac8:	432b      	orrs	r3, r5
20000aca:	079b      	lsls	r3, r3, #30
20000acc:	d136      	bne.n	20000b3c <prepare_ep_buffer+0xcc>
20000ace:	1c6b      	adds	r3, r5, #1
20000ad0:	1af3      	subs	r3, r6, r3
20000ad2:	2b02      	cmp	r3, #2
20000ad4:	d932      	bls.n	20000b3c <prepare_ep_buffer+0xcc>
20000ad6:	1f23      	subs	r3, r4, #4
20000ad8:	089b      	lsrs	r3, r3, #2
20000ada:	3301      	adds	r3, #1
20000adc:	469c      	mov	ip, r3
20000ade:	2700      	movs	r7, #0
20000ae0:	2300      	movs	r3, #0
20000ae2:	58e9      	ldr	r1, [r5, r3]
20000ae4:	3701      	adds	r7, #1
20000ae6:	50f1      	str	r1, [r6, r3]
20000ae8:	3304      	adds	r3, #4
20000aea:	45bc      	cmp	ip, r7
20000aec:	d8f9      	bhi.n	20000ae2 <prepare_ep_buffer+0x72>
20000aee:	4663      	mov	r3, ip
20000af0:	4641      	mov	r1, r8
20000af2:	009b      	lsls	r3, r3, #2
20000af4:	18ed      	adds	r5, r5, r3
20000af6:	18f6      	adds	r6, r6, r3
20000af8:	1acf      	subs	r7, r1, r3
20000afa:	429c      	cmp	r4, r3
20000afc:	d009      	beq.n	20000b12 <prepare_ep_buffer+0xa2>
20000afe:	782b      	ldrb	r3, [r5, #0]
20000b00:	7033      	strb	r3, [r6, #0]
20000b02:	2f00      	cmp	r7, #0
20000b04:	d005      	beq.n	20000b12 <prepare_ep_buffer+0xa2>
20000b06:	786b      	ldrb	r3, [r5, #1]
20000b08:	7073      	strb	r3, [r6, #1]
20000b0a:	2f01      	cmp	r7, #1
20000b0c:	d001      	beq.n	20000b12 <prepare_ep_buffer+0xa2>
20000b0e:	78ab      	ldrb	r3, [r5, #2]
20000b10:	70b3      	strb	r3, [r6, #2]
20000b12:	6915      	ldr	r5, [r2, #16]
20000b14:	8a93      	ldrh	r3, [r2, #20]
20000b16:	192d      	adds	r5, r5, r4
20000b18:	6115      	str	r5, [r2, #16]
20000b1a:	2280      	movs	r2, #128	@ 0x80
20000b1c:	0212      	lsls	r2, r2, #8
20000b1e:	4310      	orrs	r0, r2
20000b20:	2b00      	cmp	r3, #0
20000b22:	d102      	bne.n	20000b2a <prepare_ep_buffer+0xba>
20000b24:	2380      	movs	r3, #128	@ 0x80
20000b26:	01db      	lsls	r3, r3, #7
20000b28:	4318      	orrs	r0, r3
20000b2a:	4653      	mov	r3, sl
20000b2c:	2b00      	cmp	r3, #0
20000b2e:	d000      	beq.n	20000b32 <prepare_ep_buffer+0xc2>
20000b30:	0400      	lsls	r0, r0, #16
20000b32:	bce0      	pop	{r5, r6, r7}
20000b34:	46ba      	mov	sl, r7
20000b36:	46b1      	mov	r9, r6
20000b38:	46a8      	mov	r8, r5
20000b3a:	bdf0      	pop	{r4, r5, r6, r7, pc}
20000b3c:	2300      	movs	r3, #0
20000b3e:	5cef      	ldrb	r7, [r5, r3]
20000b40:	54f7      	strb	r7, [r6, r3]
20000b42:	3301      	adds	r3, #1
20000b44:	429c      	cmp	r4, r3
20000b46:	d1fa      	bne.n	20000b3e <prepare_ep_buffer+0xce>
20000b48:	6915      	ldr	r5, [r2, #16]
20000b4a:	8a93      	ldrh	r3, [r2, #20]
20000b4c:	e7e3      	b.n	20000b16 <prepare_ep_buffer+0xa6>
20000b4e:	46c0      	nop			@ (mov r8, r8)

20000b50 <sync_ep_buffer>:
20000b50:	6883      	ldr	r3, [r0, #8]
20000b52:	b5f0      	push	{r4, r5, r6, r7, lr}
20000b54:	681b      	ldr	r3, [r3, #0]
20000b56:	0005      	movs	r5, r0
20000b58:	2900      	cmp	r1, #0
20000b5a:	d000      	beq.n	20000b5e <sync_ep_buffer+0xe>
20000b5c:	0c1b      	lsrs	r3, r3, #16
20000b5e:	059b      	lsls	r3, r3, #22
20000b60:	0d98      	lsrs	r0, r3, #22
20000b62:	786b      	ldrb	r3, [r5, #1]
20000b64:	2b00      	cmp	r3, #0
20000b66:	d108      	bne.n	20000b7a <sync_ep_buffer+0x2a>
20000b68:	8aeb      	ldrh	r3, [r5, #22]
20000b6a:	18c3      	adds	r3, r0, r3
20000b6c:	82eb      	strh	r3, [r5, #22]
20000b6e:	8b2b      	ldrh	r3, [r5, #24]
20000b70:	4283      	cmp	r3, r0
20000b72:	d901      	bls.n	20000b78 <sync_ep_buffer+0x28>
20000b74:	2300      	movs	r3, #0
20000b76:	82ab      	strh	r3, [r5, #20]
20000b78:	bdf0      	pop	{r4, r5, r6, r7, pc}
20000b7a:	68eb      	ldr	r3, [r5, #12]
20000b7c:	0189      	lsls	r1, r1, #6
20000b7e:	1e46      	subs	r6, r0, #1
20000b80:	46b4      	mov	ip, r6
20000b82:	692a      	ldr	r2, [r5, #16]
20000b84:	185c      	adds	r4, r3, r1
20000b86:	2800      	cmp	r0, #0
20000b88:	d027      	beq.n	20000bda <sync_ep_buffer+0x8a>
20000b8a:	2e06      	cmp	r6, #6
20000b8c:	d92b      	bls.n	20000be6 <sync_ep_buffer+0x96>
20000b8e:	3101      	adds	r1, #1
20000b90:	185b      	adds	r3, r3, r1
20000b92:	1ad3      	subs	r3, r2, r3
20000b94:	2b02      	cmp	r3, #2
20000b96:	d926      	bls.n	20000be6 <sync_ep_buffer+0x96>
20000b98:	0013      	movs	r3, r2
20000b9a:	4323      	orrs	r3, r4
20000b9c:	079b      	lsls	r3, r3, #30
20000b9e:	d122      	bne.n	20000be6 <sync_ep_buffer+0x96>
20000ba0:	2300      	movs	r3, #0
20000ba2:	2100      	movs	r1, #0
20000ba4:	1f06      	subs	r6, r0, #4
20000ba6:	08b6      	lsrs	r6, r6, #2
20000ba8:	3601      	adds	r6, #1
20000baa:	58e7      	ldr	r7, [r4, r3]
20000bac:	3101      	adds	r1, #1
20000bae:	50d7      	str	r7, [r2, r3]
20000bb0:	3304      	adds	r3, #4
20000bb2:	428e      	cmp	r6, r1
20000bb4:	d8f9      	bhi.n	20000baa <sync_ep_buffer+0x5a>
20000bb6:	4663      	mov	r3, ip
20000bb8:	00b6      	lsls	r6, r6, #2
20000bba:	19a4      	adds	r4, r4, r6
20000bbc:	1992      	adds	r2, r2, r6
20000bbe:	1b9f      	subs	r7, r3, r6
20000bc0:	42b0      	cmp	r0, r6
20000bc2:	d009      	beq.n	20000bd8 <sync_ep_buffer+0x88>
20000bc4:	7823      	ldrb	r3, [r4, #0]
20000bc6:	7013      	strb	r3, [r2, #0]
20000bc8:	2f00      	cmp	r7, #0
20000bca:	d005      	beq.n	20000bd8 <sync_ep_buffer+0x88>
20000bcc:	7863      	ldrb	r3, [r4, #1]
20000bce:	7053      	strb	r3, [r2, #1]
20000bd0:	2f01      	cmp	r7, #1
20000bd2:	d001      	beq.n	20000bd8 <sync_ep_buffer+0x88>
20000bd4:	78a3      	ldrb	r3, [r4, #2]
20000bd6:	7093      	strb	r3, [r2, #2]
20000bd8:	692a      	ldr	r2, [r5, #16]
20000bda:	8aeb      	ldrh	r3, [r5, #22]
20000bdc:	1812      	adds	r2, r2, r0
20000bde:	18c3      	adds	r3, r0, r3
20000be0:	82eb      	strh	r3, [r5, #22]
20000be2:	612a      	str	r2, [r5, #16]
20000be4:	e7c3      	b.n	20000b6e <sync_ep_buffer+0x1e>
20000be6:	2300      	movs	r3, #0
20000be8:	5ce1      	ldrb	r1, [r4, r3]
20000bea:	54d1      	strb	r1, [r2, r3]
20000bec:	3301      	adds	r3, #1
20000bee:	4298      	cmp	r0, r3
20000bf0:	d1fa      	bne.n	20000be8 <sync_ep_buffer+0x98>
20000bf2:	692a      	ldr	r2, [r5, #16]
20000bf4:	e7f1      	b.n	20000bda <sync_ep_buffer+0x8a>
20000bf6:	46c0      	nop			@ (mov r8, r8)

20000bf8 <_hw_endpoint_xfer_sync>:
20000bf8:	b510      	push	{r4, lr}
20000bfa:	2200      	movs	r2, #0
20000bfc:	0004      	movs	r4, r0
20000bfe:	4b0a      	ldr	r3, [pc, #40]	@ (20000c28 <_hw_endpoint_xfer_sync+0x30>)
20000c00:	446b      	add	r3, sp
20000c02:	601a      	str	r2, [r3, #0]
20000c04:	6883      	ldr	r3, [r0, #8]
20000c06:	2100      	movs	r1, #0
20000c08:	681b      	ldr	r3, [r3, #0]
20000c0a:	f7ff ffa1 	bl	20000b50 <sync_ep_buffer>
20000c0e:	6863      	ldr	r3, [r4, #4]
20000c10:	681b      	ldr	r3, [r3, #0]
20000c12:	005b      	lsls	r3, r3, #1
20000c14:	d502      	bpl.n	20000c1c <_hw_endpoint_xfer_sync+0x24>
20000c16:	8b23      	ldrh	r3, [r4, #24]
20000c18:	4283      	cmp	r3, r0
20000c1a:	d000      	beq.n	20000c1e <_hw_endpoint_xfer_sync+0x26>
20000c1c:	bd10      	pop	{r4, pc}
20000c1e:	2101      	movs	r1, #1
20000c20:	0020      	movs	r0, r4
20000c22:	f7ff ff95 	bl	20000b50 <sync_ep_buffer>
20000c26:	e7f9      	b.n	20000c1c <_hw_endpoint_xfer_sync+0x24>
20000c28:	ffffeed8 	.word	0xffffeed8

20000c2c <e15_is_bulkin_ep>:
20000c2c:	4a08      	ldr	r2, [pc, #32]	@ (20000c50 <e15_is_bulkin_ep+0x24>)
20000c2e:	0003      	movs	r3, r0
20000c30:	6c12      	ldr	r2, [r2, #64]	@ 0x40
20000c32:	2000      	movs	r0, #0
20000c34:	0792      	lsls	r2, r2, #30
20000c36:	d403      	bmi.n	20000c40 <e15_is_bulkin_ep+0x14>
20000c38:	789a      	ldrb	r2, [r3, #2]
20000c3a:	09d2      	lsrs	r2, r2, #7
20000c3c:	2a01      	cmp	r2, #1
20000c3e:	d000      	beq.n	20000c42 <e15_is_bulkin_ep+0x16>
20000c40:	4770      	bx	lr
20000c42:	7ed8      	ldrb	r0, [r3, #27]
20000c44:	3802      	subs	r0, #2
20000c46:	4243      	negs	r3, r0
20000c48:	4158      	adcs	r0, r3
20000c4a:	b2c0      	uxtb	r0, r0
20000c4c:	e7f8      	b.n	20000c40 <e15_is_bulkin_ep+0x14>
20000c4e:	46c0      	nop			@ (mov r8, r8)
20000c50:	50110000 	.word	0x50110000

20000c54 <e15_is_critical_frame_period>:
20000c54:	b510      	push	{r4, lr}
20000c56:	2400      	movs	r4, #0
20000c58:	4b09      	ldr	r3, [pc, #36]	@ (20000c80 <e15_is_critical_frame_period+0x2c>)
20000c5a:	446b      	add	r3, sp
20000c5c:	601c      	str	r4, [r3, #0]
20000c5e:	f7ff ffe5 	bl	20000c2c <e15_is_bulkin_ep>
20000c62:	2800      	cmp	r0, #0
20000c64:	d00b      	beq.n	20000c7e <e15_is_critical_frame_period+0x2a>
20000c66:	4907      	ldr	r1, [pc, #28]	@ (20000c84 <e15_is_critical_frame_period+0x30>)
20000c68:	4b07      	ldr	r3, [pc, #28]	@ (20000c88 <e15_is_critical_frame_period+0x34>)
20000c6a:	468c      	mov	ip, r1
20000c6c:	4a07      	ldr	r2, [pc, #28]	@ (20000c8c <e15_is_critical_frame_period+0x38>)
20000c6e:	6a9b      	ldr	r3, [r3, #40]	@ 0x28
20000c70:	6812      	ldr	r2, [r2, #0]
20000c72:	4463      	add	r3, ip
20000c74:	1a9b      	subs	r3, r3, r2
20000c76:	22c6      	movs	r2, #198	@ 0xc6
20000c78:	429a      	cmp	r2, r3
20000c7a:	4164      	adcs	r4, r4
20000c7c:	b2e0      	uxtb	r0, r4
20000c7e:	bd10      	pop	{r4, pc}
20000c80:	ffffeed8 	.word	0xffffeed8
20000c84:	fffffce0 	.word	0xfffffce0
20000c88:	40054000 	.word	0x40054000
20000c8c:	2000213c 	.word	0x2000213c

20000c90 <hw_endpoint_reset_transfer>:
20000c90:	2300      	movs	r3, #0
20000c92:	7683      	strb	r3, [r0, #26]
20000c94:	6143      	str	r3, [r0, #20]
20000c96:	6103      	str	r3, [r0, #16]
20000c98:	4770      	bx	lr
20000c9a:	46c0      	nop			@ (mov r8, r8)

20000c9c <_hw_endpoint_buffer_control_update32>:
20000c9c:	b510      	push	{r4, lr}
20000c9e:	2400      	movs	r4, #0
20000ca0:	4b11      	ldr	r3, [pc, #68]	@ (20000ce8 <_hw_endpoint_buffer_control_update32+0x4c>)
20000ca2:	446b      	add	r3, sp
20000ca4:	601c      	str	r4, [r3, #0]
20000ca6:	6883      	ldr	r3, [r0, #8]
20000ca8:	2900      	cmp	r1, #0
20000caa:	d001      	beq.n	20000cb0 <_hw_endpoint_buffer_control_update32+0x14>
20000cac:	681c      	ldr	r4, [r3, #0]
20000cae:	4021      	ands	r1, r4
20000cb0:	2a00      	cmp	r2, #0
20000cb2:	d012      	beq.n	20000cda <_hw_endpoint_buffer_control_update32+0x3e>
20000cb4:	2480      	movs	r4, #128	@ 0x80
20000cb6:	00e4      	lsls	r4, r4, #3
20000cb8:	4311      	orrs	r1, r2
20000cba:	4222      	tst	r2, r4
20000cbc:	d00d      	beq.n	20000cda <_hw_endpoint_buffer_control_update32+0x3e>
20000cbe:	681a      	ldr	r2, [r3, #0]
20000cc0:	4222      	tst	r2, r4
20000cc2:	d10c      	bne.n	20000cde <_hw_endpoint_buffer_control_update32+0x42>
20000cc4:	4a09      	ldr	r2, [pc, #36]	@ (20000cec <_hw_endpoint_buffer_control_update32+0x50>)
20000cc6:	400a      	ands	r2, r1
20000cc8:	601a      	str	r2, [r3, #0]
20000cca:	4a09      	ldr	r2, [pc, #36]	@ (20000cf0 <_hw_endpoint_buffer_control_update32+0x54>)
20000ccc:	6c12      	ldr	r2, [r2, #64]	@ 0x40
20000cce:	0792      	lsls	r2, r2, #30
20000cd0:	d403      	bmi.n	20000cda <_hw_endpoint_buffer_control_update32+0x3e>
20000cd2:	230c      	movs	r3, #12
20000cd4:	3b03      	subs	r3, #3
20000cd6:	d2fd      	bcs.n	20000cd4 <_hw_endpoint_buffer_control_update32+0x38>
20000cd8:	6883      	ldr	r3, [r0, #8]
20000cda:	6019      	str	r1, [r3, #0]
20000cdc:	bd10      	pop	{r4, pc}
20000cde:	7881      	ldrb	r1, [r0, #2]
20000ce0:	4804      	ldr	r0, [pc, #16]	@ (20000cf4 <_hw_endpoint_buffer_control_update32+0x58>)
20000ce2:	f000 f97d 	bl	20000fe0 <__panic_veneer>
20000ce6:	46c0      	nop			@ (mov r8, r8)
20000ce8:	ffffeed8 	.word	0xffffeed8
20000cec:	fffffbff 	.word	0xfffffbff
20000cf0:	50110000 	.word	0x50110000
20000cf4:	100084d0 	.word	0x100084d0

20000cf8 <hw_endpoint_start_next_buffer>:
20000cf8:	b570      	push	{r4, r5, r6, lr}
20000cfa:	2200      	movs	r2, #0
20000cfc:	0004      	movs	r4, r0
20000cfe:	4b18      	ldr	r3, [pc, #96]	@ (20000d60 <hw_endpoint_start_next_buffer+0x68>)
20000d00:	446b      	add	r3, sp
20000d02:	601a      	str	r2, [r3, #0]
20000d04:	6843      	ldr	r3, [r0, #4]
20000d06:	2100      	movs	r1, #0
20000d08:	2580      	movs	r5, #128	@ 0x80
20000d0a:	681e      	ldr	r6, [r3, #0]
20000d0c:	f7ff feb0 	bl	20000a70 <prepare_ep_buffer>
20000d10:	4b14      	ldr	r3, [pc, #80]	@ (20000d64 <hw_endpoint_start_next_buffer+0x6c>)
20000d12:	016d      	lsls	r5, r5, #5
20000d14:	6c1b      	ldr	r3, [r3, #64]	@ 0x40
20000d16:	4305      	orrs	r5, r0
20000d18:	079b      	lsls	r3, r3, #30
20000d1a:	d50f      	bpl.n	20000d3c <hw_endpoint_start_next_buffer+0x44>
20000d1c:	78a3      	ldrb	r3, [r4, #2]
20000d1e:	065b      	lsls	r3, r3, #25
20000d20:	d00f      	beq.n	20000d42 <hw_endpoint_start_next_buffer+0x4a>
20000d22:	4b11      	ldr	r3, [pc, #68]	@ (20000d68 <hw_endpoint_start_next_buffer+0x70>)
20000d24:	401e      	ands	r6, r3
20000d26:	2380      	movs	r3, #128	@ 0x80
20000d28:	059b      	lsls	r3, r3, #22
20000d2a:	4333      	orrs	r3, r6
20000d2c:	6862      	ldr	r2, [r4, #4]
20000d2e:	2100      	movs	r1, #0
20000d30:	6013      	str	r3, [r2, #0]
20000d32:	0020      	movs	r0, r4
20000d34:	002a      	movs	r2, r5
20000d36:	f7ff ffb1 	bl	20000c9c <_hw_endpoint_buffer_control_update32>
20000d3a:	bd70      	pop	{r4, r5, r6, pc}
20000d3c:	78a3      	ldrb	r3, [r4, #2]
20000d3e:	09db      	lsrs	r3, r3, #7
20000d40:	d0ef      	beq.n	20000d22 <hw_endpoint_start_next_buffer+0x2a>
20000d42:	8aa3      	ldrh	r3, [r4, #20]
20000d44:	2b00      	cmp	r3, #0
20000d46:	d0ec      	beq.n	20000d22 <hw_endpoint_start_next_buffer+0x2a>
20000d48:	2101      	movs	r1, #1
20000d4a:	0020      	movs	r0, r4
20000d4c:	f7ff fe90 	bl	20000a70 <prepare_ep_buffer>
20000d50:	23a0      	movs	r3, #160	@ 0xa0
20000d52:	4a06      	ldr	r2, [pc, #24]	@ (20000d6c <hw_endpoint_start_next_buffer+0x74>)
20000d54:	05db      	lsls	r3, r3, #23
20000d56:	4032      	ands	r2, r6
20000d58:	4305      	orrs	r5, r0
20000d5a:	4313      	orrs	r3, r2
20000d5c:	e7e6      	b.n	20000d2c <hw_endpoint_start_next_buffer+0x34>
20000d5e:	46c0      	nop			@ (mov r8, r8)
20000d60:	ffffeed8 	.word	0xffffeed8
20000d64:	50110000 	.word	0x50110000
20000d68:	afffffff 	.word	0xafffffff
20000d6c:	dfffffff 	.word	0xdfffffff

20000d70 <hw_endpoint_xfer_continue>:
20000d70:	b570      	push	{r4, r5, r6, lr}
20000d72:	2200      	movs	r2, #0
20000d74:	0004      	movs	r4, r0
20000d76:	4b0f      	ldr	r3, [pc, #60]	@ (20000db4 <hw_endpoint_xfer_continue+0x44>)
20000d78:	446b      	add	r3, sp
20000d7a:	601a      	str	r2, [r3, #0]
20000d7c:	7e85      	ldrb	r5, [r0, #26]
20000d7e:	2d00      	cmp	r5, #0
20000d80:	d014      	beq.n	20000dac <hw_endpoint_xfer_continue+0x3c>
20000d82:	f7ff ff39 	bl	20000bf8 <_hw_endpoint_xfer_sync>
20000d86:	8aa3      	ldrh	r3, [r4, #20]
20000d88:	2b00      	cmp	r3, #0
20000d8a:	d101      	bne.n	20000d90 <hw_endpoint_xfer_continue+0x20>
20000d8c:	0028      	movs	r0, r5
20000d8e:	bd70      	pop	{r4, r5, r6, pc}
20000d90:	0020      	movs	r0, r4
20000d92:	f7ff ff5f 	bl	20000c54 <e15_is_critical_frame_period>
20000d96:	2800      	cmp	r0, #0
20000d98:	d003      	beq.n	20000da2 <hw_endpoint_xfer_continue+0x32>
20000d9a:	2301      	movs	r3, #1
20000d9c:	2500      	movs	r5, #0
20000d9e:	7723      	strb	r3, [r4, #28]
20000da0:	e7f4      	b.n	20000d8c <hw_endpoint_xfer_continue+0x1c>
20000da2:	0020      	movs	r0, r4
20000da4:	f7ff ffa8 	bl	20000cf8 <hw_endpoint_start_next_buffer>
20000da8:	2500      	movs	r5, #0
20000daa:	e7ef      	b.n	20000d8c <hw_endpoint_xfer_continue+0x1c>
20000dac:	7881      	ldrb	r1, [r0, #2]
20000dae:	4802      	ldr	r0, [pc, #8]	@ (20000db8 <hw_endpoint_xfer_continue+0x48>)
20000db0:	f000 f916 	bl	20000fe0 <__panic_veneer>
20000db4:	ffffeed8 	.word	0xffffeed8
20000db8:	100084f0 	.word	0x100084f0

20000dbc <dcd_event_handler>:
20000dbc:	b5f0      	push	{r4, r5, r6, r7, lr}
20000dbe:	46ce      	mov	lr, r9
20000dc0:	4647      	mov	r7, r8
20000dc2:	2200      	movs	r2, #0
20000dc4:	0005      	movs	r5, r0
20000dc6:	000e      	movs	r6, r1
20000dc8:	b580      	push	{r7, lr}
20000dca:	4b6f      	ldr	r3, [pc, #444]	@ (20000f88 <dcd_event_handler+0x1cc>)
20000dcc:	b085      	sub	sp, #20
20000dce:	446b      	add	r3, sp
20000dd0:	601a      	str	r2, [r3, #0]
20000dd2:	7843      	ldrb	r3, [r0, #1]
20000dd4:	2b06      	cmp	r3, #6
20000dd6:	d808      	bhi.n	20000dea <dcd_event_handler+0x2e>
20000dd8:	4a6c      	ldr	r2, [pc, #432]	@ (20000f8c <dcd_event_handler+0x1d0>)
20000dda:	009b      	lsls	r3, r3, #2
20000ddc:	58d3      	ldr	r3, [r2, r3]
20000dde:	469f      	mov	pc, r3
20000de0:	4a6b      	ldr	r2, [pc, #428]	@ (20000f90 <dcd_event_handler+0x1d4>)
20000de2:	7813      	ldrb	r3, [r2, #0]
20000de4:	3301      	adds	r3, #1
20000de6:	b2db      	uxtb	r3, r3
20000de8:	7013      	strb	r3, [r2, #0]
20000dea:	4b6a      	ldr	r3, [pc, #424]	@ (20000f94 <dcd_event_handler+0x1d8>)
20000dec:	681c      	ldr	r4, [r3, #0]
20000dee:	6962      	ldr	r2, [r4, #20]
20000df0:	f3ef 8110 	mrs	r1, PRIMASK
20000df4:	b672      	cpsid	i
20000df6:	6813      	ldr	r3, [r2, #0]
20000df8:	2b00      	cmp	r3, #0
20000dfa:	d0fc      	beq.n	20000df6 <dcd_event_handler+0x3a>
20000dfc:	f3bf 8f5f 	dmb	sy
20000e00:	61a1      	str	r1, [r4, #24]
20000e02:	0020      	movs	r0, r4
20000e04:	0029      	movs	r1, r5
20000e06:	f000 f8e3 	bl	20000fd0 <__tu_fifo_write_veneer>
20000e0a:	6962      	ldr	r2, [r4, #20]
20000e0c:	69a3      	ldr	r3, [r4, #24]
20000e0e:	f3bf 8f5f 	dmb	sy
20000e12:	2100      	movs	r1, #0
20000e14:	6011      	str	r1, [r2, #0]
20000e16:	f383 8810 	msr	PRIMASK, r3
20000e1a:	2800      	cmp	r0, #0
20000e1c:	d104      	bne.n	20000e28 <dcd_event_handler+0x6c>
20000e1e:	b005      	add	sp, #20
20000e20:	bcc0      	pop	{r6, r7}
20000e22:	46b9      	mov	r9, r7
20000e24:	46b0      	mov	r8, r6
20000e26:	bdf0      	pop	{r4, r5, r6, r7, pc}
20000e28:	0032      	movs	r2, r6
20000e2a:	7869      	ldrb	r1, [r5, #1]
20000e2c:	7828      	ldrb	r0, [r5, #0]
20000e2e:	f000 f8bf 	bl	20000fb0 <__tud_event_hook_cb_veneer>
20000e32:	e7f4      	b.n	20000e1e <dcd_event_handler+0x62>
20000e34:	2101      	movs	r1, #1
20000e36:	4b58      	ldr	r3, [pc, #352]	@ (20000f98 <dcd_event_handler+0x1dc>)
20000e38:	781a      	ldrb	r2, [r3, #0]
20000e3a:	438a      	bics	r2, r1
20000e3c:	701a      	strb	r2, [r3, #0]
20000e3e:	781a      	ldrb	r2, [r3, #0]
20000e40:	3101      	adds	r1, #1
20000e42:	438a      	bics	r2, r1
20000e44:	701a      	strb	r2, [r3, #0]
20000e46:	2200      	movs	r2, #0
20000e48:	705a      	strb	r2, [r3, #1]
20000e4a:	781a      	ldrb	r2, [r3, #0]
20000e4c:	3102      	adds	r1, #2
20000e4e:	438a      	bics	r2, r1
20000e50:	701a      	strb	r2, [r3, #0]
20000e52:	e7ca      	b.n	20000dea <dcd_event_handler+0x2e>
20000e54:	4b51      	ldr	r3, [pc, #324]	@ (20000f9c <dcd_event_handler+0x1e0>)
20000e56:	4f52      	ldr	r7, [pc, #328]	@ (20000fa0 <dcd_event_handler+0x1e4>)
20000e58:	4699      	mov	r9, r3
20000e5a:	4b52      	ldr	r3, [pc, #328]	@ (20000fa4 <dcd_event_handler+0x1e8>)
20000e5c:	2400      	movs	r4, #0
20000e5e:	4698      	mov	r8, r3
20000e60:	783a      	ldrb	r2, [r7, #0]
20000e62:	e010      	b.n	20000e86 <dcd_event_handler+0xca>
20000e64:	4643      	mov	r3, r8
20000e66:	681b      	ldr	r3, [r3, #0]
20000e68:	0161      	lsls	r1, r4, #5
20000e6a:	185b      	adds	r3, r3, r1
20000e6c:	2b00      	cmp	r3, #0
20000e6e:	d006      	beq.n	20000e7e <dcd_event_handler+0xc2>
20000e70:	69db      	ldr	r3, [r3, #28]
20000e72:	2b00      	cmp	r3, #0
20000e74:	d003      	beq.n	20000e7e <dcd_event_handler+0xc2>
20000e76:	6869      	ldr	r1, [r5, #4]
20000e78:	7828      	ldrb	r0, [r5, #0]
20000e7a:	4798      	blx	r3
20000e7c:	783a      	ldrb	r2, [r7, #0]
20000e7e:	3401      	adds	r4, #1
20000e80:	b2e4      	uxtb	r4, r4
20000e82:	4294      	cmp	r4, r2
20000e84:	d817      	bhi.n	20000eb6 <dcd_event_handler+0xfa>
20000e86:	42a2      	cmp	r2, r4
20000e88:	d8ec      	bhi.n	20000e64 <dcd_event_handler+0xa8>
20000e8a:	1aa3      	subs	r3, r4, r2
20000e8c:	015b      	lsls	r3, r3, #5
20000e8e:	444b      	add	r3, r9
20000e90:	e7ee      	b.n	20000e70 <dcd_event_handler+0xb4>
20000e92:	4b41      	ldr	r3, [pc, #260]	@ (20000f98 <dcd_event_handler+0x1dc>)
20000e94:	781a      	ldrb	r2, [r3, #0]
20000e96:	07d2      	lsls	r2, r2, #31
20000e98:	d5c1      	bpl.n	20000e1e <dcd_event_handler+0x62>
20000e9a:	2104      	movs	r1, #4
20000e9c:	781a      	ldrb	r2, [r3, #0]
20000e9e:	430a      	orrs	r2, r1
20000ea0:	701a      	strb	r2, [r3, #0]
20000ea2:	e7a2      	b.n	20000dea <dcd_event_handler+0x2e>
20000ea4:	4b3c      	ldr	r3, [pc, #240]	@ (20000f98 <dcd_event_handler+0x1dc>)
20000ea6:	781a      	ldrb	r2, [r3, #0]
20000ea8:	07d2      	lsls	r2, r2, #31
20000eaa:	d5b8      	bpl.n	20000e1e <dcd_event_handler+0x62>
20000eac:	2104      	movs	r1, #4
20000eae:	781a      	ldrb	r2, [r3, #0]
20000eb0:	438a      	bics	r2, r1
20000eb2:	701a      	strb	r2, [r3, #0]
20000eb4:	e799      	b.n	20000dea <dcd_event_handler+0x2e>
20000eb6:	4f38      	ldr	r7, [pc, #224]	@ (20000f98 <dcd_event_handler+0x1dc>)
20000eb8:	783b      	ldrb	r3, [r7, #0]
20000eba:	075b      	lsls	r3, r3, #29
20000ebc:	d52b      	bpl.n	20000f16 <dcd_event_handler+0x15a>
20000ebe:	2204      	movs	r2, #4
20000ec0:	783b      	ldrb	r3, [r7, #0]
20000ec2:	2100      	movs	r1, #0
20000ec4:	4393      	bics	r3, r2
20000ec6:	703b      	strb	r3, [r7, #0]
20000ec8:	466b      	mov	r3, sp
20000eca:	3206      	adds	r2, #6
20000ecc:	1d98      	adds	r0, r3, #6
20000ece:	f000 f897 	bl	20001000 <____wrap_memset_veneer>
20000ed2:	782b      	ldrb	r3, [r5, #0]
20000ed4:	ac01      	add	r4, sp, #4
20000ed6:	7023      	strb	r3, [r4, #0]
20000ed8:	2305      	movs	r3, #5
20000eda:	7063      	strb	r3, [r4, #1]
20000edc:	4b2d      	ldr	r3, [pc, #180]	@ (20000f94 <dcd_event_handler+0x1d8>)
20000ede:	681b      	ldr	r3, [r3, #0]
20000ee0:	4698      	mov	r8, r3
20000ee2:	695a      	ldr	r2, [r3, #20]
20000ee4:	f3ef 8110 	mrs	r1, PRIMASK
20000ee8:	b672      	cpsid	i
20000eea:	6813      	ldr	r3, [r2, #0]
20000eec:	2b00      	cmp	r3, #0
20000eee:	d0fc      	beq.n	20000eea <dcd_event_handler+0x12e>
20000ef0:	f3bf 8f5f 	dmb	sy
20000ef4:	4643      	mov	r3, r8
20000ef6:	4640      	mov	r0, r8
20000ef8:	6199      	str	r1, [r3, #24]
20000efa:	0021      	movs	r1, r4
20000efc:	f000 f868 	bl	20000fd0 <__tu_fifo_write_veneer>
20000f00:	4643      	mov	r3, r8
20000f02:	695a      	ldr	r2, [r3, #20]
20000f04:	699b      	ldr	r3, [r3, #24]
20000f06:	f3bf 8f5f 	dmb	sy
20000f0a:	2100      	movs	r1, #0
20000f0c:	6011      	str	r1, [r2, #0]
20000f0e:	f383 8810 	msr	PRIMASK, r3
20000f12:	2800      	cmp	r0, #0
20000f14:	d131      	bne.n	20000f7a <dcd_event_handler+0x1be>
20000f16:	78fb      	ldrb	r3, [r7, #3]
20000f18:	07db      	lsls	r3, r3, #31
20000f1a:	d400      	bmi.n	20000f1e <dcd_event_handler+0x162>
20000f1c:	e77f      	b.n	20000e1e <dcd_event_handler+0x62>
20000f1e:	466b      	mov	r3, sp
20000f20:	220a      	movs	r2, #10
20000f22:	2100      	movs	r1, #0
20000f24:	1d98      	adds	r0, r3, #6
20000f26:	f000 f86b 	bl	20001000 <____wrap_memset_veneer>
20000f2a:	782b      	ldrb	r3, [r5, #0]
20000f2c:	ac01      	add	r4, sp, #4
20000f2e:	7023      	strb	r3, [r4, #0]
20000f30:	2303      	movs	r3, #3
20000f32:	7063      	strb	r3, [r4, #1]
20000f34:	686b      	ldr	r3, [r5, #4]
20000f36:	6063      	str	r3, [r4, #4]
20000f38:	4b16      	ldr	r3, [pc, #88]	@ (20000f94 <dcd_event_handler+0x1d8>)
20000f3a:	681d      	ldr	r5, [r3, #0]
20000f3c:	696a      	ldr	r2, [r5, #20]
20000f3e:	f3ef 8110 	mrs	r1, PRIMASK
20000f42:	b672      	cpsid	i
20000f44:	6813      	ldr	r3, [r2, #0]
20000f46:	2b00      	cmp	r3, #0
20000f48:	d0fc      	beq.n	20000f44 <dcd_event_handler+0x188>
20000f4a:	f3bf 8f5f 	dmb	sy
20000f4e:	61a9      	str	r1, [r5, #24]
20000f50:	0028      	movs	r0, r5
20000f52:	0021      	movs	r1, r4
20000f54:	f000 f83c 	bl	20000fd0 <__tu_fifo_write_veneer>
20000f58:	696a      	ldr	r2, [r5, #20]
20000f5a:	69ab      	ldr	r3, [r5, #24]
20000f5c:	f3bf 8f5f 	dmb	sy
20000f60:	2100      	movs	r1, #0
20000f62:	6011      	str	r1, [r2, #0]
20000f64:	f383 8810 	msr	PRIMASK, r3
20000f68:	2800      	cmp	r0, #0
20000f6a:	d100      	bne.n	20000f6e <dcd_event_handler+0x1b2>
20000f6c:	e757      	b.n	20000e1e <dcd_event_handler+0x62>
20000f6e:	0032      	movs	r2, r6
20000f70:	7861      	ldrb	r1, [r4, #1]
20000f72:	7820      	ldrb	r0, [r4, #0]
20000f74:	f000 f81c 	bl	20000fb0 <__tud_event_hook_cb_veneer>
20000f78:	e751      	b.n	20000e1e <dcd_event_handler+0x62>
20000f7a:	0032      	movs	r2, r6
20000f7c:	7861      	ldrb	r1, [r4, #1]
20000f7e:	7820      	ldrb	r0, [r4, #0]
20000f80:	f000 f816 	bl	20000fb0 <__tud_event_hook_cb_veneer>
20000f84:	e7c7      	b.n	20000f16 <dcd_event_handler+0x15a>
20000f86:	46c0      	nop			@ (mov r8, r8)
20000f88:	ffffeed8 	.word	0xffffeed8
20000f8c:	1000bd18 	.word	0x1000bd18
20000f90:	20002692 	.word	0x20002692
20000f94:	20001f34 	.word	0x20001f34
20000f98:	20001edc 	.word	0x20001edc
20000f9c:	1000bd34 	.word	0x1000bd34
20000fa0:	20002690 	.word	0x20002690
20000fa4:	20001dfc 	.word	0x20001dfc

20000fa8 <__aeabi_idiv0>:
20000fa8:	4770      	bx	lr
20000faa:	46c0      	nop			@ (mov r8, r8)
20000fac:	0000      	movs	r0, r0
	...

20000fb0 <__tud_event_hook_cb_veneer>:
20000fb0:	b401      	push	{r0}
20000fb2:	4802      	ldr	r0, [pc, #8]	@ (20000fbc <__tud_event_hook_cb_veneer+0xc>)
20000fb4:	4684      	mov	ip, r0
20000fb6:	bc01      	pop	{r0}
20000fb8:	4760      	bx	ip
20000fba:	bf00      	nop
20000fbc:	10006201 	.word	0x10006201

20000fc0 <____wrap___aeabi_lmul_veneer>:
20000fc0:	b401      	push	{r0}
20000fc2:	4802      	ldr	r0, [pc, #8]	@ (20000fcc <____wrap___aeabi_lmul_veneer+0xc>)
20000fc4:	4684      	mov	ip, r0
20000fc6:	bc01      	pop	{r0}
20000fc8:	4760      	bx	ip
20000fca:	bf00      	nop
20000fcc:	10003bbd 	.word	0x10003bbd

20000fd0 <__tu_fifo_write_veneer>:
20000fd0:	b401      	push	{r0}
20000fd2:	4802      	ldr	r0, [pc, #8]	@ (20000fdc <__tu_fifo_write_veneer+0xc>)
20000fd4:	4684      	mov	ip, r0
20000fd6:	bc01      	pop	{r0}
20000fd8:	4760      	bx	ip
20000fda:	bf00      	nop
20000fdc:	10007509 	.word	0x10007509

20000fe0 <__panic_veneer>:
20000fe0:	b401      	push	{r0}
20000fe2:	4802      	ldr	r0, [pc, #8]	@ (20000fec <__panic_veneer+0xc>)
20000fe4:	4684      	mov	ip, r0
20000fe6:	bc01      	pop	{r0}
20000fe8:	4760      	bx	ip
20000fea:	bf00      	nop
20000fec:	1000181d 	.word	0x1000181d

20000ff0 <__rp2040_chip_version_veneer>:
20000ff0:	b401      	push	{r0}
20000ff2:	4802      	ldr	r0, [pc, #8]	@ (20000ffc <__rp2040_chip_version_veneer+0xc>)
20000ff4:	4684      	mov	ip, r0
20000ff6:	bc01      	pop	{r0}
20000ff8:	4760      	bx	ip
20000ffa:	bf00      	nop
20000ffc:	10001811 	.word	0x10001811

20001000 <____wrap_memset_veneer>:
20001000:	b401      	push	{r0}
20001002:	4802      	ldr	r0, [pc, #8]	@ (2000100c <____wrap_memset_veneer+0xc>)
20001004:	4684      	mov	ip, r0
20001006:	bc01      	pop	{r0}
20001008:	4760      	bx	ip
2000100a:	bf00      	nop
2000100c:	10003d89 	.word	0x10003d89

20001010 <__time_us_64_veneer>:
20001010:	b401      	push	{r0}
20001012:	4802      	ldr	r0, [pc, #8]	@ (2000101c <__time_us_64_veneer+0xc>)
20001014:	4684      	mov	ip, r0
20001016:	bc01      	pop	{r0}
20001018:	4760      	bx	ip
2000101a:	bf00      	nop
2000101c:	100027bd 	.word	0x100027bd

20001020 <__best_effort_wfe_or_timeout_veneer>:
20001020:	b401      	push	{r0}
20001022:	4802      	ldr	r0, [pc, #8]	@ (2000102c <__best_effort_wfe_or_timeout_veneer+0xc>)
20001024:	4684      	mov	ip, r0
20001026:	bc01      	pop	{r0}
20001028:	4760      	bx	ip
2000102a:	bf00      	nop
2000102c:	1000264d 	.word	0x1000264d

20001030 <string_desc_arr>:
20001030:	1000851c 1000836c 10008374 00000000     ....l...t.......

20001040 <current_isAM>:
20001040:	                                         .

20001041 <current_hour>:
20001041:	                                         ...

20001044 <key_map_noright>:
20001044:	050a1722 07090619 3d081521 1b201a3c     ".......!..=<. .
20001054:	141d0416 e31fe0e2 3b2b39e1 351e293a     .........9+;:).5
20001064:	6c6f6f6f 6a6b696f 736f5756 615e5b58     oooloikjVWosX[^a
20001074:	72556354 605d5a6f 7159626f 535f5c70     TcUroZ]`obYqp\_S
20001084:	6f6f6f6f 6f6f6f6f 6f6f6f6f 6f6f6f6f     oooooooooooooooo
20001094:	6f6f6f6f 6f6f6f6f 6f6f6f6f 6f6f6f6f     oooooooooooooooo
200010a4:	6f6f6f6f 6f6f6f6f 6f6f6f6f 6f6f6f6f     oooooooooooooooo
200010b4:	6f6f6f6f 6f6f6f6f                       oooooooo

200010bc <key_map_standard>:
200010bc:	050a1722 07090619 3d081521 1b201a3c     ".......!..=<. .
200010cc:	141d0416 e31fe0e2 3b2b39e1 351e293a     .........9+;:).5
200010dc:	6c6f6f6f 6a6b696f 496f6f4b 6f6f6f6f     oooloikjKooIoooo
200010ec:	4c6f4a4e 512a4f45 28315250 e7e4e544     NJoLEO*QPR1(D...
200010fc:	3438302e e62f2d42 37363327 120f1342     .084B-/.'367B...
2000110c:	0c0e2610 11250d41 400b1824 231c3e3f     .&..A.%.$..@?>.#
2000111c:	736f5756 615e5b58 72556354 605d5a6f     VWosX[^aTcUroZ]`
2000112c:	7159626f 535f5c70                       obYqp\_S

20001134 <striped_spin_lock_num>:
20001134:	00000010                                ....

20001138 <irq_handler_chain_slots>:
20001138:	00000000 	.word	0x00000000
2000113c:	00010000 	.word	0x00010000
	...
20001148:	00020000 	.word	0x00020000
	...
20001154:	00030000 	.word	0x00030000
	...
20001160:	00ff0000 	.word	0x00ff0000
20001164:	00000000 	.word	0x00000000

20001168 <irq_handler_chain_first_slot>:
20001168:	b501      	push	{r0, lr}
2000116a:	6848      	ldr	r0, [r1, #4]
2000116c:	3101      	adds	r1, #1
2000116e:	468e      	mov	lr, r1
20001170:	4700      	bx	r0

20001172 <irq_handler_chain_remove_tail>:
20001172:	4670      	mov	r0, lr
20001174:	3809      	subs	r0, #9
20001176:	4901      	ldr	r1, [pc, #4]	@ (2000117c <irq_handler_chain_remove_tail+0xa>)
20001178:	4788      	blx	r1
2000117a:	bd01      	pop	{r0, pc}
2000117c:	10001e55 	.word	0x10001e55

20001180 <default_alarm_pool>:
	...
20001194:	20001750 00000000 00000000              P.. ........

200011a0 <aeabi_bits_funcs>:
200011a0:	00003350 	.word	0x00003350
200011a4:	0000334c 	.word	0x0000334c
200011a8:	00003354 	.word	0x00003354
200011ac:	00003352 	.word	0x00003352

200011b0 <aeabi_bits_funcs_end>:
200011b0:	0000534d 	.word	0x0000534d
200011b4:	0000434d 	.word	0x0000434d
200011b8:	00003453 	.word	0x00003453
200011bc:	00003443 	.word	0x00003443

200011c0 <stdio_uart>:
200011c0:	10005ab9 10005bc5 10005b05 10005bd5     .Z...[...[...[..
200011d0:	00000000 00000100                       ........

200011d8 <_usbd_qdef>:
200011d8:	20001f38 000c0010 00000000 00000000     8.. ............
	...

200011f4 <_usbd_rhport>:
200011f4:	000000ff                                ....

200011f8 <i2c1_inst>:
200011f8:	40048000 00000000                       ...@....

20001200 <i2c0_inst>:
20001200:	40044000 00000000                       .@.@....

20001208 <_impure_ptr>:
20001208:	20001210 00000000                       ... ....

20001210 <_impure_data>:
20001210:	00000000 20001b2c 20001b94 20001bfc     ....,.. ... ... 
	...
200012a8:	00000001 00000000 abcd330e e66d1234     .........3..4.m.
200012b8:	0005deec 0000000b 00000000 00000000     ................
	...

20001330 <__malloc_sbrk_base>:
20001330:	ffffffff                                ....

20001334 <__malloc_trim_threshold>:
20001334:	00020000                                ....

20001338 <__malloc_av_>:
	...
20001340:	20001338 20001338 20001340 20001340     8.. 8.. @.. @.. 
20001350:	20001348 20001348 20001350 20001350     H.. H.. P.. P.. 
20001360:	20001358 20001358 20001360 20001360     X.. X.. `.. `.. 
20001370:	20001368 20001368 20001370 20001370     h.. h.. p.. p.. 
20001380:	20001378 20001378 20001380 20001380     x.. x.. ... ... 
20001390:	20001388 20001388 20001390 20001390     ... ... ... ... 
200013a0:	20001398 20001398 200013a0 200013a0     ... ... ... ... 
200013b0:	200013a8 200013a8 200013b0 200013b0     ... ... ... ... 
200013c0:	200013b8 200013b8 200013c0 200013c0     ... ... ... ... 
200013d0:	200013c8 200013c8 200013d0 200013d0     ... ... ... ... 
200013e0:	200013d8 200013d8 200013e0 200013e0     ... ... ... ... 
200013f0:	200013e8 200013e8 200013f0 200013f0     ... ... ... ... 
20001400:	200013f8 200013f8 20001400 20001400     ... ... ... ... 
20001410:	20001408 20001408 20001410 20001410     ... ... ... ... 
20001420:	20001418 20001418 20001420 20001420     ... ...  ..  .. 
20001430:	20001428 20001428 20001430 20001430     (.. (.. 0.. 0.. 
20001440:	20001438 20001438 20001440 20001440     8.. 8.. @.. @.. 
20001450:	20001448 20001448 20001450 20001450     H.. H.. P.. P.. 
20001460:	20001458 20001458 20001460 20001460     X.. X.. `.. `.. 
20001470:	20001468 20001468 20001470 20001470     h.. h.. p.. p.. 
20001480:	20001478 20001478 20001480 20001480     x.. x.. ... ... 
20001490:	20001488 20001488 20001490 20001490     ... ... ... ... 
200014a0:	20001498 20001498 200014a0 200014a0     ... ... ... ... 
200014b0:	200014a8 200014a8 200014b0 200014b0     ... ... ... ... 
200014c0:	200014b8 200014b8 200014c0 200014c0     ... ... ... ... 
200014d0:	200014c8 200014c8 200014d0 200014d0     ... ... ... ... 
200014e0:	200014d8 200014d8 200014e0 200014e0     ... ... ... ... 
200014f0:	200014e8 200014e8 200014f0 200014f0     ... ... ... ... 
20001500:	200014f8 200014f8 20001500 20001500     ... ... ... ... 
20001510:	20001508 20001508 20001510 20001510     ... ... ... ... 
20001520:	20001518 20001518 20001520 20001520     ... ...  ..  .. 
20001530:	20001528 20001528 20001530 20001530     (.. (.. 0.. 0.. 
20001540:	20001538 20001538 20001540 20001540     8.. 8.. @.. @.. 
20001550:	20001548 20001548 20001550 20001550     H.. H.. P.. P.. 
20001560:	20001558 20001558 20001560 20001560     X.. X.. `.. `.. 
20001570:	20001568 20001568 20001570 20001570     h.. h.. p.. p.. 
20001580:	20001578 20001578 20001580 20001580     x.. x.. ... ... 
20001590:	20001588 20001588 20001590 20001590     ... ... ... ... 
200015a0:	20001598 20001598 200015a0 200015a0     ... ... ... ... 
200015b0:	200015a8 200015a8 200015b0 200015b0     ... ... ... ... 
200015c0:	200015b8 200015b8 200015c0 200015c0     ... ... ... ... 
200015d0:	200015c8 200015c8 200015d0 200015d0     ... ... ... ... 
200015e0:	200015d8 200015d8 200015e0 200015e0     ... ... ... ... 
200015f0:	200015e8 200015e8 200015f0 200015f0     ... ... ... ... 
20001600:	200015f8 200015f8 20001600 20001600     ... ... ... ... 
20001610:	20001608 20001608 20001610 20001610     ... ... ... ... 
20001620:	20001618 20001618 20001620 20001620     ... ...  ..  .. 
20001630:	20001628 20001628 20001630 20001630     (.. (.. 0.. 0.. 
20001640:	20001638 20001638 20001640 20001640     8.. 8.. @.. @.. 
20001650:	20001648 20001648 20001650 20001650     H.. H.. P.. P.. 
20001660:	20001658 20001658 20001660 20001660     X.. X.. `.. `.. 
20001670:	20001668 20001668 20001670 20001670     h.. h.. p.. p.. 
20001680:	20001678 20001678 20001680 20001680     x.. x.. ... ... 
20001690:	20001688 20001688 20001690 20001690     ... ... ... ... 
200016a0:	20001698 20001698 200016a0 200016a0     ... ... ... ... 
200016b0:	200016a8 200016a8 200016b0 200016b0     ... ... ... ... 
200016c0:	200016b8 200016b8 200016c0 200016c0     ... ... ... ... 
200016d0:	200016c8 200016c8 200016d0 200016d0     ... ... ... ... 
200016e0:	200016d8 200016d8 200016e0 200016e0     ... ... ... ... 
200016f0:	200016e8 200016e8 200016f0 200016f0     ... ... ... ... 
20001700:	200016f8 200016f8 20001700 20001700     ... ... ... ... 
20001710:	20001708 20001708 20001710 20001710     ... ... ... ... 
20001720:	20001718 20001718 20001720 20001720     ... ...  ..  .. 
20001730:	20001728 20001728 20001730 20001730     (.. (.. 0.. 0.. 

20001740 <malloc_mutex>:
	...

20001748 <print_mutex>:
	...
